siteID,year,panom_br,tanom_br,panom_nb,tanom_nb
1LE4-01,2008,-39.32961538461541,-1.8251891551071893,-11.597692307692313,-1.7157319612205975
1LE4-01,2009,58.87038461538461,-2.821418663303909,77.6923076923077,-2.232112815215088
1LE4-01,2010,118.9703846153846,-1.3160088272383383,8.672307692307683,2.447637184784912
1LE4-01,2011,-1.5596153846153982,-1.9040416141235816,51.202307692307684,-1.7845294818817548
1LE4-01,2012,-42.4296153846154,0.9074337957124818,7.952307692307684,4.796582088366179
1LE4-01,2013,-7.319615384615389,-0.6268284993694841,14.592307692307685,-3.0673628152150885
1LE4-01,2014,95.44038461538463,-1.2917465321563704,46.42230769230768,-4.571862815215089
1LE4-01,2015,44.99038461538461,-0.33486128625472844,12.942307692307693,0.6649705181182454
1LE4-01,2016,78.68038461538464,0.8875977301387117,30.442307692307693,1.2066647329942783
1LE4-01,2017,-53.50961538461539,-0.41830390920554805,-5.467692307692303,1.1895538514515787
1LE4-01,2018,-34.15961538461539,3.1003846153846126,-46.83769230769231,-1.2642794818817544
1LE4-01,2019,-72.37961538461539,-0.7835498108448924,2.372307692307686,-2.9942794818817546
1LE4-01,2020,109.67038461538459,-0.07289407313997742,-14.357692307692318,0.1371606007628734
1LE4-01,2021,-58.109615384615395,1.9364501891551065,-34.88769230769231,2.2004705181182453
1LE4-01,2022,-13.689615384615394,-0.7730580075662061,119.24230769230768,-3.762946148548422
1LE4-01,2023,-84.8296153846154,3.3882534678436294,6.452307692307684,-1.9513628152150881
1LE4-02,2008,-39.75576923076923,-1.8333228247162658,-12.068846153846152,-1.7248096259800807
1LE4-02,2009,59.894230769230774,-2.8297162673392187,76.51115384615385,-2.240032077770714
1LE4-02,2010,118.85423076923075,-1.3218474148801995,8.571153846153848,2.428967922229286
1LE4-02,2011,-1.3757692307692366,-1.9161097099621678,49.66115384615385,-1.793032077770714
1LE4-02,2012,-42.75576923076923,0.9035624211853737,7.591153846153844,4.785025084763721
1LE4-02,2013,-8.665769230769229,-0.6331588902900371,13.921153846153842,-3.081365411104047
1LE4-02,2014,94.45423076923078,-1.298732660781841,43.38115384615385,-4.576032077770714
1LE4-02,2015,44.26423076923075,-0.33938839848675784,13.401153846153846,0.6650512555626193
1LE4-02,2016,77.99423076923074,0.8830706179066858,30.301153846153838,1.2051903740199195
1LE4-02,2017,-62.71576923076924,-0.42004413619167735,-3.0088461538461644,1.1813845888959527
1LE4-02,2018,-33.97576923076923,3.1029066834804553,-46.68884615384616,-1.2725320777707143
1LE4-02,2019,-72.84576923076924,-0.78856872635561,2.36115384615384,-3.0077820777707145
1LE4-02,2020,111.50423076923073,-0.07643757881462676,-15.61884615384615,0.12411599385463012
1LE4-02,2021,-58.43576923076924,1.9381525851197985,-34.99884615384616,2.1984679222292858
1LE4-02,2022,-14.21576923076924,-0.7738146279949554,117.95115384615384,-3.7737820777707136
1LE4-02,2023,-84.72576923076925,3.382414880201768,5.72115384615384,-1.965282077770714
1LE4-03,2008,-39.75576923076923,-1.8333228247162658,-12.068846153846152,-1.7248096259800807
1LE4-03,2009,59.894230769230774,-2.8297162673392187,76.51115384615385,-2.240032077770714
1LE4-03,2010,118.85423076923075,-1.3218474148801995,8.571153846153848,2.428967922229286
1LE4-03,2011,-1.3757692307692366,-1.9161097099621678,49.66115384615385,-1.793032077770714
1LE4-03,2012,-42.75576923076923,0.9035624211853737,7.591153846153844,4.785025084763721
1LE4-03,2013,-8.665769230769229,-0.6331588902900371,13.921153846153842,-3.081365411104047
1LE4-03,2014,94.45423076923078,-1.298732660781841,43.38115384615385,-4.576032077770714
1LE4-03,2015,44.26423076923075,-0.33938839848675784,13.401153846153846,0.6650512555626193
1LE4-03,2016,77.99423076923074,0.8830706179066858,30.301153846153838,1.2051903740199195
1LE4-03,2017,-62.71576923076924,-0.42004413619167735,-3.0088461538461644,1.1813845888959527
1LE4-03,2018,-33.97576923076923,3.1029066834804553,-46.68884615384616,-1.2725320777707143
1LE4-03,2019,-72.84576923076924,-0.78856872635561,2.36115384615384,-3.0077820777707145
1LE4-03,2020,111.50423076923073,-0.07643757881462676,-15.61884615384615,0.12411599385463012
1LE4-03,2021,-58.43576923076924,1.9381525851197985,-34.99884615384616,2.1984679222292858
1LE4-03,2022,-14.21576923076924,-0.7738146279949554,117.95115384615384,-3.7737820777707136
1LE4-03,2023,-84.72576923076925,3.382414880201768,5.72115384615384,-1.965282077770714
1LE4-04,2008,-39.75576923076923,-1.8333228247162658,-12.068846153846152,-1.7248096259800807
1LE4-04,2009,59.894230769230774,-2.8297162673392187,76.51115384615385,-2.240032077770714
1LE4-04,2010,118.85423076923075,-1.3218474148801995,8.571153846153848,2.428967922229286
1LE4-04,2011,-1.3757692307692366,-1.9161097099621678,49.66115384615385,-1.793032077770714
1LE4-04,2012,-42.75576923076923,0.9035624211853737,7.591153846153844,4.785025084763721
1LE4-04,2013,-8.665769230769229,-0.6331588902900371,13.921153846153842,-3.081365411104047
1LE4-04,2014,94.45423076923078,-1.298732660781841,43.38115384615385,-4.576032077770714
1LE4-04,2015,44.26423076923075,-0.33938839848675784,13.401153846153846,0.6650512555626193
1LE4-04,2016,77.99423076923074,0.8830706179066858,30.301153846153838,1.2051903740199195
1LE4-04,2017,-62.71576923076924,-0.42004413619167735,-3.0088461538461644,1.1813845888959527
1LE4-04,2018,-33.97576923076923,3.1029066834804553,-46.68884615384616,-1.2725320777707143
1LE4-04,2019,-72.84576923076924,-0.78856872635561,2.36115384615384,-3.0077820777707145
1LE4-04,2020,111.50423076923073,-0.07643757881462676,-15.61884615384615,0.12411599385463012
1LE4-04,2021,-58.43576923076924,1.9381525851197985,-34.99884615384616,2.1984679222292858
1LE4-04,2022,-14.21576923076924,-0.7738146279949554,117.95115384615384,-3.7737820777707136
1LE4-04,2023,-84.72576923076925,3.382414880201768,5.72115384615384,-1.965282077770714
1LE4-05,2008,-39.75576923076923,-1.8333228247162658,-12.068846153846152,-1.7248096259800807
1LE4-05,2009,59.894230769230774,-2.8297162673392187,76.51115384615385,-2.240032077770714
1LE4-05,2010,118.85423076923075,-1.3218474148801995,8.571153846153848,2.428967922229286
1LE4-05,2011,-1.3757692307692366,-1.9161097099621678,49.66115384615385,-1.793032077770714
1LE4-05,2012,-42.75576923076923,0.9035624211853737,7.591153846153844,4.785025084763721
1LE4-05,2013,-8.665769230769229,-0.6331588902900371,13.921153846153842,-3.081365411104047
1LE4-05,2014,94.45423076923078,-1.298732660781841,43.38115384615385,-4.576032077770714
1LE4-05,2015,44.26423076923075,-0.33938839848675784,13.401153846153846,0.6650512555626193
1LE4-05,2016,77.99423076923074,0.8830706179066858,30.301153846153838,1.2051903740199195
1LE4-05,2017,-62.71576923076924,-0.42004413619167735,-3.0088461538461644,1.1813845888959527
1LE4-05,2018,-33.97576923076923,3.1029066834804553,-46.68884615384616,-1.2725320777707143
1LE4-05,2019,-72.84576923076924,-0.78856872635561,2.36115384615384,-3.0077820777707145
1LE4-05,2020,111.50423076923073,-0.07643757881462676,-15.61884615384615,0.12411599385463012
1LE4-05,2021,-58.43576923076924,1.9381525851197985,-34.99884615384616,2.1984679222292858
1LE4-05,2022,-14.21576923076924,-0.7738146279949554,117.95115384615384,-3.7737820777707136
1LE4-05,2023,-84.72576923076925,3.382414880201768,5.72115384615384,-1.965282077770714
1LE4-06,2008,-40.628846153846155,-1.8300378310214391,-9.768461538461537,-1.7296341121000212
1LE4-06,2009,58.641153846153856,-2.835611601513243,75.78153846153847,-2.2498985749099387
1LE4-06,2010,119.52115384615382,-1.328398486759145,8.451538461538462,2.417434758423395
1LE4-06,2011,-2.2888461538461513,-1.9202017654476684,52.92153846153846,-1.8000652415766054
1LE4-06,2012,-44.31884615384615,0.8983228247162671,6.8615384615384585,4.788712995337995
1LE4-06,2013,-8.928846153846166,-0.6365952080706201,13.071538461538452,-3.095481908243272
1LE4-06,2014,97.27115384615388,-1.3034804539722593,41.90153846153845,-4.586398574909938
1LE4-06,2015,44.74115384615385,-0.34430012610340555,13.64153846153846,0.6686847584233947
1LE4-06,2016,76.62115384615385,0.8840605296343007,30.651538461538465,1.2030105159991522
1LE4-06,2017,-62.64884615384615,-0.4183984867591448,-10.458461538461535,1.172768091756728
1LE4-06,2018,-34.51884615384614,3.1063556116015114,-47.09846153846154,-1.2747319082432722
1LE4-06,2019,-73.57884615384616,-0.7941361916771754,1.501538461538459,-3.016398574909939
1LE4-06,2020,103.19115384615384,-0.07561160151324131,-15.598461538461535,0.12168820194956553
1LE4-06,2021,-59.268846153846155,1.9360277427490544,-36.00846153846154,2.2033514250900614
1LE4-06,2022,-15.438846153846157,-0.7761034047919289,117.15153846153845,-3.7778152415766053
1LE4-06,2023,-85.56884615384615,3.384880201765448,5.721538461538458,-1.9841485749099386
1LE4-07,2008,-39.75576923076923,-1.8333228247162658,-12.068846153846152,-1.7248096259800807
1LE4-07,2009,59.894230769230774,-2.8297162673392187,76.51115384615385,-2.240032077770714
1LE4-07,2010,118.85423076923075,-1.3218474148801995,8.571153846153848,2.428967922229286
1LE4-07,2011,-1.3757692307692366,-1.9161097099621678,49.66115384615385,-1.793032077770714
1LE4-07,2012,-42.75576923076923,0.9035624211853737,7.591153846153844,4.785025084763721
1LE4-07,2013,-8.665769230769229,-0.6331588902900371,13.921153846153842,-3.081365411104047
1LE4-07,2014,94.45423076923078,-1.298732660781841,43.38115384615385,-4.576032077770714
1LE4-07,2015,44.26423076923075,-0.33938839848675784,13.401153846153846,0.6650512555626193
1LE4-07,2016,77.99423076923074,0.8830706179066858,30.301153846153838,1.2051903740199195
1LE4-07,2017,-62.71576923076924,-0.42004413619167735,-3.0088461538461644,1.1813845888959527
1LE4-07,2018,-33.97576923076923,3.1029066834804553,-46.68884615384616,-1.2725320777707143
1LE4-07,2019,-72.84576923076924,-0.78856872635561,2.36115384615384,-3.0077820777707145
1LE4-07,2020,111.50423076923073,-0.07643757881462676,-15.61884615384615,0.12411599385463012
1LE4-07,2021,-58.43576923076924,1.9381525851197985,-34.99884615384616,2.1984679222292858
1LE4-07,2022,-14.21576923076924,-0.7738146279949554,117.95115384615384,-3.7737820777707136
1LE4-07,2023,-84.72576923076925,3.382414880201768,5.72115384615384,-1.965282077770714
1LE4-08,2008,-39.32961538461541,-1.8251891551071893,-11.597692307692313,-1.7157319612205975
1LE4-08,2009,58.87038461538461,-2.821418663303909,77.6923076923077,-2.232112815215088
1LE4-08,2010,118.9703846153846,-1.3160088272383383,8.672307692307683,2.447637184784912
1LE4-08,2011,-1.5596153846153982,-1.9040416141235816,51.202307692307684,-1.7845294818817548
1LE4-08,2012,-42.4296153846154,0.9074337957124818,7.952307692307684,4.796582088366179
1LE4-08,2013,-7.319615384615389,-0.6268284993694841,14.592307692307685,-3.0673628152150885
1LE4-08,2014,95.44038461538463,-1.2917465321563704,46.42230769230768,-4.571862815215089
1LE4-08,2015,44.99038461538461,-0.33486128625472844,12.942307692307693,0.6649705181182454
1LE4-08,2016,78.68038461538464,0.8875977301387117,30.442307692307693,1.2066647329942783
1LE4-08,2017,-53.50961538461539,-0.41830390920554805,-5.467692307692303,1.1895538514515787
1LE4-08,2018,-34.15961538461539,3.1003846153846126,-46.83769230769231,-1.2642794818817544
1LE4-08,2019,-72.37961538461539,-0.7835498108448924,2.372307692307686,-2.9942794818817546
1LE4-08,2020,109.67038461538459,-0.07289407313997742,-14.357692307692318,0.1371606007628734
1LE4-08,2021,-58.109615384615395,1.9364501891551065,-34.88769230769231,2.2004705181182453
1LE4-08,2022,-13.689615384615394,-0.7730580075662061,119.24230769230768,-3.762946148548422
1LE4-08,2023,-84.8296153846154,3.3882534678436294,6.452307692307684,-1.9513628152150881
1LE4-09,2008,-39.348846153846154,-1.8347477931904166,-11.42807692307693,-1.718110643144734
1LE4-09,2009,59.611153846153854,-2.822452711223203,77.81192307692307,-2.2288365384615387
1LE4-09,2010,118.09115384615384,-1.3173707440100877,8.941923076923075,2.442080128205128
1LE4-09,2011,-0.8188461538461524,-1.9109773013871383,51.61192307692308,-1.786503205128205
1LE4-09,2012,-41.20884615384614,0.9032849936948324,8.391923076923078,4.779162084127993
1LE4-09,2013,-8.548846153846142,-0.6349117276166432,15.331923076923076,-3.073169871794872
1LE4-09,2014,92.67115384615383,-1.296551071878941,44.73192307692308,-4.568086538461539
1LE4-09,2015,42.611153846153854,-0.3417969735182851,16.081923076923076,0.6555801282051283
1LE4-09,2016,77.98115384615383,0.8773833543505667,29.76192307692307,1.2017240675990677
1LE4-09,2017,-63.17884615384615,-0.42999369482976135,-2.4980769230769226,1.1858301282051282
1LE4-09,2018,-33.78884615384615,3.0896784363177794,-46.47807692307693,-1.2749198717948718
1LE4-09,2019,-72.66884615384615,-0.7914691046658255,3.0719230769230705,-3.0015032051282047
1LE4-09,2020,111.05115384615382,-0.08196090794451294,-14.518076923076933,0.12858357173129908
1LE4-09,2021,-58.498846153846145,1.9363997477931925,-34.24807692307693,2.1893301282051283
1LE4-09,2022,-13.038846153846151,-0.7755674653215614,118.89192307692308,-3.7715865384615386
1LE4-09,2023,-84.61884615384615,3.377547288776796,6.361923076923077,-1.9470865384615383
1LE4-10,2008,-39.348846153846154,-1.8347477931904166,-11.42807692307693,-1.718110643144734
1LE4-10,2009,59.611153846153854,-2.822452711223203,77.81192307692307,-2.2288365384615387
1LE4-10,2010,118.09115384615384,-1.3173707440100877,8.941923076923075,2.442080128205128
1LE4-10,2011,-0.8188461538461524,-1.9109773013871383,51.61192307692308,-1.786503205128205
1LE4-10,2012,-41.20884615384614,0.9032849936948324,8.391923076923078,4.779162084127993
1LE4-10,2013,-8.548846153846142,-0.6349117276166432,15.331923076923076,-3.073169871794872
1LE4-10,2014,92.67115384615383,-1.296551071878941,44.73192307692308,-4.568086538461539
1LE4-10,2015,42.611153846153854,-0.3417969735182851,16.081923076923076,0.6555801282051283
1LE4-10,2016,77.98115384615383,0.8773833543505667,29.76192307692307,1.2017240675990677
1LE4-10,2017,-63.17884615384615,-0.42999369482976135,-2.4980769230769226,1.1858301282051282
1LE4-10,2018,-33.78884615384615,3.0896784363177794,-46.47807692307693,-1.2749198717948718
1LE4-10,2019,-72.66884615384615,-0.7914691046658255,3.0719230769230705,-3.0015032051282047
1LE4-10,2020,111.05115384615382,-0.08196090794451294,-14.518076923076933,0.12858357173129908
1LE4-10,2021,-58.498846153846145,1.9363997477931925,-34.24807692307693,2.1893301282051283
1LE4-10,2022,-13.038846153846151,-0.7755674653215614,118.89192307692308,-3.7715865384615386
1LE4-10,2023,-84.61884615384615,3.377547288776796,6.361923076923077,-1.9470865384615383
1LE4-11,2008,-39.75576923076923,-1.8333228247162658,-12.068846153846152,-1.7248096259800807
1LE4-11,2009,59.894230769230774,-2.8297162673392187,76.51115384615385,-2.240032077770714
1LE4-11,2010,118.85423076923075,-1.3218474148801995,8.571153846153848,2.428967922229286
1LE4-11,2011,-1.3757692307692366,-1.9161097099621678,49.66115384615385,-1.793032077770714
1LE4-11,2012,-42.75576923076923,0.9035624211853737,7.591153846153844,4.785025084763721
1LE4-11,2013,-8.665769230769229,-0.6331588902900371,13.921153846153842,-3.081365411104047
1LE4-11,2014,94.45423076923078,-1.298732660781841,43.38115384615385,-4.576032077770714
1LE4-11,2015,44.26423076923075,-0.33938839848675784,13.401153846153846,0.6650512555626193
1LE4-11,2016,77.99423076923074,0.8830706179066858,30.301153846153838,1.2051903740199195
1LE4-11,2017,-62.71576923076924,-0.42004413619167735,-3.0088461538461644,1.1813845888959527
1LE4-11,2018,-33.97576923076923,3.1029066834804553,-46.68884615384616,-1.2725320777707143
1LE4-11,2019,-72.84576923076924,-0.78856872635561,2.36115384615384,-3.0077820777707145
1LE4-11,2020,111.50423076923073,-0.07643757881462676,-15.61884615384615,0.12411599385463012
1LE4-11,2021,-58.43576923076924,1.9381525851197985,-34.99884615384616,2.1984679222292858
1LE4-11,2022,-14.21576923076924,-0.7738146279949554,117.95115384615384,-3.7737820777707136
1LE4-11,2023,-84.72576923076925,3.382414880201768,5.72115384615384,-1.965282077770714
1LE4-12,2008,-39.75576923076923,-1.8333228247162658,-12.068846153846152,-1.7248096259800807
1LE4-12,2009,59.894230769230774,-2.8297162673392187,76.51115384615385,-2.240032077770714
1LE4-12,2010,118.85423076923075,-1.3218474148801995,8.571153846153848,2.428967922229286
1LE4-12,2011,-1.3757692307692366,-1.9161097099621678,49.66115384615385,-1.793032077770714
1LE4-12,2012,-42.75576923076923,0.9035624211853737,7.591153846153844,4.785025084763721
1LE4-12,2013,-8.665769230769229,-0.6331588902900371,13.921153846153842,-3.081365411104047
1LE4-12,2014,94.45423076923078,-1.298732660781841,43.38115384615385,-4.576032077770714
1LE4-12,2015,44.26423076923075,-0.33938839848675784,13.401153846153846,0.6650512555626193
1LE4-12,2016,77.99423076923074,0.8830706179066858,30.301153846153838,1.2051903740199195
1LE4-12,2017,-62.71576923076924,-0.42004413619167735,-3.0088461538461644,1.1813845888959527
1LE4-12,2018,-33.97576923076923,3.1029066834804553,-46.68884615384616,-1.2725320777707143
1LE4-12,2019,-72.84576923076924,-0.78856872635561,2.36115384615384,-3.0077820777707145
1LE4-12,2020,111.50423076923073,-0.07643757881462676,-15.61884615384615,0.12411599385463012
1LE4-12,2021,-58.43576923076924,1.9381525851197985,-34.99884615384616,2.1984679222292858
1LE4-12,2022,-14.21576923076924,-0.7738146279949554,117.95115384615384,-3.7737820777707136
1LE4-12,2023,-84.72576923076925,3.382414880201768,5.72115384615384,-1.965282077770714
1LE4-13,2008,-39.75576923076923,-1.8333228247162658,-12.068846153846152,-1.7248096259800807
1LE4-13,2009,59.894230769230774,-2.8297162673392187,76.51115384615385,-2.240032077770714
1LE4-13,2010,118.85423076923075,-1.3218474148801995,8.571153846153848,2.428967922229286
1LE4-13,2011,-1.3757692307692366,-1.9161097099621678,49.66115384615385,-1.793032077770714
1LE4-13,2012,-42.75576923076923,0.9035624211853737,7.591153846153844,4.785025084763721
1LE4-13,2013,-8.665769230769229,-0.6331588902900371,13.921153846153842,-3.081365411104047
1LE4-13,2014,94.45423076923078,-1.298732660781841,43.38115384615385,-4.576032077770714
1LE4-13,2015,44.26423076923075,-0.33938839848675784,13.401153846153846,0.6650512555626193
1LE4-13,2016,77.99423076923074,0.8830706179066858,30.301153846153838,1.2051903740199195
1LE4-13,2017,-62.71576923076924,-0.42004413619167735,-3.0088461538461644,1.1813845888959527
1LE4-13,2018,-33.97576923076923,3.1029066834804553,-46.68884615384616,-1.2725320777707143
1LE4-13,2019,-72.84576923076924,-0.78856872635561,2.36115384615384,-3.0077820777707145
1LE4-13,2020,111.50423076923073,-0.07643757881462676,-15.61884615384615,0.12411599385463012
1LE4-13,2021,-58.43576923076924,1.9381525851197985,-34.99884615384616,2.1984679222292858
1LE4-13,2022,-14.21576923076924,-0.7738146279949554,117.95115384615384,-3.7737820777707136
1LE4-13,2023,-84.72576923076925,3.382414880201768,5.72115384615384,-1.965282077770714
1LE4-14,2008,-39.75576923076923,-1.8333228247162658,-12.068846153846152,-1.7248096259800807
1LE4-14,2009,59.894230769230774,-2.8297162673392187,76.51115384615385,-2.240032077770714
1LE4-14,2010,118.85423076923075,-1.3218474148801995,8.571153846153848,2.428967922229286
1LE4-14,2011,-1.3757692307692366,-1.9161097099621678,49.66115384615385,-1.793032077770714
1LE4-14,2012,-42.75576923076923,0.9035624211853737,7.591153846153844,4.785025084763721
1LE4-14,2013,-8.665769230769229,-0.6331588902900371,13.921153846153842,-3.081365411104047
1LE4-14,2014,94.45423076923078,-1.298732660781841,43.38115384615385,-4.576032077770714
1LE4-14,2015,44.26423076923075,-0.33938839848675784,13.401153846153846,0.6650512555626193
1LE4-14,2016,77.99423076923074,0.8830706179066858,30.301153846153838,1.2051903740199195
1LE4-14,2017,-62.71576923076924,-0.42004413619167735,-3.0088461538461644,1.1813845888959527
1LE4-14,2018,-33.97576923076923,3.1029066834804553,-46.68884615384616,-1.2725320777707143
1LE4-14,2019,-72.84576923076924,-0.78856872635561,2.36115384615384,-3.0077820777707145
1LE4-14,2020,111.50423076923073,-0.07643757881462676,-15.61884615384615,0.12411599385463012
1LE4-14,2021,-58.43576923076924,1.9381525851197985,-34.99884615384616,2.1984679222292858
1LE4-14,2022,-14.21576923076924,-0.7738146279949554,117.95115384615384,-3.7737820777707136
1LE4-14,2023,-84.72576923076925,3.382414880201768,5.72115384615384,-1.965282077770714
1LE4-15,2008,-39.318076923076916,-1.8271374527112236,-11.176153846153852,-1.7091194903581266
1LE4-15,2009,59.191923076923075,-2.814678436317781,78.82384615384613,-2.2202530991735534
1LE4-15,2010,117.8519230769231,-1.3117276166456477,8.863846153846154,2.460163567493113
1LE4-15,2011,-1.5280769230769238,-1.8992686002522063,52.68384615384615,-1.7774197658402204
1LE4-15,2012,-41.45807692307693,0.9069609079445158,8.913846153846151,4.790467286501378
1LE4-15,2013,-7.93807692307692,-0.6287767969735185,15.733846153846144,-3.059503099173554
1LE4-15,2014,92.20192307692307,-1.2882849936948304,47.33384615384615,-4.564253099173554
1LE4-15,2015,44.02192307692309,-0.3368095838587628,12.473846153846154,0.6554969008264464
1LE4-15,2016,78.65192307692305,0.8820428751576301,30.013846153846146,1.2033598484848484
1LE4-15,2017,-54.588076923076926,-0.4289407313997451,-4.916153846153847,1.1938302341597797
1LE4-15,2018,-34.528076923076924,3.089092055485498,-46.73615384615385,-1.266836432506887
1LE4-15,2019,-72.64807692307691,-0.7871374527112209,2.903846153846146,-2.988753099173554
1LE4-15,2020,108.37192307692308,-0.07697351828499421,-14.316153846153853,0.1420375344352618
1LE4-15,2021,-58.49807692307692,1.9351576292559898,-34.306153846153855,2.19133023415978
1LE4-15,2022,-13.528076923076924,-0.7745145018915487,119.90384615384615,-3.7611697658402203
1LE4-15,2023,-85.15807692307692,3.3822068095838596,6.223846153846154,-1.9335030991735536
1LE4-16,2008,-39.348846153846154,-1.8347477931904166,-11.42807692307693,-1.718110643144734
1LE4-16,2009,59.611153846153854,-2.822452711223203,77.81192307692307,-2.2288365384615387
1LE4-16,2010,118.09115384615384,-1.3173707440100877,8.941923076923075,2.442080128205128
1LE4-16,2011,-0.8188461538461524,-1.9109773013871383,51.61192307692308,-1.786503205128205
1LE4-16,2012,-41.20884615384614,0.9032849936948324,8.391923076923078,4.779162084127993
1LE4-16,2013,-8.548846153846142,-0.6349117276166432,15.331923076923076,-3.073169871794872
1LE4-16,2014,92.67115384615383,-1.296551071878941,44.73192307692308,-4.568086538461539
1LE4-16,2015,42.611153846153854,-0.3417969735182851,16.081923076923076,0.6555801282051283
1LE4-16,2016,77.98115384615383,0.8773833543505667,29.76192307692307,1.2017240675990677
1LE4-16,2017,-63.17884615384615,-0.42999369482976135,-2.4980769230769226,1.1858301282051282
1LE4-16,2018,-33.78884615384615,3.0896784363177794,-46.47807692307693,-1.2749198717948718
1LE4-16,2019,-72.66884615384615,-0.7914691046658255,3.0719230769230705,-3.0015032051282047
1LE4-16,2020,111.05115384615382,-0.08196090794451294,-14.518076923076933,0.12858357173129908
1LE4-16,2021,-58.498846153846145,1.9363997477931925,-34.24807692307693,2.1893301282051283
1LE4-16,2022,-13.038846153846151,-0.7755674653215614,118.89192307692308,-3.7715865384615386
1LE4-16,2023,-84.61884615384615,3.377547288776796,6.361923076923077,-1.9470865384615383
1LE4-17,2008,-39.348846153846154,-1.8347477931904166,-11.42807692307693,-1.718110643144734
1LE4-17,2009,59.611153846153854,-2.822452711223203,77.81192307692307,-2.2288365384615387
1LE4-17,2010,118.09115384615384,-1.3173707440100877,8.941923076923075,2.442080128205128
1LE4-17,2011,-0.8188461538461524,-1.9109773013871383,51.61192307692308,-1.786503205128205
1LE4-17,2012,-41.20884615384614,0.9032849936948324,8.391923076923078,4.779162084127993
1LE4-17,2013,-8.548846153846142,-0.6349117276166432,15.331923076923076,-3.073169871794872
1LE4-17,2014,92.67115384615383,-1.296551071878941,44.73192307692308,-4.568086538461539
1LE4-17,2015,42.611153846153854,-0.3417969735182851,16.081923076923076,0.6555801282051283
1LE4-17,2016,77.98115384615383,0.8773833543505667,29.76192307692307,1.2017240675990677
1LE4-17,2017,-63.17884615384615,-0.42999369482976135,-2.4980769230769226,1.1858301282051282
1LE4-17,2018,-33.78884615384615,3.0896784363177794,-46.47807692307693,-1.2749198717948718
1LE4-17,2019,-72.66884615384615,-0.7914691046658255,3.0719230769230705,-3.0015032051282047
1LE4-17,2020,111.05115384615382,-0.08196090794451294,-14.518076923076933,0.12858357173129908
1LE4-17,2021,-58.498846153846145,1.9363997477931925,-34.24807692307693,2.1893301282051283
1LE4-17,2022,-13.038846153846151,-0.7755674653215614,118.89192307692308,-3.7715865384615386
1LE4-17,2023,-84.61884615384615,3.377547288776796,6.361923076923077,-1.9470865384615383
1LE4-18,2008,-39.348846153846154,-1.8347477931904166,-11.42807692307693,-1.718110643144734
1LE4-18,2009,59.611153846153854,-2.822452711223203,77.81192307692307,-2.2288365384615387
1LE4-18,2010,118.09115384615384,-1.3173707440100877,8.941923076923075,2.442080128205128
1LE4-18,2011,-0.8188461538461524,-1.9109773013871383,51.61192307692308,-1.786503205128205
1LE4-18,2012,-41.20884615384614,0.9032849936948324,8.391923076923078,4.779162084127993
1LE4-18,2013,-8.548846153846142,-0.6349117276166432,15.331923076923076,-3.073169871794872
1LE4-18,2014,92.67115384615383,-1.296551071878941,44.73192307692308,-4.568086538461539
1LE4-18,2015,42.611153846153854,-0.3417969735182851,16.081923076923076,0.6555801282051283
1LE4-18,2016,77.98115384615383,0.8773833543505667,29.76192307692307,1.2017240675990677
1LE4-18,2017,-63.17884615384615,-0.42999369482976135,-2.4980769230769226,1.1858301282051282
1LE4-18,2018,-33.78884615384615,3.0896784363177794,-46.47807692307693,-1.2749198717948718
1LE4-18,2019,-72.66884615384615,-0.7914691046658255,3.0719230769230705,-3.0015032051282047
1LE4-18,2020,111.05115384615382,-0.08196090794451294,-14.518076923076933,0.12858357173129908
1LE4-18,2021,-58.498846153846145,1.9363997477931925,-34.24807692307693,2.1893301282051283
1LE4-18,2022,-13.038846153846151,-0.7755674653215614,118.89192307692308,-3.7715865384615386
1LE4-18,2023,-84.61884615384615,3.377547288776796,6.361923076923077,-1.9470865384615383
1LE4-19,2008,-39.348846153846154,-1.8347477931904166,-11.42807692307693,-1.718110643144734
1LE4-19,2009,59.611153846153854,-2.822452711223203,77.81192307692307,-2.2288365384615387
1LE4-19,2010,118.09115384615384,-1.3173707440100877,8.941923076923075,2.442080128205128
1LE4-19,2011,-0.8188461538461524,-1.9109773013871383,51.61192307692308,-1.786503205128205
1LE4-19,2012,-41.20884615384614,0.9032849936948324,8.391923076923078,4.779162084127993
1LE4-19,2013,-8.548846153846142,-0.6349117276166432,15.331923076923076,-3.073169871794872
1LE4-19,2014,92.67115384615383,-1.296551071878941,44.73192307692308,-4.568086538461539
1LE4-19,2015,42.611153846153854,-0.3417969735182851,16.081923076923076,0.6555801282051283
1LE4-19,2016,77.98115384615383,0.8773833543505667,29.76192307692307,1.2017240675990677
1LE4-19,2017,-63.17884615384615,-0.42999369482976135,-2.4980769230769226,1.1858301282051282
1LE4-19,2018,-33.78884615384615,3.0896784363177794,-46.47807692307693,-1.2749198717948718
1LE4-19,2019,-72.66884615384615,-0.7914691046658255,3.0719230769230705,-3.0015032051282047
1LE4-19,2020,111.05115384615382,-0.08196090794451294,-14.518076923076933,0.12858357173129908
1LE4-19,2021,-58.498846153846145,1.9363997477931925,-34.24807692307693,2.1893301282051283
1LE4-19,2022,-13.038846153846151,-0.7755674653215614,118.89192307692308,-3.7715865384615386
1LE4-19,2023,-84.61884615384615,3.377547288776796,6.361923076923077,-1.9470865384615383
1LE4-20,2008,-39.348846153846154,-1.8347477931904166,-11.42807692307693,-1.718110643144734
1LE4-20,2009,59.611153846153854,-2.822452711223203,77.81192307692307,-2.2288365384615387
1LE4-20,2010,118.09115384615384,-1.3173707440100877,8.941923076923075,2.442080128205128
1LE4-20,2011,-0.8188461538461524,-1.9109773013871383,51.61192307692308,-1.786503205128205
1LE4-20,2012,-41.20884615384614,0.9032849936948324,8.391923076923078,4.779162084127993
1LE4-20,2013,-8.548846153846142,-0.6349117276166432,15.331923076923076,-3.073169871794872
1LE4-20,2014,92.67115384615383,-1.296551071878941,44.73192307692308,-4.568086538461539
1LE4-20,2015,42.611153846153854,-0.3417969735182851,16.081923076923076,0.6555801282051283
1LE4-20,2016,77.98115384615383,0.8773833543505667,29.76192307692307,1.2017240675990677
1LE4-20,2017,-63.17884615384615,-0.42999369482976135,-2.4980769230769226,1.1858301282051282
1LE4-20,2018,-33.78884615384615,3.0896784363177794,-46.47807692307693,-1.2749198717948718
1LE4-20,2019,-72.66884615384615,-0.7914691046658255,3.0719230769230705,-3.0015032051282047
1LE4-20,2020,111.05115384615382,-0.08196090794451294,-14.518076923076933,0.12858357173129908
1LE4-20,2021,-58.498846153846145,1.9363997477931925,-34.24807692307693,2.1893301282051283
1LE4-20,2022,-13.038846153846151,-0.7755674653215614,118.89192307692308,-3.7715865384615386
1LE4-20,2023,-84.61884615384615,3.377547288776796,6.361923076923077,-1.9470865384615383
1LE4-22,2008,-39.318076923076916,-1.8271374527112236,-11.176153846153852,-1.7091194903581266
1LE4-22,2009,59.191923076923075,-2.814678436317781,78.82384615384613,-2.2202530991735534
1LE4-22,2010,117.8519230769231,-1.3117276166456477,8.863846153846154,2.460163567493113
1LE4-22,2011,-1.5280769230769238,-1.8992686002522063,52.68384615384615,-1.7774197658402204
1LE4-22,2012,-41.45807692307693,0.9069609079445158,8.913846153846151,4.790467286501378
1LE4-22,2013,-7.93807692307692,-0.6287767969735185,15.733846153846144,-3.059503099173554
1LE4-22,2014,92.20192307692307,-1.2882849936948304,47.33384615384615,-4.564253099173554
1LE4-22,2015,44.02192307692309,-0.3368095838587628,12.473846153846154,0.6554969008264464
1LE4-22,2016,78.65192307692305,0.8820428751576301,30.013846153846146,1.2033598484848484
1LE4-22,2017,-54.588076923076926,-0.4289407313997451,-4.916153846153847,1.1938302341597797
1LE4-22,2018,-34.528076923076924,3.089092055485498,-46.73615384615385,-1.266836432506887
1LE4-22,2019,-72.64807692307691,-0.7871374527112209,2.903846153846146,-2.988753099173554
1LE4-22,2020,108.37192307692308,-0.07697351828499421,-14.316153846153853,0.1420375344352618
1LE4-22,2021,-58.49807692307692,1.9351576292559898,-34.306153846153855,2.19133023415978
1LE4-22,2022,-13.528076923076924,-0.7745145018915487,119.90384615384615,-3.7611697658402203
1LE4-22,2023,-85.15807692307692,3.3822068095838596,6.223846153846154,-1.9335030991735536
1LE4-23,2008,-39.318076923076916,-1.8271374527112236,-11.176153846153852,-1.7091194903581266
1LE4-23,2009,59.191923076923075,-2.814678436317781,78.82384615384613,-2.2202530991735534
1LE4-23,2010,117.8519230769231,-1.3117276166456477,8.863846153846154,2.460163567493113
1LE4-23,2011,-1.5280769230769238,-1.8992686002522063,52.68384615384615,-1.7774197658402204
1LE4-23,2012,-41.45807692307693,0.9069609079445158,8.913846153846151,4.790467286501378
1LE4-23,2013,-7.93807692307692,-0.6287767969735185,15.733846153846144,-3.059503099173554
1LE4-23,2014,92.20192307692307,-1.2882849936948304,47.33384615384615,-4.564253099173554
1LE4-23,2015,44.02192307692309,-0.3368095838587628,12.473846153846154,0.6554969008264464
1LE4-23,2016,78.65192307692305,0.8820428751576301,30.013846153846146,1.2033598484848484
1LE4-23,2017,-54.588076923076926,-0.4289407313997451,-4.916153846153847,1.1938302341597797
1LE4-23,2018,-34.528076923076924,3.089092055485498,-46.73615384615385,-1.266836432506887
1LE4-23,2019,-72.64807692307691,-0.7871374527112209,2.903846153846146,-2.988753099173554
1LE4-23,2020,108.37192307692308,-0.07697351828499421,-14.316153846153853,0.1420375344352618
1LE4-23,2021,-58.49807692307692,1.9351576292559898,-34.306153846153855,2.19133023415978
1LE4-23,2022,-13.528076923076924,-0.7745145018915487,119.90384615384615,-3.7611697658402203
1LE4-23,2023,-85.15807692307692,3.3822068095838596,6.223846153846154,-1.9335030991735536
1LE4-24,2008,-39.318076923076916,-1.8271374527112236,-11.176153846153852,-1.7091194903581266
1LE4-24,2009,59.191923076923075,-2.814678436317781,78.82384615384613,-2.2202530991735534
1LE4-24,2010,117.8519230769231,-1.3117276166456477,8.863846153846154,2.460163567493113
1LE4-24,2011,-1.5280769230769238,-1.8992686002522063,52.68384615384615,-1.7774197658402204
1LE4-24,2012,-41.45807692307693,0.9069609079445158,8.913846153846151,4.790467286501378
1LE4-24,2013,-7.93807692307692,-0.6287767969735185,15.733846153846144,-3.059503099173554
1LE4-24,2014,92.20192307692307,-1.2882849936948304,47.33384615384615,-4.564253099173554
1LE4-24,2015,44.02192307692309,-0.3368095838587628,12.473846153846154,0.6554969008264464
1LE4-24,2016,78.65192307692305,0.8820428751576301,30.013846153846146,1.2033598484848484
1LE4-24,2017,-54.588076923076926,-0.4289407313997451,-4.916153846153847,1.1938302341597797
1LE4-24,2018,-34.528076923076924,3.089092055485498,-46.73615384615385,-1.266836432506887
1LE4-24,2019,-72.64807692307691,-0.7871374527112209,2.903846153846146,-2.988753099173554
1LE4-24,2020,108.37192307692308,-0.07697351828499421,-14.316153846153853,0.1420375344352618
1LE4-24,2021,-58.49807692307692,1.9351576292559898,-34.306153846153855,2.19133023415978
1LE4-24,2022,-13.528076923076924,-0.7745145018915487,119.90384615384615,-3.7611697658402203
1LE4-24,2023,-85.15807692307692,3.3822068095838596,6.223846153846154,-1.9335030991735536
1LE4-25,2008,-39.318076923076916,-1.8271374527112236,-11.176153846153852,-1.7091194903581266
1LE4-25,2009,59.191923076923075,-2.814678436317781,78.82384615384613,-2.2202530991735534
1LE4-25,2010,117.8519230769231,-1.3117276166456477,8.863846153846154,2.460163567493113
1LE4-25,2011,-1.5280769230769238,-1.8992686002522063,52.68384615384615,-1.7774197658402204
1LE4-25,2012,-41.45807692307693,0.9069609079445158,8.913846153846151,4.790467286501378
1LE4-25,2013,-7.93807692307692,-0.6287767969735185,15.733846153846144,-3.059503099173554
1LE4-25,2014,92.20192307692307,-1.2882849936948304,47.33384615384615,-4.564253099173554
1LE4-25,2015,44.02192307692309,-0.3368095838587628,12.473846153846154,0.6554969008264464
1LE4-25,2016,78.65192307692305,0.8820428751576301,30.013846153846146,1.2033598484848484
1LE4-25,2017,-54.588076923076926,-0.4289407313997451,-4.916153846153847,1.1938302341597797
1LE4-25,2018,-34.528076923076924,3.089092055485498,-46.73615384615385,-1.266836432506887
1LE4-25,2019,-72.64807692307691,-0.7871374527112209,2.903846153846146,-2.988753099173554
1LE4-25,2020,108.37192307692308,-0.07697351828499421,-14.316153846153853,0.1420375344352618
1LE4-25,2021,-58.49807692307692,1.9351576292559898,-34.306153846153855,2.19133023415978
1LE4-25,2022,-13.528076923076924,-0.7745145018915487,119.90384615384615,-3.7611697658402203
1LE4-25,2023,-85.15807692307692,3.3822068095838596,6.223846153846154,-1.9335030991735536
1LE4-26,2008,-39.318076923076916,-1.8271374527112236,-11.176153846153852,-1.7091194903581266
1LE4-26,2009,59.191923076923075,-2.814678436317781,78.82384615384613,-2.2202530991735534
1LE4-26,2010,117.8519230769231,-1.3117276166456477,8.863846153846154,2.460163567493113
1LE4-26,2011,-1.5280769230769238,-1.8992686002522063,52.68384615384615,-1.7774197658402204
1LE4-26,2012,-41.45807692307693,0.9069609079445158,8.913846153846151,4.790467286501378
1LE4-26,2013,-7.93807692307692,-0.6287767969735185,15.733846153846144,-3.059503099173554
1LE4-26,2014,92.20192307692307,-1.2882849936948304,47.33384615384615,-4.564253099173554
1LE4-26,2015,44.02192307692309,-0.3368095838587628,12.473846153846154,0.6554969008264464
1LE4-26,2016,78.65192307692305,0.8820428751576301,30.013846153846146,1.2033598484848484
1LE4-26,2017,-54.588076923076926,-0.4289407313997451,-4.916153846153847,1.1938302341597797
1LE4-26,2018,-34.528076923076924,3.089092055485498,-46.73615384615385,-1.266836432506887
1LE4-26,2019,-72.64807692307691,-0.7871374527112209,2.903846153846146,-2.988753099173554
1LE4-26,2020,108.37192307692308,-0.07697351828499421,-14.316153846153853,0.1420375344352618
1LE4-26,2021,-58.49807692307692,1.9351576292559898,-34.306153846153855,2.19133023415978
1LE4-26,2022,-13.528076923076924,-0.7745145018915487,119.90384615384615,-3.7611697658402203
1LE4-26,2023,-85.15807692307692,3.3822068095838596,6.223846153846154,-1.9335030991735536
1LE4-27,2008,-39.318076923076916,-1.8271374527112236,-11.176153846153852,-1.7091194903581266
1LE4-27,2009,59.191923076923075,-2.814678436317781,78.82384615384613,-2.2202530991735534
1LE4-27,2010,117.8519230769231,-1.3117276166456477,8.863846153846154,2.460163567493113
1LE4-27,2011,-1.5280769230769238,-1.8992686002522063,52.68384615384615,-1.7774197658402204
1LE4-27,2012,-41.45807692307693,0.9069609079445158,8.913846153846151,4.790467286501378
1LE4-27,2013,-7.93807692307692,-0.6287767969735185,15.733846153846144,-3.059503099173554
1LE4-27,2014,92.20192307692307,-1.2882849936948304,47.33384615384615,-4.564253099173554
1LE4-27,2015,44.02192307692309,-0.3368095838587628,12.473846153846154,0.6554969008264464
1LE4-27,2016,78.65192307692305,0.8820428751576301,30.013846153846146,1.2033598484848484
1LE4-27,2017,-54.588076923076926,-0.4289407313997451,-4.916153846153847,1.1938302341597797
1LE4-27,2018,-34.528076923076924,3.089092055485498,-46.73615384615385,-1.266836432506887
1LE4-27,2019,-72.64807692307691,-0.7871374527112209,2.903846153846146,-2.988753099173554
1LE4-27,2020,108.37192307692308,-0.07697351828499421,-14.316153846153853,0.1420375344352618
1LE4-27,2021,-58.49807692307692,1.9351576292559898,-34.306153846153855,2.19133023415978
1LE4-27,2022,-13.528076923076924,-0.7745145018915487,119.90384615384615,-3.7611697658402203
1LE4-27,2023,-85.15807692307692,3.3822068095838596,6.223846153846154,-1.9335030991735536
1LE4-28,2008,-39.318076923076916,-1.8271374527112236,-11.176153846153852,-1.7091194903581266
1LE4-28,2009,59.191923076923075,-2.814678436317781,78.82384615384613,-2.2202530991735534
1LE4-28,2010,117.8519230769231,-1.3117276166456477,8.863846153846154,2.460163567493113
1LE4-28,2011,-1.5280769230769238,-1.8992686002522063,52.68384615384615,-1.7774197658402204
1LE4-28,2012,-41.45807692307693,0.9069609079445158,8.913846153846151,4.790467286501378
1LE4-28,2013,-7.93807692307692,-0.6287767969735185,15.733846153846144,-3.059503099173554
1LE4-28,2014,92.20192307692307,-1.2882849936948304,47.33384615384615,-4.564253099173554
1LE4-28,2015,44.02192307692309,-0.3368095838587628,12.473846153846154,0.6554969008264464
1LE4-28,2016,78.65192307692305,0.8820428751576301,30.013846153846146,1.2033598484848484
1LE4-28,2017,-54.588076923076926,-0.4289407313997451,-4.916153846153847,1.1938302341597797
1LE4-28,2018,-34.528076923076924,3.089092055485498,-46.73615384615385,-1.266836432506887
1LE4-28,2019,-72.64807692307691,-0.7871374527112209,2.903846153846146,-2.988753099173554
1LE4-28,2020,108.37192307692308,-0.07697351828499421,-14.316153846153853,0.1420375344352618
1LE4-28,2021,-58.49807692307692,1.9351576292559898,-34.306153846153855,2.19133023415978
1LE4-28,2022,-13.528076923076924,-0.7745145018915487,119.90384615384615,-3.7611697658402203
1LE4-28,2023,-85.15807692307692,3.3822068095838596,6.223846153846154,-1.9335030991735536
1LE4-29,2008,-39.064615384615394,-1.83078814627995,-10.895384615384614,-1.7050714134350498
1LE4-29,2009,57.98538461538459,-2.8091488020176563,79.77461538461539,-2.2120018542063997
1LE4-29,2010,116.82538461538459,-1.3047225725094584,9.004615384615391,2.4717481457936
1LE4-29,2011,-1.0246153846154016,-1.8952143757881466,53.80461538461539,-1.7714185208730664
1LE4-29,2012,-40.394615384615406,0.9113430012610344,5.374615384615382,4.787077346895529
1LE4-29,2013,-8.164615384615388,-0.6258701134930647,17.064615384615394,-3.0457518542064
1LE4-29,2014,89.6853846153846,-1.284394703657,47.77461538461539,-4.555418520873067
1LE4-29,2015,43.32538461538459,-0.33209962168978535,12.814615384615394,0.6515814791269338
1LE4-29,2016,78.35538461538462,0.8811790668348038,29.014615384615382,1.2047632973087519
1LE4-29,2017,-54.97461538461539,-0.43046027742748905,2.124615384615396,1.2015814791269337
1LE4-29,2018,-34.20461538461538,3.0857692307692304,-46.33538461538461,-1.265835187539733
1LE4-29,2019,-72.5946153846154,-0.7816078184110964,4.454615384615394,-2.9805851875397336
1LE4-29,2020,106.34538461538457,-0.07882093316519345,-15.355384615384608,0.14459800805255352
1LE4-29,2021,-58.3846153846154,1.9372446406052966,-35.15538461538461,2.1857481457936005
1LE4-29,2022,-12.524615384615402,-0.7747225725094573,120.74461538461539,-3.759668520873066
1LE4-29,2023,-74.8246153846154,3.3798675914249685,6.3246153846153845,-1.914835187539733
1LE4-31,2008,-39.348846153846154,-1.8347477931904166,-11.42807692307693,-1.718110643144734
1LE4-31,2009,59.611153846153854,-2.822452711223203,77.81192307692307,-2.2288365384615387
1LE4-31,2010,118.09115384615384,-1.3173707440100877,8.941923076923075,2.442080128205128
1LE4-31,2011,-0.8188461538461524,-1.9109773013871383,51.61192307692308,-1.786503205128205
1LE4-31,2012,-41.20884615384614,0.9032849936948324,8.391923076923078,4.779162084127993
1LE4-31,2013,-8.548846153846142,-0.6349117276166432,15.331923076923076,-3.073169871794872
1LE4-31,2014,92.67115384615383,-1.296551071878941,44.73192307692308,-4.568086538461539
1LE4-31,2015,42.611153846153854,-0.3417969735182851,16.081923076923076,0.6555801282051283
1LE4-31,2016,77.98115384615383,0.8773833543505667,29.76192307692307,1.2017240675990677
1LE4-31,2017,-63.17884615384615,-0.42999369482976135,-2.4980769230769226,1.1858301282051282
1LE4-31,2018,-33.78884615384615,3.0896784363177794,-46.47807692307693,-1.2749198717948718
1LE4-31,2019,-72.66884615384615,-0.7914691046658255,3.0719230769230705,-3.0015032051282047
1LE4-31,2020,111.05115384615382,-0.08196090794451294,-14.518076923076933,0.12858357173129908
1LE4-31,2021,-58.498846153846145,1.9363997477931925,-34.24807692307693,2.1893301282051283
1LE4-31,2022,-13.038846153846151,-0.7755674653215614,118.89192307692308,-3.7715865384615386
1LE4-31,2023,-84.61884615384615,3.377547288776796,6.361923076923077,-1.9470865384615383
1LE4-32,2008,-39.348846153846154,-1.8347477931904166,-11.42807692307693,-1.718110643144734
1LE4-32,2009,59.611153846153854,-2.822452711223203,77.81192307692307,-2.2288365384615387
1LE4-32,2010,118.09115384615384,-1.3173707440100877,8.941923076923075,2.442080128205128
1LE4-32,2011,-0.8188461538461524,-1.9109773013871383,51.61192307692308,-1.786503205128205
1LE4-32,2012,-41.20884615384614,0.9032849936948324,8.391923076923078,4.779162084127993
1LE4-32,2013,-8.548846153846142,-0.6349117276166432,15.331923076923076,-3.073169871794872
1LE4-32,2014,92.67115384615383,-1.296551071878941,44.73192307692308,-4.568086538461539
1LE4-32,2015,42.611153846153854,-0.3417969735182851,16.081923076923076,0.6555801282051283
1LE4-32,2016,77.98115384615383,0.8773833543505667,29.76192307692307,1.2017240675990677
1LE4-32,2017,-63.17884615384615,-0.42999369482976135,-2.4980769230769226,1.1858301282051282
1LE4-32,2018,-33.78884615384615,3.0896784363177794,-46.47807692307693,-1.2749198717948718
1LE4-32,2019,-72.66884615384615,-0.7914691046658255,3.0719230769230705,-3.0015032051282047
1LE4-32,2020,111.05115384615382,-0.08196090794451294,-14.518076923076933,0.12858357173129908
1LE4-32,2021,-58.498846153846145,1.9363997477931925,-34.24807692307693,2.1893301282051283
1LE4-32,2022,-13.038846153846151,-0.7755674653215614,118.89192307692308,-3.7715865384615386
1LE4-32,2023,-84.61884615384615,3.377547288776796,6.361923076923077,-1.9470865384615383
1LE4-34,2008,-39.75576923076923,-1.8333228247162658,-12.068846153846152,-1.7248096259800807
1LE4-34,2009,59.894230769230774,-2.8297162673392187,76.51115384615385,-2.240032077770714
1LE4-34,2010,118.85423076923075,-1.3218474148801995,8.571153846153848,2.428967922229286
1LE4-34,2011,-1.3757692307692366,-1.9161097099621678,49.66115384615385,-1.793032077770714
1LE4-34,2012,-42.75576923076923,0.9035624211853737,7.591153846153844,4.785025084763721
1LE4-34,2013,-8.665769230769229,-0.6331588902900371,13.921153846153842,-3.081365411104047
1LE4-34,2014,94.45423076923078,-1.298732660781841,43.38115384615385,-4.576032077770714
1LE4-34,2015,44.26423076923075,-0.33938839848675784,13.401153846153846,0.6650512555626193
1LE4-34,2016,77.99423076923074,0.8830706179066858,30.301153846153838,1.2051903740199195
1LE4-34,2017,-62.71576923076924,-0.42004413619167735,-3.0088461538461644,1.1813845888959527
1LE4-34,2018,-33.97576923076923,3.1029066834804553,-46.68884615384616,-1.2725320777707143
1LE4-34,2019,-72.84576923076924,-0.78856872635561,2.36115384615384,-3.0077820777707145
1LE4-34,2020,111.50423076923073,-0.07643757881462676,-15.61884615384615,0.12411599385463012
1LE4-34,2021,-58.43576923076924,1.9381525851197985,-34.99884615384616,2.1984679222292858
1LE4-34,2022,-14.21576923076924,-0.7738146279949554,117.95115384615384,-3.7737820777707136
1LE4-34,2023,-84.72576923076925,3.382414880201768,5.72115384615384,-1.965282077770714
1LE4-35,2008,-39.75576923076923,-1.8333228247162658,-12.068846153846152,-1.7248096259800807
1LE4-35,2009,59.894230769230774,-2.8297162673392187,76.51115384615385,-2.240032077770714
1LE4-35,2010,118.85423076923075,-1.3218474148801995,8.571153846153848,2.428967922229286
1LE4-35,2011,-1.3757692307692366,-1.9161097099621678,49.66115384615385,-1.793032077770714
1LE4-35,2012,-42.75576923076923,0.9035624211853737,7.591153846153844,4.785025084763721
1LE4-35,2013,-8.665769230769229,-0.6331588902900371,13.921153846153842,-3.081365411104047
1LE4-35,2014,94.45423076923078,-1.298732660781841,43.38115384615385,-4.576032077770714
1LE4-35,2015,44.26423076923075,-0.33938839848675784,13.401153846153846,0.6650512555626193
1LE4-35,2016,77.99423076923074,0.8830706179066858,30.301153846153838,1.2051903740199195
1LE4-35,2017,-62.71576923076924,-0.42004413619167735,-3.0088461538461644,1.1813845888959527
1LE4-35,2018,-33.97576923076923,3.1029066834804553,-46.68884615384616,-1.2725320777707143
1LE4-35,2019,-72.84576923076924,-0.78856872635561,2.36115384615384,-3.0077820777707145
1LE4-35,2020,111.50423076923073,-0.07643757881462676,-15.61884615384615,0.12411599385463012
1LE4-35,2021,-58.43576923076924,1.9381525851197985,-34.99884615384616,2.1984679222292858
1LE4-35,2022,-14.21576923076924,-0.7738146279949554,117.95115384615384,-3.7737820777707136
1LE4-35,2023,-84.72576923076925,3.382414880201768,5.72115384615384,-1.965282077770714
1LE4-37,2008,-40.628846153846155,-1.8300378310214391,-9.768461538461537,-1.7296341121000212
1LE4-37,2009,58.641153846153856,-2.835611601513243,75.78153846153847,-2.2498985749099387
1LE4-37,2010,119.52115384615382,-1.328398486759145,8.451538461538462,2.417434758423395
1LE4-37,2011,-2.2888461538461513,-1.9202017654476684,52.92153846153846,-1.8000652415766054
1LE4-37,2012,-44.31884615384615,0.8983228247162671,6.8615384615384585,4.788712995337995
1LE4-37,2013,-8.928846153846166,-0.6365952080706201,13.071538461538452,-3.095481908243272
1LE4-37,2014,97.27115384615388,-1.3034804539722593,41.90153846153845,-4.586398574909938
1LE4-37,2015,44.74115384615385,-0.34430012610340555,13.64153846153846,0.6686847584233947
1LE4-37,2016,76.62115384615385,0.8840605296343007,30.651538461538465,1.2030105159991522
1LE4-37,2017,-62.64884615384615,-0.4183984867591448,-10.458461538461535,1.172768091756728
1LE4-37,2018,-34.51884615384614,3.1063556116015114,-47.09846153846154,-1.2747319082432722
1LE4-37,2019,-73.57884615384616,-0.7941361916771754,1.501538461538459,-3.016398574909939
1LE4-37,2020,103.19115384615384,-0.07561160151324131,-15.598461538461535,0.12168820194956553
1LE4-37,2021,-59.268846153846155,1.9360277427490544,-36.00846153846154,2.2033514250900614
1LE4-37,2022,-15.438846153846157,-0.7761034047919289,117.15153846153845,-3.7778152415766053
1LE4-37,2023,-85.56884615384615,3.384880201765448,5.721538461538458,-1.9841485749099386
1LE6-01,2008,-38.99307692307693,-2.0589659520807047,-8.52384615384615,-1.9655029137529139
1LE6-01,2009,41.11692307692309,-2.933556116015133,65.99615384615385,-2.413383767747404
1LE6-01,2010,129.8469230769231,-1.4866708701134925,17.816153846153853,2.2062828989192624
1LE6-01,2011,21.97692307692307,-2.166179066834804,48.79615384615386,-2.040800434414071
1LE6-01,2012,-43.383076923076914,0.8528373266078191,14.25615384615385,4.6393731193049375
1LE6-01,2013,3.9369230769230796,-0.6586380832282472,33.386153846153846,-3.21755043441407
1LE6-01,2014,98.13692307692307,-1.522900378310215,65.59615384615384,-4.654300434414071
1LE6-01,2015,34.85692307692307,-0.5632282471626731,-7.143846153846155,0.5524495655859292
1LE6-01,2016,57.95692307692309,0.6338209331651967,10.566153846153853,1.1454888217842765
1LE6-01,2017,-62.61307692307692,-0.6081462799495583,4.846153846153854,1.0115328989192625
1LE6-01,2018,-27.32307692307691,2.89513240857503,-28.253846153846155,-1.6137171010807376
1LE6-01,2019,-61.79307692307691,-1.0053593947036568,16.296153846153842,-3.3189671010807373
1LE6-01,2020,87.38692307692307,-0.3289659520807078,-14.163846153846151,-0.2951723352405171
1LE6-01,2021,-62.693076923076916,1.8610340479192935,-32.41384615384615,1.9644495655859293
1LE6-01,2022,40.52692307692308,-0.8792938209331638,114.99615384615385,-4.047133767747404
1LE6-01,2023,-64.76307692307692,3.1789029003783114,5.326153846153844,-2.269633767747404
1LE6-02,2008,-39.19884615384615,-2.053398486759143,-9.298461538461538,-1.9678691460055098
1LE6-02,2009,41.591153846153844,-2.934382093316522,64.58153846153847,-2.4231604683195593
1LE6-02,2010,133.25115384615384,-1.4919230769230793,17.711538461538467,2.198339531680441
1LE6-02,2011,21.671153846153828,-2.1679886506935695,47.57153846153845,-2.046577134986226
1LE6-02,2012,-43.53884615384615,0.8467654476670852,15.28153846153846,4.6446928374655645
1LE6-02,2013,0.8711538461538453,-0.6627427490542246,31.551538461538456,-3.2239938016528926
1LE6-02,2014,98.74115384615385,-1.524054224464063,65.22153846153846,-4.648077134986226
1LE6-02,2015,34.76115384615383,-0.5648738965952091,-7.08846153846153,0.5599228650137742
1LE6-02,2016,57.871153846153845,0.639552332912988,11.03153846153846,1.1528746556473828
1LE6-02,2017,-63.018846153846155,-0.6001197982345552,4.901538461538465,1.008922865013774
1LE6-02,2018,-25.50884615384615,2.8993883984867566,-28.808461538461536,-1.6089104683195594
1LE6-02,2019,-61.08884615384616,-1.004709962168981,16.19153846153847,-3.317077134986226
1LE6-02,2020,88.80115384615385,-0.32307061790668357,-14.798461538461538,-0.2923319559228651
1LE6-02,2021,-67.44884615384616,1.864470365699873,-32.86846153846154,1.9740895316804408
1LE6-02,2022,40.091153846153844,-0.8761853720050468,115.00153846153846,-4.0422438016528925
1LE6-02,2023,-65.13884615384616,3.1872572509457733,3.681538461538466,-2.278577134986226
1LE6-03,2008,-39.19884615384615,-2.053398486759143,-9.298461538461538,-1.9678691460055098
1LE6-03,2009,41.591153846153844,-2.934382093316522,64.58153846153847,-2.4231604683195593
1LE6-03,2010,133.25115384615384,-1.4919230769230793,17.711538461538467,2.198339531680441
1LE6-03,2011,21.671153846153828,-2.1679886506935695,47.57153846153845,-2.046577134986226
1LE6-03,2012,-43.53884615384615,0.8467654476670852,15.28153846153846,4.6446928374655645
1LE6-03,2013,0.8711538461538453,-0.6627427490542246,31.551538461538456,-3.2239938016528926
1LE6-03,2014,98.74115384615385,-1.524054224464063,65.22153846153846,-4.648077134986226
1LE6-03,2015,34.76115384615383,-0.5648738965952091,-7.08846153846153,0.5599228650137742
1LE6-03,2016,57.871153846153845,0.639552332912988,11.03153846153846,1.1528746556473828
1LE6-03,2017,-63.018846153846155,-0.6001197982345552,4.901538461538465,1.008922865013774
1LE6-03,2018,-25.50884615384615,2.8993883984867566,-28.808461538461536,-1.6089104683195594
1LE6-03,2019,-61.08884615384616,-1.004709962168981,16.19153846153847,-3.317077134986226
1LE6-03,2020,88.80115384615385,-0.32307061790668357,-14.798461538461538,-0.2923319559228651
1LE6-03,2021,-67.44884615384616,1.864470365699873,-32.86846153846154,1.9740895316804408
1LE6-03,2022,40.091153846153844,-0.8761853720050468,115.00153846153846,-4.0422438016528925
1LE6-03,2023,-65.13884615384616,3.1872572509457733,3.681538461538466,-2.278577134986226
1LE6-04,2008,-39.19884615384615,-2.053398486759143,-9.298461538461538,-1.9678691460055098
1LE6-04,2009,41.591153846153844,-2.934382093316522,64.58153846153847,-2.4231604683195593
1LE6-04,2010,133.25115384615384,-1.4919230769230793,17.711538461538467,2.198339531680441
1LE6-04,2011,21.671153846153828,-2.1679886506935695,47.57153846153845,-2.046577134986226
1LE6-04,2012,-43.53884615384615,0.8467654476670852,15.28153846153846,4.6446928374655645
1LE6-04,2013,0.8711538461538453,-0.6627427490542246,31.551538461538456,-3.2239938016528926
1LE6-04,2014,98.74115384615385,-1.524054224464063,65.22153846153846,-4.648077134986226
1LE6-04,2015,34.76115384615383,-0.5648738965952091,-7.08846153846153,0.5599228650137742
1LE6-04,2016,57.871153846153845,0.639552332912988,11.03153846153846,1.1528746556473828
1LE6-04,2017,-63.018846153846155,-0.6001197982345552,4.901538461538465,1.008922865013774
1LE6-04,2018,-25.50884615384615,2.8993883984867566,-28.808461538461536,-1.6089104683195594
1LE6-04,2019,-61.08884615384616,-1.004709962168981,16.19153846153847,-3.317077134986226
1LE6-04,2020,88.80115384615385,-0.32307061790668357,-14.798461538461538,-0.2923319559228651
1LE6-04,2021,-67.44884615384616,1.864470365699873,-32.86846153846154,1.9740895316804408
1LE6-04,2022,40.091153846153844,-0.8761853720050468,115.00153846153846,-4.0422438016528925
1LE6-04,2023,-65.13884615384616,3.1872572509457733,3.681538461538466,-2.278577134986226
1LE6-05,2008,-39.19884615384615,-2.053398486759143,-9.298461538461538,-1.9678691460055098
1LE6-05,2009,41.591153846153844,-2.934382093316522,64.58153846153847,-2.4231604683195593
1LE6-05,2010,133.25115384615384,-1.4919230769230793,17.711538461538467,2.198339531680441
1LE6-05,2011,21.671153846153828,-2.1679886506935695,47.57153846153845,-2.046577134986226
1LE6-05,2012,-43.53884615384615,0.8467654476670852,15.28153846153846,4.6446928374655645
1LE6-05,2013,0.8711538461538453,-0.6627427490542246,31.551538461538456,-3.2239938016528926
1LE6-05,2014,98.74115384615385,-1.524054224464063,65.22153846153846,-4.648077134986226
1LE6-05,2015,34.76115384615383,-0.5648738965952091,-7.08846153846153,0.5599228650137742
1LE6-05,2016,57.871153846153845,0.639552332912988,11.03153846153846,1.1528746556473828
1LE6-05,2017,-63.018846153846155,-0.6001197982345552,4.901538461538465,1.008922865013774
1LE6-05,2018,-25.50884615384615,2.8993883984867566,-28.808461538461536,-1.6089104683195594
1LE6-05,2019,-61.08884615384616,-1.004709962168981,16.19153846153847,-3.317077134986226
1LE6-05,2020,88.80115384615385,-0.32307061790668357,-14.798461538461538,-0.2923319559228651
1LE6-05,2021,-67.44884615384616,1.864470365699873,-32.86846153846154,1.9740895316804408
1LE6-05,2022,40.091153846153844,-0.8761853720050468,115.00153846153846,-4.0422438016528925
1LE6-05,2023,-65.13884615384616,3.1872572509457733,3.681538461538466,-2.278577134986226
1LE6-06,2008,-39.19884615384615,-2.053398486759143,-9.298461538461538,-1.9678691460055098
1LE6-06,2009,41.591153846153844,-2.934382093316522,64.58153846153847,-2.4231604683195593
1LE6-06,2010,133.25115384615384,-1.4919230769230793,17.711538461538467,2.198339531680441
1LE6-06,2011,21.671153846153828,-2.1679886506935695,47.57153846153845,-2.046577134986226
1LE6-06,2012,-43.53884615384615,0.8467654476670852,15.28153846153846,4.6446928374655645
1LE6-06,2013,0.8711538461538453,-0.6627427490542246,31.551538461538456,-3.2239938016528926
1LE6-06,2014,98.74115384615385,-1.524054224464063,65.22153846153846,-4.648077134986226
1LE6-06,2015,34.76115384615383,-0.5648738965952091,-7.08846153846153,0.5599228650137742
1LE6-06,2016,57.871153846153845,0.639552332912988,11.03153846153846,1.1528746556473828
1LE6-06,2017,-63.018846153846155,-0.6001197982345552,4.901538461538465,1.008922865013774
1LE6-06,2018,-25.50884615384615,2.8993883984867566,-28.808461538461536,-1.6089104683195594
1LE6-06,2019,-61.08884615384616,-1.004709962168981,16.19153846153847,-3.317077134986226
1LE6-06,2020,88.80115384615385,-0.32307061790668357,-14.798461538461538,-0.2923319559228651
1LE6-06,2021,-67.44884615384616,1.864470365699873,-32.86846153846154,1.9740895316804408
1LE6-06,2022,40.091153846153844,-0.8761853720050468,115.00153846153846,-4.0422438016528925
1LE6-06,2023,-65.13884615384616,3.1872572509457733,3.681538461538466,-2.278577134986226
1LE6-07,2008,-38.99307692307693,-2.0589659520807047,-8.52384615384615,-1.9655029137529139
1LE6-07,2009,41.11692307692309,-2.933556116015133,65.99615384615385,-2.413383767747404
1LE6-07,2010,129.8469230769231,-1.4866708701134925,17.816153846153853,2.2062828989192624
1LE6-07,2011,21.97692307692307,-2.166179066834804,48.79615384615386,-2.040800434414071
1LE6-07,2012,-43.383076923076914,0.8528373266078191,14.25615384615385,4.6393731193049375
1LE6-07,2013,3.9369230769230796,-0.6586380832282472,33.386153846153846,-3.21755043441407
1LE6-07,2014,98.13692307692307,-1.522900378310215,65.59615384615384,-4.654300434414071
1LE6-07,2015,34.85692307692307,-0.5632282471626731,-7.143846153846155,0.5524495655859292
1LE6-07,2016,57.95692307692309,0.6338209331651967,10.566153846153853,1.1454888217842765
1LE6-07,2017,-62.61307692307692,-0.6081462799495583,4.846153846153854,1.0115328989192625
1LE6-07,2018,-27.32307692307691,2.89513240857503,-28.253846153846155,-1.6137171010807376
1LE6-07,2019,-61.79307692307691,-1.0053593947036568,16.296153846153842,-3.3189671010807373
1LE6-07,2020,87.38692307692307,-0.3289659520807078,-14.163846153846151,-0.2951723352405171
1LE6-07,2021,-62.693076923076916,1.8610340479192935,-32.41384615384615,1.9644495655859293
1LE6-07,2022,40.52692307692308,-0.8792938209331638,114.99615384615385,-4.047133767747404
1LE6-07,2023,-64.76307692307692,3.1789029003783114,5.326153846153844,-2.269633767747404
1LI1-01,2008,-41.63615384615386,-2.27656998738966,-7.198846153846148,-2.2788259165077345
1LI1-01,2009,-3.7961538461538566,-2.8523076923076935,65.04115384615386,-2.5792102140283957
1LI1-01,2010,82.39384615384614,-1.6111601513240856,28.60115384615385,1.8827064526382709
1LI1-01,2011,26.713846153846163,-2.377881462799497,44.141153846153856,-2.3558768806950625
1LI1-01,2012,-45.18615384615384,0.8370365699873901,40.031153846153856,4.451339372748464
1LI1-01,2013,-5.5161538461538555,-0.7054224464060539,61.091153846153844,-3.3412102140283957
1LI1-01,2014,106.56384615384616,-1.704274905422448,75.90115384615385,-4.576293547361729
1LI1-01,2015,21.12384615384616,-0.8246027742749078,-19.32884615384615,0.48728978597160416
1LI1-01,2016,36.053846153846166,0.3921185372005027,-2.3288461538461576,1.185388959525323
1LI1-01,2017,-42.83615384615385,-0.7668978562421209,5.781153846153842,0.9351231193049374
1LI1-01,2018,-50.196153846153834,2.6093316519546015,-5.188846153846157,-2.1301268806950624
1LI1-01,2019,-58.56615384615385,-1.2634552332912996,36.17115384615386,-3.6572935473617294
1LI1-01,2020,51.41384615384615,-0.6241109709962167,9.091153846153844,-0.7781647594829415
1LI1-01,2021,-65.78615384615385,1.7811349306431268,-30.958846153846153,1.6131231193049373
1LI1-01,2022,71.84384615384616,-0.9468978562421206,120.30115384615385,-4.245126880695063
1LI1-01,2023,-65.52615384615385,3.001298865069355,-12.068846153846152,-2.6283768806950625
1LI1-02,2008,-41.63615384615386,-2.27656998738966,-7.198846153846148,-2.2788259165077345
1LI1-02,2009,-3.7961538461538566,-2.8523076923076935,65.04115384615386,-2.5792102140283957
1LI1-02,2010,82.39384615384614,-1.6111601513240856,28.60115384615385,1.8827064526382709
1LI1-02,2011,26.713846153846163,-2.377881462799497,44.141153846153856,-2.3558768806950625
1LI1-02,2012,-45.18615384615384,0.8370365699873901,40.031153846153856,4.451339372748464
1LI1-02,2013,-5.5161538461538555,-0.7054224464060539,61.091153846153844,-3.3412102140283957
1LI1-02,2014,106.56384615384616,-1.704274905422448,75.90115384615385,-4.576293547361729
1LI1-02,2015,21.12384615384616,-0.8246027742749078,-19.32884615384615,0.48728978597160416
1LI1-02,2016,36.053846153846166,0.3921185372005027,-2.3288461538461576,1.185388959525323
1LI1-02,2017,-42.83615384615385,-0.7668978562421209,5.781153846153842,0.9351231193049374
1LI1-02,2018,-50.196153846153834,2.6093316519546015,-5.188846153846157,-2.1301268806950624
1LI1-02,2019,-58.56615384615385,-1.2634552332912996,36.17115384615386,-3.6572935473617294
1LI1-02,2020,51.41384615384615,-0.6241109709962167,9.091153846153844,-0.7781647594829415
1LI1-02,2021,-65.78615384615385,1.7811349306431268,-30.958846153846153,1.6131231193049373
1LI1-02,2022,71.84384615384616,-0.9468978562421206,120.30115384615385,-4.245126880695063
1LI1-02,2023,-65.52615384615385,3.001298865069355,-12.068846153846152,-2.6283768806950625
1LI1-03,2008,-41.63615384615386,-2.27656998738966,-7.198846153846148,-2.2788259165077345
1LI1-03,2009,-3.7961538461538566,-2.8523076923076935,65.04115384615386,-2.5792102140283957
1LI1-03,2010,82.39384615384614,-1.6111601513240856,28.60115384615385,1.8827064526382709
1LI1-03,2011,26.713846153846163,-2.377881462799497,44.141153846153856,-2.3558768806950625
1LI1-03,2012,-45.18615384615384,0.8370365699873901,40.031153846153856,4.451339372748464
1LI1-03,2013,-5.5161538461538555,-0.7054224464060539,61.091153846153844,-3.3412102140283957
1LI1-03,2014,106.56384615384616,-1.704274905422448,75.90115384615385,-4.576293547361729
1LI1-03,2015,21.12384615384616,-0.8246027742749078,-19.32884615384615,0.48728978597160416
1LI1-03,2016,36.053846153846166,0.3921185372005027,-2.3288461538461576,1.185388959525323
1LI1-03,2017,-42.83615384615385,-0.7668978562421209,5.781153846153842,0.9351231193049374
1LI1-03,2018,-50.196153846153834,2.6093316519546015,-5.188846153846157,-2.1301268806950624
1LI1-03,2019,-58.56615384615385,-1.2634552332912996,36.17115384615386,-3.6572935473617294
1LI1-03,2020,51.41384615384615,-0.6241109709962167,9.091153846153844,-0.7781647594829415
1LI1-03,2021,-65.78615384615385,1.7811349306431268,-30.958846153846153,1.6131231193049373
1LI1-03,2022,71.84384615384616,-0.9468978562421206,120.30115384615385,-4.245126880695063
1LI1-03,2023,-65.52615384615385,3.001298865069355,-12.068846153846152,-2.6283768806950625
1LI1-04,2008,-41.63615384615386,-2.27656998738966,-7.198846153846148,-2.2788259165077345
1LI1-04,2009,-3.7961538461538566,-2.8523076923076935,65.04115384615386,-2.5792102140283957
1LI1-04,2010,82.39384615384614,-1.6111601513240856,28.60115384615385,1.8827064526382709
1LI1-04,2011,26.713846153846163,-2.377881462799497,44.141153846153856,-2.3558768806950625
1LI1-04,2012,-45.18615384615384,0.8370365699873901,40.031153846153856,4.451339372748464
1LI1-04,2013,-5.5161538461538555,-0.7054224464060539,61.091153846153844,-3.3412102140283957
1LI1-04,2014,106.56384615384616,-1.704274905422448,75.90115384615385,-4.576293547361729
1LI1-04,2015,21.12384615384616,-0.8246027742749078,-19.32884615384615,0.48728978597160416
1LI1-04,2016,36.053846153846166,0.3921185372005027,-2.3288461538461576,1.185388959525323
1LI1-04,2017,-42.83615384615385,-0.7668978562421209,5.781153846153842,0.9351231193049374
1LI1-04,2018,-50.196153846153834,2.6093316519546015,-5.188846153846157,-2.1301268806950624
1LI1-04,2019,-58.56615384615385,-1.2634552332912996,36.17115384615386,-3.6572935473617294
1LI1-04,2020,51.41384615384615,-0.6241109709962167,9.091153846153844,-0.7781647594829415
1LI1-04,2021,-65.78615384615385,1.7811349306431268,-30.958846153846153,1.6131231193049373
1LI1-04,2022,71.84384615384616,-0.9468978562421206,120.30115384615385,-4.245126880695063
1LI1-04,2023,-65.52615384615385,3.001298865069355,-12.068846153846152,-2.6283768806950625
1LI1-05,2008,-41.63615384615386,-2.27656998738966,-7.198846153846148,-2.2788259165077345
1LI1-05,2009,-3.7961538461538566,-2.8523076923076935,65.04115384615386,-2.5792102140283957
1LI1-05,2010,82.39384615384614,-1.6111601513240856,28.60115384615385,1.8827064526382709
1LI1-05,2011,26.713846153846163,-2.377881462799497,44.141153846153856,-2.3558768806950625
1LI1-05,2012,-45.18615384615384,0.8370365699873901,40.031153846153856,4.451339372748464
1LI1-05,2013,-5.5161538461538555,-0.7054224464060539,61.091153846153844,-3.3412102140283957
1LI1-05,2014,106.56384615384616,-1.704274905422448,75.90115384615385,-4.576293547361729
1LI1-05,2015,21.12384615384616,-0.8246027742749078,-19.32884615384615,0.48728978597160416
1LI1-05,2016,36.053846153846166,0.3921185372005027,-2.3288461538461576,1.185388959525323
1LI1-05,2017,-42.83615384615385,-0.7668978562421209,5.781153846153842,0.9351231193049374
1LI1-05,2018,-50.196153846153834,2.6093316519546015,-5.188846153846157,-2.1301268806950624
1LI1-05,2019,-58.56615384615385,-1.2634552332912996,36.17115384615386,-3.6572935473617294
1LI1-05,2020,51.41384615384615,-0.6241109709962167,9.091153846153844,-0.7781647594829415
1LI1-05,2021,-65.78615384615385,1.7811349306431268,-30.958846153846153,1.6131231193049373
1LI1-05,2022,71.84384615384616,-0.9468978562421206,120.30115384615385,-4.245126880695063
1LI1-05,2023,-65.52615384615385,3.001298865069355,-12.068846153846152,-2.6283768806950625
1LI1-06,2008,-41.63615384615386,-2.27656998738966,-7.198846153846148,-2.2788259165077345
1LI1-06,2009,-3.7961538461538566,-2.8523076923076935,65.04115384615386,-2.5792102140283957
1LI1-06,2010,82.39384615384614,-1.6111601513240856,28.60115384615385,1.8827064526382709
1LI1-06,2011,26.713846153846163,-2.377881462799497,44.141153846153856,-2.3558768806950625
1LI1-06,2012,-45.18615384615384,0.8370365699873901,40.031153846153856,4.451339372748464
1LI1-06,2013,-5.5161538461538555,-0.7054224464060539,61.091153846153844,-3.3412102140283957
1LI1-06,2014,106.56384615384616,-1.704274905422448,75.90115384615385,-4.576293547361729
1LI1-06,2015,21.12384615384616,-0.8246027742749078,-19.32884615384615,0.48728978597160416
1LI1-06,2016,36.053846153846166,0.3921185372005027,-2.3288461538461576,1.185388959525323
1LI1-06,2017,-42.83615384615385,-0.7668978562421209,5.781153846153842,0.9351231193049374
1LI1-06,2018,-50.196153846153834,2.6093316519546015,-5.188846153846157,-2.1301268806950624
1LI1-06,2019,-58.56615384615385,-1.2634552332912996,36.17115384615386,-3.6572935473617294
1LI1-06,2020,51.41384615384615,-0.6241109709962167,9.091153846153844,-0.7781647594829415
1LI1-06,2021,-65.78615384615385,1.7811349306431268,-30.958846153846153,1.6131231193049373
1LI1-06,2022,71.84384615384616,-0.9468978562421206,120.30115384615385,-4.245126880695063
1LI1-06,2023,-65.52615384615385,3.001298865069355,-12.068846153846152,-2.6283768806950625
1LI1-07,2008,-41.63615384615386,-2.27656998738966,-7.198846153846148,-2.2788259165077345
1LI1-07,2009,-3.7961538461538566,-2.8523076923076935,65.04115384615386,-2.5792102140283957
1LI1-07,2010,82.39384615384614,-1.6111601513240856,28.60115384615385,1.8827064526382709
1LI1-07,2011,26.713846153846163,-2.377881462799497,44.141153846153856,-2.3558768806950625
1LI1-07,2012,-45.18615384615384,0.8370365699873901,40.031153846153856,4.451339372748464
1LI1-07,2013,-5.5161538461538555,-0.7054224464060539,61.091153846153844,-3.3412102140283957
1LI1-07,2014,106.56384615384616,-1.704274905422448,75.90115384615385,-4.576293547361729
1LI1-07,2015,21.12384615384616,-0.8246027742749078,-19.32884615384615,0.48728978597160416
1LI1-07,2016,36.053846153846166,0.3921185372005027,-2.3288461538461576,1.185388959525323
1LI1-07,2017,-42.83615384615385,-0.7668978562421209,5.781153846153842,0.9351231193049374
1LI1-07,2018,-50.196153846153834,2.6093316519546015,-5.188846153846157,-2.1301268806950624
1LI1-07,2019,-58.56615384615385,-1.2634552332912996,36.17115384615386,-3.6572935473617294
1LI1-07,2020,51.41384615384615,-0.6241109709962167,9.091153846153844,-0.7781647594829415
1LI1-07,2021,-65.78615384615385,1.7811349306431268,-30.958846153846153,1.6131231193049373
1LI1-07,2022,71.84384615384616,-0.9468978562421206,120.30115384615385,-4.245126880695063
1LI1-07,2023,-65.52615384615385,3.001298865069355,-12.068846153846152,-2.6283768806950625
1LI1-08,2008,-41.63615384615386,-2.27656998738966,-7.198846153846148,-2.2788259165077345
1LI1-08,2009,-3.7961538461538566,-2.8523076923076935,65.04115384615386,-2.5792102140283957
1LI1-08,2010,82.39384615384614,-1.6111601513240856,28.60115384615385,1.8827064526382709
1LI1-08,2011,26.713846153846163,-2.377881462799497,44.141153846153856,-2.3558768806950625
1LI1-08,2012,-45.18615384615384,0.8370365699873901,40.031153846153856,4.451339372748464
1LI1-08,2013,-5.5161538461538555,-0.7054224464060539,61.091153846153844,-3.3412102140283957
1LI1-08,2014,106.56384615384616,-1.704274905422448,75.90115384615385,-4.576293547361729
1LI1-08,2015,21.12384615384616,-0.8246027742749078,-19.32884615384615,0.48728978597160416
1LI1-08,2016,36.053846153846166,0.3921185372005027,-2.3288461538461576,1.185388959525323
1LI1-08,2017,-42.83615384615385,-0.7668978562421209,5.781153846153842,0.9351231193049374
1LI1-08,2018,-50.196153846153834,2.6093316519546015,-5.188846153846157,-2.1301268806950624
1LI1-08,2019,-58.56615384615385,-1.2634552332912996,36.17115384615386,-3.6572935473617294
1LI1-08,2020,51.41384615384615,-0.6241109709962167,9.091153846153844,-0.7781647594829415
1LI1-08,2021,-65.78615384615385,1.7811349306431268,-30.958846153846153,1.6131231193049373
1LI1-08,2022,71.84384615384616,-0.9468978562421206,120.30115384615385,-4.245126880695063
1LI1-08,2023,-65.52615384615385,3.001298865069355,-12.068846153846152,-2.6283768806950625
1LI1-09,2008,-41.31423076923076,-2.2779508196721316,-7.081153846153853,-2.2858226054248783
1LI1-09,2009,-4.184230769230766,-2.8492622950819673,65.53884615384617,-2.584585002119093
1LI1-09,2010,81.85576923076923,-1.6133606557377043,28.518846153846155,1.8764983312142405
1LI1-09,2011,27.17576923076922,-2.3815573770491802,44.10884615384616,-2.363168335452426
1LI1-09,2012,-44.96423076923077,0.8397540983606575,40.33884615384615,4.448805493748676
1LI1-09,2013,-3.0442307692307793,-0.70450819672131,61.038846153846166,-3.3449183354524266
1LI1-09,2014,91.7557692307692,-1.7071311475409843,75.90884615384617,-4.572835002119093
1LI1-09,2015,21.365769230769217,-0.8304098360655736,-19.481153846153845,0.488664997880907
1LI1-09,2016,34.94576923076923,0.38663934426229574,-2.331153846153839,1.1893840061453698
1LI1-09,2017,-41.644230769230774,-0.7674590163934418,5.738846153846154,0.9360816645475738
1LI1-09,2018,-49.53423076923076,2.60516393442623,-4.941153846153853,-2.1424183354524264
1LI1-09,2019,-58.12423076923078,-1.2674590163934418,36.50884615384615,-3.6662516687857596
1LI1-09,2020,50.325769230769225,-0.6297540983606567,9.27884615384616,-0.7897895475736385
1LI1-09,2021,-65.15423076923078,1.780081967213114,-31.28115384615385,1.605664997880907
1LI1-09,2022,72.94576923076923,-0.9451639344262297,120.43884615384614,-4.2505850021190925
1LI1-09,2023,-64.77423076923077,2.9995901639344282,-12.501153846153848,-2.6391683354524265
1LI1-10,2008,-41.68346153846153,-2.285933165195459,-6.208461538461535,-2.283162852299216
1LI1-10,2009,-4.98346153846154,-2.8524905422446416,66.21153846153845,-2.5714500423818607
1LI1-10,2010,79.65653846153845,-1.6170807061790669,29.03153846153846,1.8887999576181396
1LI1-10,2011,10.256538461538469,-2.378064312736445,45.041538461538465,-2.359116709048527
1LI1-10,2012,-45.633461538461546,0.836853720050442,41.19153846153846,4.443861941089214
1LI1-10,2013,-5.173461538461538,-0.703474148802016,60.761538461538464,-3.339533375715194
1LI1-10,2014,91.50653846153847,-1.708392181588902,76.86153846153846,-4.58220004238186
1LI1-10,2015,20.576538461538462,-0.8285561160151325,-19.00846153846154,0.4806332909514728
1LI1-10,2016,35.00653846153847,0.38095208070618014,-2.0784615384615392,1.181134668361941
1LI1-10,2017,-41.49346153846153,-0.7751134930643104,6.451538461538462,0.9377166242848062
1LI1-10,2018,-50.083461538461535,2.5943947036569988,-4.328461538461539,-2.146033375715194
1LI1-10,2019,-59.053461538461534,-1.272982345523328,36.89153846153846,-3.6623667090485275
1LI1-10,2020,56.25653846153847,-0.6329823455233274,9.731538461538463,-0.7861380589107861
1LI1-10,2021,-66.46346153846154,1.7781651954602786,-30.458461538461542,1.598966624284806
1LI1-10,2022,76.14653846153846,-0.9508511979823453,122.07153846153847,-4.250116709048527
1LI1-10,2023,-53.43346153846153,2.9916078184110972,-12.39846153846154,-2.624283375715194
1LI1-11,2008,-41.68346153846153,-2.285933165195459,-6.208461538461535,-2.283162852299216
1LI1-11,2009,-4.98346153846154,-2.8524905422446416,66.21153846153845,-2.5714500423818607
1LI1-11,2010,79.65653846153845,-1.6170807061790669,29.03153846153846,1.8887999576181396
1LI1-11,2011,10.256538461538469,-2.378064312736445,45.041538461538465,-2.359116709048527
1LI1-11,2012,-45.633461538461546,0.836853720050442,41.19153846153846,4.443861941089214
1LI1-11,2013,-5.173461538461538,-0.703474148802016,60.761538461538464,-3.339533375715194
1LI1-11,2014,91.50653846153847,-1.708392181588902,76.86153846153846,-4.58220004238186
1LI1-11,2015,20.576538461538462,-0.8285561160151325,-19.00846153846154,0.4806332909514728
1LI1-11,2016,35.00653846153847,0.38095208070618014,-2.0784615384615392,1.181134668361941
1LI1-11,2017,-41.49346153846153,-0.7751134930643104,6.451538461538462,0.9377166242848062
1LI1-11,2018,-50.083461538461535,2.5943947036569988,-4.328461538461539,-2.146033375715194
1LI1-11,2019,-59.053461538461534,-1.272982345523328,36.89153846153846,-3.6623667090485275
1LI1-11,2020,56.25653846153847,-0.6329823455233274,9.731538461538463,-0.7861380589107861
1LI1-11,2021,-66.46346153846154,1.7781651954602786,-30.458461538461542,1.598966624284806
1LI1-11,2022,76.14653846153846,-0.9508511979823453,122.07153846153847,-4.250116709048527
1LI1-11,2023,-53.43346153846153,2.9916078184110972,-12.39846153846154,-2.624283375715194
1LI1-12,2008,-41.68346153846153,-2.285933165195459,-6.208461538461535,-2.283162852299216
1LI1-12,2009,-4.98346153846154,-2.8524905422446416,66.21153846153845,-2.5714500423818607
1LI1-12,2010,79.65653846153845,-1.6170807061790669,29.03153846153846,1.8887999576181396
1LI1-12,2011,10.256538461538469,-2.378064312736445,45.041538461538465,-2.359116709048527
1LI1-12,2012,-45.633461538461546,0.836853720050442,41.19153846153846,4.443861941089214
1LI1-12,2013,-5.173461538461538,-0.703474148802016,60.761538461538464,-3.339533375715194
1LI1-12,2014,91.50653846153847,-1.708392181588902,76.86153846153846,-4.58220004238186
1LI1-12,2015,20.576538461538462,-0.8285561160151325,-19.00846153846154,0.4806332909514728
1LI1-12,2016,35.00653846153847,0.38095208070618014,-2.0784615384615392,1.181134668361941
1LI1-12,2017,-41.49346153846153,-0.7751134930643104,6.451538461538462,0.9377166242848062
1LI1-12,2018,-50.083461538461535,2.5943947036569988,-4.328461538461539,-2.146033375715194
1LI1-12,2019,-59.053461538461534,-1.272982345523328,36.89153846153846,-3.6623667090485275
1LI1-12,2020,56.25653846153847,-0.6329823455233274,9.731538461538463,-0.7861380589107861
1LI1-12,2021,-66.46346153846154,1.7781651954602786,-30.458461538461542,1.598966624284806
1LI1-12,2022,76.14653846153846,-0.9508511979823453,122.07153846153847,-4.250116709048527
1LI1-12,2023,-53.43346153846153,2.9916078184110972,-12.39846153846154,-2.624283375715194
1LI1-13,2008,-41.54576923076925,-2.2789092055485476,-6.3246153846153845,-2.2762495496927317
1LI1-13,2009,-4.355769230769226,-2.8531715006305163,65.7353846153846,-2.565208227378682
1LI1-13,2010,80.56423076923076,-1.612679697351826,29.095384615384617,1.8983751059546514
1LI1-13,2011,26.674230769230775,-2.3703846153846158,45.005384615384614,-2.3501248940453485
1LI1-13,2012,-45.43576923076924,0.840762925598991,40.80538461538461,4.44870912799322
1LI1-13,2013,-7.44576923076923,-0.6982534678436316,60.98538461538463,-3.333958227378682
1LI1-13,2014,106.62423076923076,-1.7028436317780553,76.84538461538462,-4.580208227378682
1LI1-13,2015,20.76423076923075,-0.8202206809583856,-18.824615384615385,0.48129177262131806
1LI1-13,2016,36.634230769230754,0.3894514501891564,-1.9846153846153811,1.1803620205552023
1LI1-13,2017,-42.51576923076925,-0.7725157629255968,6.595384615384617,0.9394584392879847
1LI1-13,2018,-50.30576923076924,2.6040416141235845,-4.5546153846153885,-2.1326248940453487
1LI1-13,2019,-58.925769230769234,-1.26497477931904,36.58538461538461,-3.653958227378682
1LI1-13,2020,57.61423076923077,-0.6246469104665806,9.235384615384618,-0.774596657130748
1LI1-13,2021,-66.58576923076923,1.7825662042875159,-30.09461538461538,1.607541772621318
1LI1-13,2022,75.74423076923077,-0.9472698612862516,121.93538461538462,-4.246374894045348
1LI1-13,2023,-53.55576923076924,2.997976040353091,-11.974615384615383,-2.6133748940453487
1LI1-14,2008,-41.54576923076925,-2.2789092055485476,-6.3246153846153845,-2.2762495496927317
1LI1-14,2009,-4.355769230769226,-2.8531715006305163,65.7353846153846,-2.565208227378682
1LI1-14,2010,80.56423076923076,-1.612679697351826,29.095384615384617,1.8983751059546514
1LI1-14,2011,26.674230769230775,-2.3703846153846158,45.005384615384614,-2.3501248940453485
1LI1-14,2012,-45.43576923076924,0.840762925598991,40.80538461538461,4.44870912799322
1LI1-14,2013,-7.44576923076923,-0.6982534678436316,60.98538461538463,-3.333958227378682
1LI1-14,2014,106.62423076923076,-1.7028436317780553,76.84538461538462,-4.580208227378682
1LI1-14,2015,20.76423076923075,-0.8202206809583856,-18.824615384615385,0.48129177262131806
1LI1-14,2016,36.634230769230754,0.3894514501891564,-1.9846153846153811,1.1803620205552023
1LI1-14,2017,-42.51576923076925,-0.7725157629255968,6.595384615384617,0.9394584392879847
1LI1-14,2018,-50.30576923076924,2.6040416141235845,-4.5546153846153885,-2.1326248940453487
1LI1-14,2019,-58.925769230769234,-1.26497477931904,36.58538461538461,-3.653958227378682
1LI1-14,2020,57.61423076923077,-0.6246469104665806,9.235384615384618,-0.774596657130748
1LI1-14,2021,-66.58576923076923,1.7825662042875159,-30.09461538461538,1.607541772621318
1LI1-14,2022,75.74423076923077,-0.9472698612862516,121.93538461538462,-4.246374894045348
1LI1-14,2023,-53.55576923076924,2.997976040353091,-11.974615384615383,-2.6133748940453487
1LI1-15,2008,-41.63615384615386,-2.27656998738966,-7.198846153846148,-2.2788259165077345
1LI1-15,2009,-3.7961538461538566,-2.8523076923076935,65.04115384615386,-2.5792102140283957
1LI1-15,2010,82.39384615384614,-1.6111601513240856,28.60115384615385,1.8827064526382709
1LI1-15,2011,26.713846153846163,-2.377881462799497,44.141153846153856,-2.3558768806950625
1LI1-15,2012,-45.18615384615384,0.8370365699873901,40.031153846153856,4.451339372748464
1LI1-15,2013,-5.5161538461538555,-0.7054224464060539,61.091153846153844,-3.3412102140283957
1LI1-15,2014,106.56384615384616,-1.704274905422448,75.90115384615385,-4.576293547361729
1LI1-15,2015,21.12384615384616,-0.8246027742749078,-19.32884615384615,0.48728978597160416
1LI1-15,2016,36.053846153846166,0.3921185372005027,-2.3288461538461576,1.185388959525323
1LI1-15,2017,-42.83615384615385,-0.7668978562421209,5.781153846153842,0.9351231193049374
1LI1-15,2018,-50.196153846153834,2.6093316519546015,-5.188846153846157,-2.1301268806950624
1LI1-15,2019,-58.56615384615385,-1.2634552332912996,36.17115384615386,-3.6572935473617294
1LI1-15,2020,51.41384615384615,-0.6241109709962167,9.091153846153844,-0.7781647594829415
1LI1-15,2021,-65.78615384615385,1.7811349306431268,-30.958846153846153,1.6131231193049373
1LI1-15,2022,71.84384615384616,-0.9468978562421206,120.30115384615385,-4.245126880695063
1LI1-15,2023,-65.52615384615385,3.001298865069355,-12.068846153846152,-2.6283768806950625
1LI1-24,2008,-41.63615384615386,-2.27656998738966,-7.198846153846148,-2.2788259165077345
1LI1-24,2009,-3.7961538461538566,-2.8523076923076935,65.04115384615386,-2.5792102140283957
1LI1-24,2010,82.39384615384614,-1.6111601513240856,28.60115384615385,1.8827064526382709
1LI1-24,2011,26.713846153846163,-2.377881462799497,44.141153846153856,-2.3558768806950625
1LI1-24,2012,-45.18615384615384,0.8370365699873901,40.031153846153856,4.451339372748464
1LI1-24,2013,-5.5161538461538555,-0.7054224464060539,61.091153846153844,-3.3412102140283957
1LI1-24,2014,106.56384615384616,-1.704274905422448,75.90115384615385,-4.576293547361729
1LI1-24,2015,21.12384615384616,-0.8246027742749078,-19.32884615384615,0.48728978597160416
1LI1-24,2016,36.053846153846166,0.3921185372005027,-2.3288461538461576,1.185388959525323
1LI1-24,2017,-42.83615384615385,-0.7668978562421209,5.781153846153842,0.9351231193049374
1LI1-24,2018,-50.196153846153834,2.6093316519546015,-5.188846153846157,-2.1301268806950624
1LI1-24,2019,-58.56615384615385,-1.2634552332912996,36.17115384615386,-3.6572935473617294
1LI1-24,2020,51.41384615384615,-0.6241109709962167,9.091153846153844,-0.7781647594829415
1LI1-24,2021,-65.78615384615385,1.7811349306431268,-30.958846153846153,1.6131231193049373
1LI1-24,2022,71.84384615384616,-0.9468978562421206,120.30115384615385,-4.245126880695063
1LI1-24,2023,-65.52615384615385,3.001298865069355,-12.068846153846152,-2.6283768806950625
1LI3-01,2008,-36.72346153846155,-2.065441361916772,-10.102692307692308,-1.9429165872006782
1LI3-01,2009,39.436538461538476,-2.9242938209331655,74.30730769230769,-2.352066036236491
1LI3-01,2010,122.44653846153844,-1.4675725094577565,20.39730769230769,2.272600630430176
1LI3-01,2011,24.606538461538463,-2.147080706179068,54.017307692307696,-2.002399369569824
1LI3-01,2012,-48.64346153846154,0.8680012610340491,16.517307692307696,4.623447049162959
1LI3-01,2013,9.146538461538455,-0.6423266078184113,43.2773076923077,-3.159066036236491
1LI3-01,2014,96.22653846153847,-1.5106872635561146,69.3873076923077,-4.660566036236491
1LI3-01,2015,37.04653846153846,-0.5601954602774271,-5.692692307692312,0.5092672970968426
1LI3-01,2016,59.74653846153845,0.6206242118537197,14.397307692307692,1.105182586353041
1LI3-01,2017,-60.633461538461546,-0.6444577553593938,6.517307692307696,1.0225172970968426
1LI3-01,2018,-29.23346153846154,2.8684930643127373,-29.842692307692303,-1.6184827029031572
1LI3-01,2019,-60.83346153846155,-1.0192118537200514,18.4973076923077,-3.299899369569824
1LI3-01,2020,87.89653846153848,-0.34265447667086946,-9.962692307692308,-0.26845377728332276
1LI3-01,2021,-56.723461538461535,1.8604602774274888,-29.1726923076923,1.935683963763509
1LI3-01,2022,45.59653846153847,-0.8887200504413606,117.89730769230769,-4.039649369569824
1LI3-01,2023,-69.32346153846154,3.137017654476672,9.707307692307694,-2.182649369569824
1LI3-02,2008,-37.13730769230767,-2.0641109709962144,-9.778461538461542,-1.9411735007416826
1LI3-02,2009,37.312692307692316,-2.921488020176543,74.47153846153847,-2.345674878152151
1LI3-02,2010,120.65269230769232,-1.4646027742749048,20.221538461538458,2.2864917885145157
1LI3-02,2011,24.342692307692317,-2.1418158890290044,52.66153846153847,-1.9955915448188175
1LI3-02,2012,-49.52730769230769,0.872610340479195,16.221538461538458,4.62155377198559
1LI3-02,2013,7.65269230769232,-0.6365699873896595,44.53153846153846,-3.146508211485484
1LI3-02,2014,94.01269230769233,-1.5073896595208076,69.01153846153846,-4.657424878152151
1LI3-02,2015,36.2026923076923,-0.5591929382093319,-6.208461538461535,0.5015751218478491
1LI3-02,2016,58.71269230769232,0.6186759142496854,13.151538461538465,1.1008099703326975
1LI3-02,2017,-61.05730769230769,-0.6483732660781847,6.78153846153846,1.0244084551811825
1LI3-02,2018,-30.467307692307685,2.8645775535939464,-30.18846153846154,-1.6186748781521507
1LI3-02,2019,-63.04730769230768,-1.020832282471627,17.551538461538456,-3.2933415448188175
1LI3-02,2020,81.68269230769235,-0.34312736443883907,-9.948461538461544,-0.2618346577664761
1LI3-02,2021,-59.72730769230769,1.8614627994955875,-28.958461538461542,1.929825121847849
1LI3-02,2022,45.7026923076923,-0.8891929382093302,117.69153846153847,-4.036341544818818
1LI3-02,2023,-69.96730769230768,3.129167717528375,9.691538461538457,-2.162091544818818
1LI3-03,2008,-37.13730769230767,-2.0641109709962144,-9.778461538461542,-1.9411735007416826
1LI3-03,2009,37.312692307692316,-2.921488020176543,74.47153846153847,-2.345674878152151
1LI3-03,2010,120.65269230769232,-1.4646027742749048,20.221538461538458,2.2864917885145157
1LI3-03,2011,24.342692307692317,-2.1418158890290044,52.66153846153847,-1.9955915448188175
1LI3-03,2012,-49.52730769230769,0.872610340479195,16.221538461538458,4.62155377198559
1LI3-03,2013,7.65269230769232,-0.6365699873896595,44.53153846153846,-3.146508211485484
1LI3-03,2014,94.01269230769233,-1.5073896595208076,69.01153846153846,-4.657424878152151
1LI3-03,2015,36.2026923076923,-0.5591929382093319,-6.208461538461535,0.5015751218478491
1LI3-03,2016,58.71269230769232,0.6186759142496854,13.151538461538465,1.1008099703326975
1LI3-03,2017,-61.05730769230769,-0.6483732660781847,6.78153846153846,1.0244084551811825
1LI3-03,2018,-30.467307692307685,2.8645775535939464,-30.18846153846154,-1.6186748781521507
1LI3-03,2019,-63.04730769230768,-1.020832282471627,17.551538461538456,-3.2933415448188175
1LI3-03,2020,81.68269230769235,-0.34312736443883907,-9.948461538461544,-0.2618346577664761
1LI3-03,2021,-59.72730769230769,1.8614627994955875,-28.958461538461542,1.929825121847849
1LI3-03,2022,45.7026923076923,-0.8891929382093302,117.69153846153847,-4.036341544818818
1LI3-03,2023,-69.96730769230768,3.129167717528375,9.691538461538457,-2.162091544818818
1LI3-04,2008,-38.87038461538461,-2.07355611601513,-9.834615384615375,-1.9490743536766266
1LI3-04,2009,35.66961538461538,-2.923064312736443,73.95538461538463,-2.3526390919686375
1LI3-04,2010,118.7496153846154,-1.469457755359393,20.555384615384625,2.2746942413646956
1LI3-04,2011,23.519615384615378,-2.1501134930643104,53.95538461538463,-2.005722425301971
1LI3-04,2012,-50.80038461538463,0.8695586380832303,16.145384615384614,4.614809943844035
1LI3-04,2013,6.609615384615381,-0.6401134930643124,45.36538461538463,-3.155222425301971
1LI3-04,2014,94.81961538461539,-1.514703656998737,69.52538461538462,-4.662972425301971
1LI3-04,2015,34.09961538461536,-0.5674905422446379,-7.134615384615373,0.49927757469802914
1LI3-04,2016,57.10961538461538,0.6105422446406052,15.765384615384619,1.1009256463233736
1LI3-04,2017,-58.24038461538463,-0.6561790668348024,6.835384615384626,1.0209442413646959
1LI3-04,2018,-31.870384615384637,2.8544766708701133,-29.934615384615377,-1.6346390919686375
1LI3-04,2019,-63.78038461538462,-1.0314249684741483,18.055384615384625,-3.305139091968637
1LI3-04,2020,79.64961538461537,-0.35470365699873696,-10.06461538461538,-0.27981815532951915
1LI3-04,2021,-62.820384615384626,1.857263556116017,-28.764615384615382,1.9197775746980292
1LI3-04,2022,46.48961538461538,-0.8937200504413596,117.25538461538461,-4.044055758635304
1LI3-04,2023,-66.21038461538463,3.1239848675914246,9.475384615384627,-2.175305758635304
1LI3-05,2008,-38.87038461538461,-2.07355611601513,-9.834615384615375,-1.9490743536766266
1LI3-05,2009,35.66961538461538,-2.923064312736443,73.95538461538463,-2.3526390919686375
1LI3-05,2010,118.7496153846154,-1.469457755359393,20.555384615384625,2.2746942413646956
1LI3-05,2011,23.519615384615378,-2.1501134930643104,53.95538461538463,-2.005722425301971
1LI3-05,2012,-50.80038461538463,0.8695586380832303,16.145384615384614,4.614809943844035
1LI3-05,2013,6.609615384615381,-0.6401134930643124,45.36538461538463,-3.155222425301971
1LI3-05,2014,94.81961538461539,-1.514703656998737,69.52538461538462,-4.662972425301971
1LI3-05,2015,34.09961538461536,-0.5674905422446379,-7.134615384615373,0.49927757469802914
1LI3-05,2016,57.10961538461538,0.6105422446406052,15.765384615384619,1.1009256463233736
1LI3-05,2017,-58.24038461538463,-0.6561790668348024,6.835384615384626,1.0209442413646959
1LI3-05,2018,-31.870384615384637,2.8544766708701133,-29.934615384615377,-1.6346390919686375
1LI3-05,2019,-63.78038461538462,-1.0314249684741483,18.055384615384625,-3.305139091968637
1LI3-05,2020,79.64961538461537,-0.35470365699873696,-10.06461538461538,-0.27981815532951915
1LI3-05,2021,-62.820384615384626,1.857263556116017,-28.764615384615382,1.9197775746980292
1LI3-05,2022,46.48961538461538,-0.8937200504413596,117.25538461538461,-4.044055758635304
1LI3-05,2023,-66.21038461538463,3.1239848675914246,9.475384615384627,-2.175305758635304
1LI3-06,2008,-38.87038461538461,-2.07355611601513,-9.834615384615375,-1.9490743536766266
1LI3-06,2009,35.66961538461538,-2.923064312736443,73.95538461538463,-2.3526390919686375
1LI3-06,2010,118.7496153846154,-1.469457755359393,20.555384615384625,2.2746942413646956
1LI3-06,2011,23.519615384615378,-2.1501134930643104,53.95538461538463,-2.005722425301971
1LI3-06,2012,-50.80038461538463,0.8695586380832303,16.145384615384614,4.614809943844035
1LI3-06,2013,6.609615384615381,-0.6401134930643124,45.36538461538463,-3.155222425301971
1LI3-06,2014,94.81961538461539,-1.514703656998737,69.52538461538462,-4.662972425301971
1LI3-06,2015,34.09961538461536,-0.5674905422446379,-7.134615384615373,0.49927757469802914
1LI3-06,2016,57.10961538461538,0.6105422446406052,15.765384615384619,1.1009256463233736
1LI3-06,2017,-58.24038461538463,-0.6561790668348024,6.835384615384626,1.0209442413646959
1LI3-06,2018,-31.870384615384637,2.8544766708701133,-29.934615384615377,-1.6346390919686375
1LI3-06,2019,-63.78038461538462,-1.0314249684741483,18.055384615384625,-3.305139091968637
1LI3-06,2020,79.64961538461537,-0.35470365699873696,-10.06461538461538,-0.27981815532951915
1LI3-06,2021,-62.820384615384626,1.857263556116017,-28.764615384615382,1.9197775746980292
1LI3-06,2022,46.48961538461538,-0.8937200504413596,117.25538461538461,-4.044055758635304
1LI3-06,2023,-66.21038461538463,3.1239848675914246,9.475384615384627,-2.175305758635304
1LI3-07,2008,-38.92730769230769,-2.0766834804539727,-10.186538461538461,-1.951577717736809
1LI3-07,2009,37.62269230769229,-2.926519546027741,74.20346153846155,-2.3612457618139437
1LI3-07,2010,120.14269230769233,-1.4758638083228242,21.173461538461538,2.26033757151939
1LI3-07,2011,23.222692307692313,-2.155863808322824,54.20346153846155,-2.0136624284806106
1LI3-07,2012,-50.267307692307696,0.8606935687263579,17.01346153846154,4.615281786395423
1LI3-07,2013,7.532692307692315,-0.6483228247162671,45.77346153846155,-3.1721624284806107
1LI3-07,2014,96.40269230769232,-1.5199621689785623,70.27346153846155,-4.668995761813943
1LI3-07,2015,34.38269230769231,-0.5716015132408572,-6.356538461538463,0.5044209048527232
1LI3-07,2016,57.532692307692315,0.6097099621689779,11.523461538461547,1.1004883979656708
1LI3-07,2017,-62.1873076923077,-0.6560277427490533,7.5334615384615375,1.016920904852723
1LI3-07,2018,-31.167307692307702,2.8523329129886505,-29.286538461538456,-1.6359124284806104
1LI3-07,2019,-62.1873076923077,-1.0348802017654464,19.48346153846154,-3.3142457618139436
1LI3-07,2020,80.96269230769232,-0.35471626733921724,-9.77653846153845,-0.285544659885569
1LI3-07,2021,-59.0273076923077,1.8516771752837329,-28.786538461538456,1.9230875715193898
1LI3-07,2022,45.69269230769231,-0.8963556116015141,118.20346153846155,-4.048745761813944
1LI3-07,2023,-66.25730769230769,3.129546027742748,9.72346153846155,-2.1961624284806103
1SI1-01,2008,-40.301538461538485,-2.173026481715006,-15.413076923076922,-2.4233655435473618
1SI1-01,2009,-14.511538461538464,-2.5900756620428744,73.00692307692309,-2.6531830366603093
1SI1-01,2010,59.00846153846152,-1.4879445145018906,33.43692307692308,1.8442336300063573
1SI1-01,2011,0.4684615384615256,-2.2677805800756623,40.60692307692308,-2.463849703326976
1SI1-01,2012,-55.891538461538474,1.0515636822194203,39.456923076923076,4.400684043229498
1SI1-01,2013,29.81846153846152,-0.6174527112232049,74.55692307692307,-3.3494330366603093
1SI1-01,2014,86.55846153846156,-1.5930264817150075,76.18692307692307,-4.393433036660309
1SI1-01,2015,19.918461538461514,-0.8602395964691034,-24.84307692307692,0.488400296673024
1SI1-01,2016,-3.0415384615384653,0.41254728877679625,-4.003076923076918,1.3110146217418945
1SI1-01,2017,-31.21153846153848,-0.7212232030264829,6.536923076923074,1.0658169633396908
1SI1-01,2018,-23.861538461538487,2.645498108448926,2.536923076923074,-2.4316830366603095
1SI1-01,2019,-78.77153846153847,-1.260403530895335,44.96692307692308,-3.877516369993643
1SI1-01,2020,45.01846153846154,-0.7243379571248418,-3.44307692307693,-1.0364233947870312
1SI1-01,2021,-102.65153846153848,1.8928751576292555,-25.59307692307693,1.3726502966730239
1SI1-01,2022,56.72846153846152,-0.7681084489281211,145.05692307692306,-4.275433036660309
1SI1-01,2023,-62.21153846153848,3.0718915510718787,-3.163076923076929,-2.782099703326976
1SI1-02,2008,-40.301538461538485,-2.173026481715006,-15.413076923076922,-2.4233655435473618
1SI1-02,2009,-14.511538461538464,-2.5900756620428744,73.00692307692309,-2.6531830366603093
1SI1-02,2010,59.00846153846152,-1.4879445145018906,33.43692307692308,1.8442336300063573
1SI1-02,2011,0.4684615384615256,-2.2677805800756623,40.60692307692308,-2.463849703326976
1SI1-02,2012,-55.891538461538474,1.0515636822194203,39.456923076923076,4.400684043229498
1SI1-02,2013,29.81846153846152,-0.6174527112232049,74.55692307692307,-3.3494330366603093
1SI1-02,2014,86.55846153846156,-1.5930264817150075,76.18692307692307,-4.393433036660309
1SI1-02,2015,19.918461538461514,-0.8602395964691034,-24.84307692307692,0.488400296673024
1SI1-02,2016,-3.0415384615384653,0.41254728877679625,-4.003076923076918,1.3110146217418945
1SI1-02,2017,-31.21153846153848,-0.7212232030264829,6.536923076923074,1.0658169633396908
1SI1-02,2018,-23.861538461538487,2.645498108448926,2.536923076923074,-2.4316830366603095
1SI1-02,2019,-78.77153846153847,-1.260403530895335,44.96692307692308,-3.877516369993643
1SI1-02,2020,45.01846153846154,-0.7243379571248418,-3.44307692307693,-1.0364233947870312
1SI1-02,2021,-102.65153846153848,1.8928751576292555,-25.59307692307693,1.3726502966730239
1SI1-02,2022,56.72846153846152,-0.7681084489281211,145.05692307692306,-4.275433036660309
1SI1-02,2023,-62.21153846153848,3.0718915510718787,-3.163076923076929,-2.782099703326976
1SI1-03,2008,-40.301538461538485,-2.173026481715006,-15.413076923076922,-2.4233655435473618
1SI1-03,2009,-14.511538461538464,-2.5900756620428744,73.00692307692309,-2.6531830366603093
1SI1-03,2010,59.00846153846152,-1.4879445145018906,33.43692307692308,1.8442336300063573
1SI1-03,2011,0.4684615384615256,-2.2677805800756623,40.60692307692308,-2.463849703326976
1SI1-03,2012,-55.891538461538474,1.0515636822194203,39.456923076923076,4.400684043229498
1SI1-03,2013,29.81846153846152,-0.6174527112232049,74.55692307692307,-3.3494330366603093
1SI1-03,2014,86.55846153846156,-1.5930264817150075,76.18692307692307,-4.393433036660309
1SI1-03,2015,19.918461538461514,-0.8602395964691034,-24.84307692307692,0.488400296673024
1SI1-03,2016,-3.0415384615384653,0.41254728877679625,-4.003076923076918,1.3110146217418945
1SI1-03,2017,-31.21153846153848,-0.7212232030264829,6.536923076923074,1.0658169633396908
1SI1-03,2018,-23.861538461538487,2.645498108448926,2.536923076923074,-2.4316830366603095
1SI1-03,2019,-78.77153846153847,-1.260403530895335,44.96692307692308,-3.877516369993643
1SI1-03,2020,45.01846153846154,-0.7243379571248418,-3.44307692307693,-1.0364233947870312
1SI1-03,2021,-102.65153846153848,1.8928751576292555,-25.59307692307693,1.3726502966730239
1SI1-03,2022,56.72846153846152,-0.7681084489281211,145.05692307692306,-4.275433036660309
1SI1-03,2023,-62.21153846153848,3.0718915510718787,-3.163076923076929,-2.782099703326976
1SI1-04,2008,-40.301538461538485,-2.173026481715006,-15.413076923076922,-2.4233655435473618
1SI1-04,2009,-14.511538461538464,-2.5900756620428744,73.00692307692309,-2.6531830366603093
1SI1-04,2010,59.00846153846152,-1.4879445145018906,33.43692307692308,1.8442336300063573
1SI1-04,2011,0.4684615384615256,-2.2677805800756623,40.60692307692308,-2.463849703326976
1SI1-04,2012,-55.891538461538474,1.0515636822194203,39.456923076923076,4.400684043229498
1SI1-04,2013,29.81846153846152,-0.6174527112232049,74.55692307692307,-3.3494330366603093
1SI1-04,2014,86.55846153846156,-1.5930264817150075,76.18692307692307,-4.393433036660309
1SI1-04,2015,19.918461538461514,-0.8602395964691034,-24.84307692307692,0.488400296673024
1SI1-04,2016,-3.0415384615384653,0.41254728877679625,-4.003076923076918,1.3110146217418945
1SI1-04,2017,-31.21153846153848,-0.7212232030264829,6.536923076923074,1.0658169633396908
1SI1-04,2018,-23.861538461538487,2.645498108448926,2.536923076923074,-2.4316830366603095
1SI1-04,2019,-78.77153846153847,-1.260403530895335,44.96692307692308,-3.877516369993643
1SI1-04,2020,45.01846153846154,-0.7243379571248418,-3.44307692307693,-1.0364233947870312
1SI1-04,2021,-102.65153846153848,1.8928751576292555,-25.59307692307693,1.3726502966730239
1SI1-04,2022,56.72846153846152,-0.7681084489281211,145.05692307692306,-4.275433036660309
1SI1-04,2023,-62.21153846153848,3.0718915510718787,-3.163076923076929,-2.782099703326976
1SI1-05,2008,-40.301538461538485,-2.173026481715006,-15.413076923076922,-2.4233655435473618
1SI1-05,2009,-14.511538461538464,-2.5900756620428744,73.00692307692309,-2.6531830366603093
1SI1-05,2010,59.00846153846152,-1.4879445145018906,33.43692307692308,1.8442336300063573
1SI1-05,2011,0.4684615384615256,-2.2677805800756623,40.60692307692308,-2.463849703326976
1SI1-05,2012,-55.891538461538474,1.0515636822194203,39.456923076923076,4.400684043229498
1SI1-05,2013,29.81846153846152,-0.6174527112232049,74.55692307692307,-3.3494330366603093
1SI1-05,2014,86.55846153846156,-1.5930264817150075,76.18692307692307,-4.393433036660309
1SI1-05,2015,19.918461538461514,-0.8602395964691034,-24.84307692307692,0.488400296673024
1SI1-05,2016,-3.0415384615384653,0.41254728877679625,-4.003076923076918,1.3110146217418945
1SI1-05,2017,-31.21153846153848,-0.7212232030264829,6.536923076923074,1.0658169633396908
1SI1-05,2018,-23.861538461538487,2.645498108448926,2.536923076923074,-2.4316830366603095
1SI1-05,2019,-78.77153846153847,-1.260403530895335,44.96692307692308,-3.877516369993643
1SI1-05,2020,45.01846153846154,-0.7243379571248418,-3.44307692307693,-1.0364233947870312
1SI1-05,2021,-102.65153846153848,1.8928751576292555,-25.59307692307693,1.3726502966730239
1SI1-05,2022,56.72846153846152,-0.7681084489281211,145.05692307692306,-4.275433036660309
1SI1-05,2023,-62.21153846153848,3.0718915510718787,-3.163076923076929,-2.782099703326976
1SI1-06,2008,-40.33192307692309,-2.177673392181589,-15.628076923076918,-2.4283817016317015
1SI1-06,2009,-14.301923076923089,-2.5825914249684736,73.27192307692309,-2.6507611782157237
1SI1-06,2010,60.57807692307691,-1.4816078184110957,33.26192307692308,1.8525721551176095
1SI1-06,2011,-0.26192307692306827,-2.258001261034046,40.39192307692308,-2.45567784488239
1SI1-06,2012,-56.59192307692308,1.054457755359394,39.541923076923084,4.395172017376562
1SI1-06,2013,28.518076923076904,-0.6186569987389667,74.80192307692309,-3.3417611782157235
1SI1-06,2014,85.5480769230769,-1.5850504413619149,34.45192307692308,-4.385094511549057
1SI1-06,2015,19.21807692307692,-0.85750945775535925,-24.098076923076917,0.4860721551176095
1SI1-06,2016,-4.7419230769230865,0.41888398486759115,-3.148076923076914,1.3140976372112736
1SI1-06,2017,-32.09192307692308,-0.7243947036569978,5.691923076923089,1.0747388217842764
1SI1-06,2018,-23.78192307692308,2.645113493064315,2.111923076923091,-2.4190111782157233
1SI1-06,2019,-78.72192307692308,-1.271443883984869,46.181923076923084,-3.8677611782157233
1SI1-06,2020,45.9880769230769,-0.716853720050441,-3.7380769230769175,-1.0178858338631067
1SI1-06,2021,-105.10192307692309,1.9003593947036563,-25.36807692307692,1.3659888217842762
1SI1-06,2022,63.24807692307692,-0.7609520807061791,149.97192307692308,-4.268427844882391
1SI1-06,2023,-62.13192307692309,3.0728184110970993,-2.328076923076921,-2.7605945115490567
1SI1-07,2008,-40.33192307692309,-2.177673392181589,-15.628076923076918,-2.4283817016317015
1SI1-07,2009,-14.301923076923089,-2.5825914249684736,73.27192307692309,-2.6507611782157237
1SI1-07,2010,60.57807692307691,-1.4816078184110957,33.26192307692308,1.8525721551176095
1SI1-07,2011,-0.26192307692306827,-2.258001261034046,40.39192307692308,-2.45567784488239
1SI1-07,2012,-56.59192307692308,1.054457755359394,39.541923076923084,4.395172017376562
1SI1-07,2013,28.518076923076904,-0.6186569987389667,74.80192307692309,-3.3417611782157235
1SI1-07,2014,85.5480769230769,-1.5850504413619149,34.45192307692308,-4.385094511549057
1SI1-07,2015,19.21807692307692,-0.85750945775535925,-24.098076923076917,0.4860721551176095
1SI1-07,2016,-4.7419230769230865,0.41888398486759115,-3.148076923076914,1.3140976372112736
1SI1-07,2017,-32.09192307692308,-0.7243947036569978,5.691923076923089,1.0747388217842764
1SI1-07,2018,-23.78192307692308,2.645113493064315,2.111923076923091,-2.4190111782157233
1SI1-07,2019,-78.72192307692308,-1.271443883984869,46.181923076923084,-3.8677611782157233
1SI1-07,2020,45.9880769230769,-0.716853720050441,-3.7380769230769175,-1.0178858338631067
1SI1-07,2021,-105.10192307692309,1.9003593947036563,-25.36807692307692,1.3659888217842762
1SI1-07,2022,63.24807692307692,-0.7609520807061791,149.97192307692308,-4.268427844882391
1SI1-07,2023,-62.13192307692309,3.0728184110970993,-2.328076923076921,-2.7605945115490567
1SI1-08,2008,-40.33192307692309,-2.177673392181589,-15.628076923076918,-2.4283817016317015
1SI1-08,2009,-14.301923076923089,-2.5825914249684736,73.27192307692309,-2.6507611782157237
1SI1-08,2010,60.57807692307691,-1.4816078184110957,33.26192307692308,1.8525721551176095
1SI1-08,2011,-0.26192307692306827,-2.258001261034046,40.39192307692308,-2.45567784488239
1SI1-08,2012,-56.59192307692308,1.054457755359394,39.541923076923084,4.395172017376562
1SI1-08,2013,28.518076923076904,-0.6186569987389667,74.80192307692309,-3.3417611782157235
1SI1-08,2014,85.5480769230769,-1.5850504413619149,34.45192307692308,-4.385094511549057
1SI1-08,2015,19.21807692307692,-0.85750945775535925,-24.098076923076917,0.4860721551176095
1SI1-08,2016,-4.7419230769230865,0.41888398486759115,-3.148076923076914,1.3140976372112736
1SI1-08,2017,-32.09192307692308,-0.7243947036569978,5.691923076923089,1.0747388217842764
1SI1-08,2018,-23.78192307692308,2.645113493064315,2.111923076923091,-2.4190111782157233
1SI1-08,2019,-78.72192307692308,-1.271443883984869,46.181923076923084,-3.8677611782157233
1SI1-08,2020,45.9880769230769,-0.716853720050441,-3.7380769230769175,-1.0178858338631067
1SI1-08,2021,-105.10192307692309,1.9003593947036563,-25.36807692307692,1.3659888217842762
1SI1-08,2022,63.24807692307692,-0.7609520807061791,149.97192307692308,-4.268427844882391
1SI1-08,2023,-62.13192307692309,3.0728184110970993,-2.328076923076921,-2.7605945115490567
1SI1-09,2008,-40.33192307692309,-2.177673392181589,-15.628076923076918,-2.4283817016317015
1SI1-09,2009,-14.301923076923089,-2.5825914249684736,73.27192307692309,-2.6507611782157237
1SI1-09,2010,60.57807692307691,-1.4816078184110957,33.26192307692308,1.8525721551176095
1SI1-09,2011,-0.26192307692306827,-2.258001261034046,40.39192307692308,-2.45567784488239
1SI1-09,2012,-56.59192307692308,1.054457755359394,39.541923076923084,4.395172017376562
1SI1-09,2013,28.518076923076904,-0.6186569987389667,74.80192307692309,-3.3417611782157235
1SI1-09,2014,85.5480769230769,-1.5850504413619149,34.45192307692308,-4.385094511549057
1SI1-09,2015,19.21807692307692,-0.85750945775535925,-24.098076923076917,0.4860721551176095
1SI1-09,2016,-4.7419230769230865,0.41888398486759115,-3.148076923076914,1.3140976372112736
1SI1-09,2017,-32.09192307692308,-0.7243947036569978,5.691923076923089,1.0747388217842764
1SI1-09,2018,-23.78192307692308,2.645113493064315,2.111923076923091,-2.4190111782157233
1SI1-09,2019,-78.72192307692308,-1.271443883984869,46.181923076923084,-3.8677611782157233
1SI1-09,2020,45.9880769230769,-0.716853720050441,-3.7380769230769175,-1.0178858338631067
1SI1-09,2021,-105.10192307692309,1.9003593947036563,-25.36807692307692,1.3659888217842762
1SI1-09,2022,63.24807692307692,-0.7609520807061791,149.97192307692308,-4.268427844882391
1SI1-09,2023,-62.13192307692309,3.0728184110970993,-2.328076923076921,-2.7605945115490567
1SI1-10,2008,-40.33192307692309,-2.177673392181589,-15.628076923076918,-2.4283817016317015
1SI1-10,2009,-14.301923076923089,-2.5825914249684736,73.27192307692309,-2.6507611782157237
1SI1-10,2010,60.57807692307691,-1.4816078184110957,33.26192307692308,1.8525721551176095
1SI1-10,2011,-0.26192307692306827,-2.258001261034046,40.39192307692308,-2.45567784488239
1SI1-10,2012,-56.59192307692308,1.054457755359394,39.541923076923084,4.395172017376562
1SI1-10,2013,28.518076923076904,-0.6186569987389667,74.80192307692309,-3.3417611782157235
1SI1-10,2014,85.5480769230769,-1.5850504413619149,34.45192307692308,-4.385094511549057
1SI1-10,2015,19.21807692307692,-0.85750945775535925,-24.098076923076917,0.4860721551176095
1SI1-10,2016,-4.7419230769230865,0.41888398486759115,-3.148076923076914,1.3140976372112736
1SI1-10,2017,-32.09192307692308,-0.7243947036569978,5.691923076923089,1.0747388217842764
1SI1-10,2018,-23.78192307692308,2.645113493064315,2.111923076923091,-2.4190111782157233
1SI1-10,2019,-78.72192307692308,-1.271443883984869,46.181923076923084,-3.8677611782157233
1SI1-10,2020,45.9880769230769,-0.716853720050441,-3.7380769230769175,-1.0178858338631067
1SI1-10,2021,-105.10192307692309,1.9003593947036563,-25.36807692307692,1.3659888217842762
1SI1-10,2022,63.24807692307692,-0.7609520807061791,149.97192307692308,-4.268427844882391
1SI1-10,2023,-62.13192307692309,3.0728184110970993,-2.328076923076921,-2.7605945115490567
1SI1-11,2008,-36.49538461538464,-2.17921815889029,-15.69576923076923,-2.4255221445221444
1SI1-11,2009,-11.625384615384633,-2.574300126103406,73.89423076923077,-2.6559043759271033
1SI1-11,2010,63.39461538461538,-1.4767591424968458,33.21423076923077,1.8615122907395634
1SI1-11,2011,1.1346153846153584,-2.2500378310214373,37.294230769230765,-2.4489043759271034
1SI1-11,2012,-54.70538461538463,1.0553720050441378,39.814230769230775,4.3894365331638054
1SI1-11,2013,31.88461538461536,-0.6198738965952089,72.41423076923076,-3.331987709260437
1SI1-11,2014,86.95461538461535,-1.5746279949558648,33.36423076923077,-4.37282104259377
1SI1-11,2015,20.844615384615366,-0.8562673392181601,-24.755769230769232,0.48192895740623015
1SI1-11,2016,-2.275384615384638,0.41701134930643136,-2.6257692307692224,1.3126596736596736
1SI1-11,2017,-30.725384615384627,-0.7216771752837339,5.644230769230774,1.0865122907395635
1SI1-11,2018,-21.445384615384626,2.6445523329129905,1.8342307692307713,-2.404404375927103
1SI1-11,2019,-76.42538461538463,-1.2833165195460268,47.654230769230765,-3.8566543759271035
1SI1-11,2020,49.87461538461537,-0.708234552332911,-3.8657692307692315,-0.9978361941089213
1SI1-11,2021,-105.12538461538463,1.906847414880204,-25.565769230769234,1.3600956240728967
1SI1-11,2022,63.94461538461536,-0.7533165195460292,153.63423076923075,-4.259904375927103
1SI1-11,2023,-59.99538461538464,3.0724211853720043,-1.495769230769227,-2.7313210425937697
1SI2-01,2008,-51.52538461538461,-1.9851576292559905,-15.685769230769225,-1.9323233206187753
1SI2-01,2009,36.574615384615385,-2.9422068095838583,53.284230769230774,-2.495244808222081
1SI2-01,2010,177.5046153846154,-1.4733543505674653,12.834230769230771,2.1268385251112525
1SI2-01,2011,10.20461538461538,-2.177616645649433,36.35423076923077,-2.0324114748887476
1SI2-01,2012,-31.02538461538461,0.8753341740226972,4.264230769230764,4.744618828141555
1SI2-01,2013,4.4946153846154004,-0.6486002522068084,3.8842307692307685,-3.274744808222081
1SI2-01,2014,87.14461538461538,-1.4735182849936947,32.044230769230765,-4.575161474888748
1SI2-01,2015,36.834615384615375,-0.48679697351828466,-7.265769230769223,0.7066718584445857
1SI2-01,2016,54.89461538461538,0.7499243379571254,2.8142307692307753,1.2842882496291586
1SI2-01,2017,-68.47538461538461,-0.4389281210592699,-3.8857692307692275,1.056755191777919
1SI2-01,2018,-26.905384615384605,3.041727616645648,-23.285769230769233,-1.4709114748887475
1SI2-01,2019,-66.1553846153846,-0.8922068095838576,6.834230769230771,-3.249661474888748
1SI2-01,2020,120.39461538461538,-0.21679697351828509,-23.36576923076923,-0.2359596842551388
1SI2-01,2021,-57.11538461538461,1.902711223203024,-42.13576923076923,2.1272551917779188
1SI2-01,2022,-3.1053846153846223,-0.8169609079445159,100.89423076923076,-3.974161474888748
1SI2-01,2023,-85.66538461538461,3.332055485498106,2.224230769230772,-2.3523281415554145
1SI2-02,2008,-51.52538461538461,-1.9851576292559905,-15.685769230769225,-1.9323233206187753
1SI2-02,2009,36.574615384615385,-2.9422068095838583,53.284230769230774,-2.495244808222081
1SI2-02,2010,177.5046153846154,-1.4733543505674653,12.834230769230771,2.1268385251112525
1SI2-02,2011,10.20461538461538,-2.177616645649433,36.35423076923077,-2.0324114748887476
1SI2-02,2012,-31.02538461538461,0.8753341740226972,4.264230769230764,4.744618828141555
1SI2-02,2013,4.4946153846154004,-0.6486002522068084,3.8842307692307685,-3.274744808222081
1SI2-02,2014,87.14461538461538,-1.4735182849936947,32.044230769230765,-4.575161474888748
1SI2-02,2015,36.834615384615375,-0.48679697351828466,-7.265769230769223,0.7066718584445857
1SI2-02,2016,54.89461538461538,0.7499243379571254,2.8142307692307753,1.2842882496291586
1SI2-02,2017,-68.47538461538461,-0.4389281210592699,-3.8857692307692275,1.056755191777919
1SI2-02,2018,-26.905384615384605,3.041727616645648,-23.285769230769233,-1.4709114748887475
1SI2-02,2019,-66.1553846153846,-0.8922068095838576,6.834230769230771,-3.249661474888748
1SI2-02,2020,120.39461538461538,-0.21679697351828509,-23.36576923076923,-0.2359596842551388
1SI2-02,2021,-57.11538461538461,1.902711223203024,-42.13576923076923,2.1272551917779188
1SI2-02,2022,-3.1053846153846223,-0.8169609079445159,100.89423076923076,-3.974161474888748
1SI2-02,2023,-85.66538461538461,3.332055485498106,2.224230769230772,-2.3523281415554145
1SI2-03,2008,-51.52538461538461,-1.9851576292559905,-15.685769230769225,-1.9323233206187753
1SI2-03,2009,36.574615384615385,-2.9422068095838583,53.284230769230774,-2.495244808222081
1SI2-03,2010,177.5046153846154,-1.4733543505674653,12.834230769230771,2.1268385251112525
1SI2-03,2011,10.20461538461538,-2.177616645649433,36.35423076923077,-2.0324114748887476
1SI2-03,2012,-31.02538461538461,0.8753341740226972,4.264230769230764,4.744618828141555
1SI2-03,2013,4.4946153846154004,-0.6486002522068084,3.8842307692307685,-3.274744808222081
1SI2-03,2014,87.14461538461538,-1.4735182849936947,32.044230769230765,-4.575161474888748
1SI2-03,2015,36.834615384615375,-0.48679697351828466,-7.265769230769223,0.7066718584445857
1SI2-03,2016,54.89461538461538,0.7499243379571254,2.8142307692307753,1.2842882496291586
1SI2-03,2017,-68.47538461538461,-0.4389281210592699,-3.8857692307692275,1.056755191777919
1SI2-03,2018,-26.905384615384605,3.041727616645648,-23.285769230769233,-1.4709114748887475
1SI2-03,2019,-66.1553846153846,-0.8922068095838576,6.834230769230771,-3.249661474888748
1SI2-03,2020,120.39461538461538,-0.21679697351828509,-23.36576923076923,-0.2359596842551388
1SI2-03,2021,-57.11538461538461,1.902711223203024,-42.13576923076923,2.1272551917779188
1SI2-03,2022,-3.1053846153846223,-0.8169609079445159,100.89423076923076,-3.974161474888748
1SI2-03,2023,-85.66538461538461,3.332055485498106,2.224230769230772,-2.3523281415554145
1SI2-04,2008,-51.52538461538461,-1.9851576292559905,-15.685769230769225,-1.9323233206187753
1SI2-04,2009,36.574615384615385,-2.9422068095838583,53.284230769230774,-2.495244808222081
1SI2-04,2010,177.5046153846154,-1.4733543505674653,12.834230769230771,2.1268385251112525
1SI2-04,2011,10.20461538461538,-2.177616645649433,36.35423076923077,-2.0324114748887476
1SI2-04,2012,-31.02538461538461,0.8753341740226972,4.264230769230764,4.744618828141555
1SI2-04,2013,4.4946153846154004,-0.6486002522068084,3.8842307692307685,-3.274744808222081
1SI2-04,2014,87.14461538461538,-1.4735182849936947,32.044230769230765,-4.575161474888748
1SI2-04,2015,36.834615384615375,-0.48679697351828466,-7.265769230769223,0.7066718584445857
1SI2-04,2016,54.89461538461538,0.7499243379571254,2.8142307692307753,1.2842882496291586
1SI2-04,2017,-68.47538461538461,-0.4389281210592699,-3.8857692307692275,1.056755191777919
1SI2-04,2018,-26.905384615384605,3.041727616645648,-23.285769230769233,-1.4709114748887475
1SI2-04,2019,-66.1553846153846,-0.8922068095838576,6.834230769230771,-3.249661474888748
1SI2-04,2020,120.39461538461538,-0.21679697351828509,-23.36576923076923,-0.2359596842551388
1SI2-04,2021,-57.11538461538461,1.902711223203024,-42.13576923076923,2.1272551917779188
1SI2-04,2022,-3.1053846153846223,-0.8169609079445159,100.89423076923076,-3.974161474888748
1SI2-04,2023,-85.66538461538461,3.332055485498106,2.224230769230772,-2.3523281415554145
1SI2-05,2008,-51.52538461538461,-1.9851576292559905,-15.685769230769225,-1.9323233206187753
1SI2-05,2009,36.574615384615385,-2.9422068095838583,53.284230769230774,-2.495244808222081
1SI2-05,2010,177.5046153846154,-1.4733543505674653,12.834230769230771,2.1268385251112525
1SI2-05,2011,10.20461538461538,-2.177616645649433,36.35423076923077,-2.0324114748887476
1SI2-05,2012,-31.02538461538461,0.8753341740226972,4.264230769230764,4.744618828141555
1SI2-05,2013,4.4946153846154004,-0.6486002522068084,3.8842307692307685,-3.274744808222081
1SI2-05,2014,87.14461538461538,-1.4735182849936947,32.044230769230765,-4.575161474888748
1SI2-05,2015,36.834615384615375,-0.48679697351828466,-7.265769230769223,0.7066718584445857
1SI2-05,2016,54.89461538461538,0.7499243379571254,2.8142307692307753,1.2842882496291586
1SI2-05,2017,-68.47538461538461,-0.4389281210592699,-3.8857692307692275,1.056755191777919
1SI2-05,2018,-26.905384615384605,3.041727616645648,-23.285769230769233,-1.4709114748887475
1SI2-05,2019,-66.1553846153846,-0.8922068095838576,6.834230769230771,-3.249661474888748
1SI2-05,2020,120.39461538461538,-0.21679697351828509,-23.36576923076923,-0.2359596842551388
1SI2-05,2021,-57.11538461538461,1.902711223203024,-42.13576923076923,2.1272551917779188
1SI2-05,2022,-3.1053846153846223,-0.8169609079445159,100.89423076923076,-3.974161474888748
1SI2-05,2023,-85.66538461538461,3.332055485498106,2.224230769230772,-2.3523281415554145
1SI3-01,2008,-41.80961538461537,-2.1101828499369475,-7.3315384615384716,-2.0331654481881754
1SI3-01,2009,29.820384615384626,-2.925428751576291,68.73846153846152,-2.448892032210214
1SI3-01,2010,123.0703846153846,-1.5280517023959632,23.22846153846153,2.1240246344564526
1SI3-01,2011,21.590384615384608,-2.2244451450189153,43.75846153846153,-2.124142032210214
1SI3-01,2012,-36.23961538461538,0.827358133669609,17.128461538461536,4.598074221233312
1SI3-01,2013,5.480384615384622,-0.680674653215636,44.428461538461534,-3.2747253655435475
1SI3-01,2014,117.30038461538462,-1.571658259773013,69.63846153846153,-4.652642032210214
1SI3-01,2015,38.01038461538462,-0.627395964691047,-8.80153846153847,0.5337746344564527
1SI3-01,2016,59.020384615384614,0.5867023959646929,10.628461538461536,1.1478262873490146
1SI3-01,2017,-54.00961538461537,-0.6431336696090781,7.44846153846153,0.9741913011231194
1SI3-01,2018,-19.85961538461538,2.8271941992433796,-24.281538461538467,-1.707558698876881
1SI3-01,2019,-62.92961538461539,-1.0703467843631778,23.508461538461532,-3.397392032210214
1SI3-01,2020,87.08038461538465,-0.3787074401008823,-12.491538461538468,-0.38382660521296885
1SI3-01,2021,-59.76961538461538,1.843587641866332,-31.16153846153847,1.9078579677897858
1SI3-01,2022,37.08038461538462,-0.9003467843631761,117.55846153846154,-4.098058698876881
1SI3-01,2023,-60.81961538461539,3.152604035308954,6.028461538461528,-2.375475365543547
1SI3-02,2008,-42.68038461538461,-2.116733921815886,-6.976538461538453,-2.045272912693367
1SI3-02,2009,28.009615384615415,-2.923291298865067,67.98346153846154,-2.4559306261919893
1SI3-02,2010,119.53961538461539,-1.5341109709962168,23.86346153846155,2.11531937380801
1SI3-02,2011,21.8396153846154,-2.2290290037831006,43.79346153846154,-2.1367639595253234
1SI3-02,2012,-31.760384615384595,0.8239218158890296,17.84346153846154,4.591751880695063
1SI3-02,2013,5.519615384615378,-0.681979823455233,45.79346153846154,-3.28218062619199
1SI3-02,2014,119.93961538461542,-1.576897856242116,70.72346153846155,-4.657763959525323
1SI3-02,2015,36.54961538461541,-0.6329634300126088,-8.88653846153845,0.5316527071413436
1SI3-02,2016,58.0596153846154,0.5816267339218193,10.583461538461549,1.1445617980504346
1SI3-02,2017,-54.1303846153846,-0.6501765447667083,5.86346153846155,0.9690693738080103
1SI3-02,2018,-20.570384615384597,2.81720050441362,-23.586538461538453,-1.7235972928586565
1SI3-02,2019,-65.6103846153846,-1.0791929382093315,24.11346153846155,-3.40793062619199
1SI3-02,2020,86.24961538461542,-0.38656998738965953,-12.01653846153846,-0.40262828459419353
1SI3-02,2021,-60.7703846153846,1.8417906683480467,-31.066538461538457,1.8983193738080102
1SI3-02,2022,38.709615384615404,-0.9037831021437555,118.02346153846153,-4.104013959525323
1SI3-02,2023,-61.170384615384606,3.148020176544769,6.253461538461551,-2.3873472928586565
1SI3-03,2008,-42.68038461538461,-2.116733921815886,-6.976538461538453,-2.045272912693367
1SI3-03,2009,28.009615384615415,-2.923291298865067,67.98346153846154,-2.4559306261919893
1SI3-03,2010,119.53961538461539,-1.5341109709962168,23.86346153846155,2.11531937380801
1SI3-03,2011,21.8396153846154,-2.2290290037831006,43.79346153846154,-2.1367639595253234
1SI3-03,2012,-31.760384615384595,0.8239218158890296,17.84346153846154,4.591751880695063
1SI3-03,2013,5.519615384615378,-0.681979823455233,45.79346153846154,-3.28218062619199
1SI3-03,2014,119.93961538461542,-1.576897856242116,70.72346153846155,-4.657763959525323
1SI3-03,2015,36.54961538461541,-0.6329634300126088,-8.88653846153845,0.5316527071413436
1SI3-03,2016,58.0596153846154,0.5816267339218193,10.583461538461549,1.1445617980504346
1SI3-03,2017,-54.1303846153846,-0.6501765447667083,5.86346153846155,0.9690693738080103
1SI3-03,2018,-20.570384615384597,2.81720050441362,-23.586538461538453,-1.7235972928586565
1SI3-03,2019,-65.6103846153846,-1.0791929382093315,24.11346153846155,-3.40793062619199
1SI3-03,2020,86.24961538461542,-0.38656998738965953,-12.01653846153846,-0.40262828459419353
1SI3-03,2021,-60.7703846153846,1.8417906683480467,-31.066538461538457,1.8983193738080102
1SI3-03,2022,38.709615384615404,-0.9037831021437555,118.02346153846153,-4.104013959525323
1SI3-03,2023,-61.170384615384606,3.148020176544769,6.253461538461551,-2.3873472928586565
1SI3-04,2008,-42.467307692307685,-2.1184552332913,-7.811153846153857,-2.0454699618563255
1SI3-04,2009,28.3926923076923,-2.924684741488022,66.65884615384616,-2.4628039838948927
1SI3-04,2010,125.75269230769231,-1.5443568726355608,23.97884615384615,2.109696016105107
1SI3-04,2011,22.222692307692313,-2.236651954602774,43.80884615384615,-2.1442206505615595
1SI3-04,2012,-30.8873076923077,0.812856242118535,17.78884615384615,4.5965961538461535
1SI3-04,2013,6.032692307692315,-0.6914060529634298,44.33884615384615,-3.2899706505615596
1SI3-04,2014,121.17269230769233,-1.5802585119798245,70.31884615384615,-4.657303983894893
1SI3-04,2015,37.482692307692304,-0.6373076923076937,-7.511153846153846,0.5375293494384403
1SI3-04,2016,59.21269230769232,0.5823644388398463,10.978846153846149,1.1520506993006994
1SI3-04,2017,-53.487307692307695,-0.6456683480453975,7.208846153846153,0.9659460161051071
1SI3-04,2018,-19.677307692307693,2.8176103404791917,-23.861153846153854,-1.7227206505615595
1SI3-04,2019,-63.247307692307686,-1.0840290037831046,23.518846153846155,-3.4043873172282266
1SI3-04,2020,87.65269230769229,-0.38517654476671126,-12.531153846153856,-0.4038997139224412
1SI3-04,2021,-60.13730769230769,1.8402332912988655,-31.96115384615385,1.906696016105107
1SI3-04,2022,36.7026923076923,-0.9037011349306425,117.63884615384615,-4.099303983894893
1SI3-04,2023,-60.39730769230769,3.1515447667086995,6.488846153846154,-2.394887317228226
1SI3-05,2008,-42.467307692307685,-2.1184552332913,-7.811153846153857,-2.0454699618563255
1SI3-05,2009,28.3926923076923,-2.924684741488022,66.65884615384616,-2.4628039838948927
1SI3-05,2010,125.75269230769231,-1.5443568726355608,23.97884615384615,2.109696016105107
1SI3-05,2011,22.222692307692313,-2.236651954602774,43.80884615384615,-2.1442206505615595
1SI3-05,2012,-30.8873076923077,0.812856242118535,17.78884615384615,4.5965961538461535
1SI3-05,2013,6.032692307692315,-0.6914060529634298,44.33884615384615,-3.2899706505615596
1SI3-05,2014,121.17269230769233,-1.5802585119798245,70.31884615384615,-4.657303983894893
1SI3-05,2015,37.482692307692304,-0.6373076923076937,-7.511153846153846,0.5375293494384403
1SI3-05,2016,59.21269230769232,0.5823644388398463,10.978846153846149,1.1520506993006994
1SI3-05,2017,-53.487307692307695,-0.6456683480453975,7.208846153846153,0.9659460161051071
1SI3-05,2018,-19.677307692307693,2.8176103404791917,-23.861153846153854,-1.7227206505615595
1SI3-05,2019,-63.247307692307686,-1.0840290037831046,23.518846153846155,-3.4043873172282266
1SI3-05,2020,87.65269230769229,-0.38517654476671126,-12.531153846153856,-0.4038997139224412
1SI3-05,2021,-60.13730769230769,1.8402332912988655,-31.96115384615385,1.906696016105107
1SI3-05,2022,36.7026923076923,-0.9037011349306425,117.63884615384615,-4.099303983894893
1SI3-05,2023,-60.39730769230769,3.1515447667086995,6.488846153846154,-2.394887317228226
1SI4-01,2008,-41.971923076923076,-2.220737704918033,-16.529615384615383,-2.155627489934308
1SI4-01,2009,2.4580769230769306,-2.911557377049178,62.98038461538461,-2.434199803983895
1SI4-01,2010,108.3280769230769,-1.5790983606557347,21.660384615384615,2.0781335293494383
1SI4-01,2011,25.798076923076934,-2.2474590163934423,46.70038461538462,-2.211949803983895
1SI4-01,2012,-44.441923076923075,0.8336885245901655,22.520384615384614,4.491314658826022
1SI4-01,2013,-8.881923076923073,-0.6507377049180327,60.25038461538462,-3.303199803983895
1SI4-01,2014,118.9580769230769,-1.6305737704918002,74.74038461538463,-4.705366470650562
1SI4-01,2015,16.818076923076916,-0.6889344262295047,-18.879615384615384,0.4561335293494384
1SI4-01,2016,32.09807692307692,0.4495901639344275,1.7403846153846132,1.0759427579995762
1SI4-01,2017,-46.92192307692309,-0.7674590163934418,8.050384615384615,0.932050196016105
1SI4-01,2018,-53.681923076923084,2.6487704918032797,-21.809615384615384,-1.9441164706505616
1SI4-01,2019,-68.22192307692308,-1.2109016393442609,27.520384615384614,-3.5444498039838948
1SI4-01,2020,73.48807692307693,-0.5281147540983575,-1.589615384615385,-0.5909167461326552
1SI4-01,2021,-79.12192307692308,1.7989344262295113,-24.199615384615385,1.708300196016105
1SI4-01,2022,52.16807692307694,-0.9600819672131138,125.71038461538463,-4.202366470650562
1SI4-01,2023,-60.971923076923076,3.0290983606557376,-4.839615384615385,-2.4102831373172284
1SI4-02,2008,-42.31769230769231,-2.212566204287519,-16.221923076923076,-2.1458652256834077
1SI4-02,2009,2.942307692307679,-2.9117465321563714,63.188076923076935,-2.42950641025641
1SI4-02,2010,109.36230769230767,-1.5740416141235833,21.65807692307692,2.0902435897435896
1SI4-02,2011,26.082307692307694,-2.241418663303911,51.27807692307694,-2.2009230769230768
1SI4-02,2012,-44.387692307692305,0.8338272383354344,21.53807692307693,4.495705022250477
1SI4-02,2013,-8.577692307692303,-0.6515825977301404,60.438076923076935,-3.2949230769230766
1SI4-02,2014,117.72230769230768,-1.6250252206809606,74.18807692307693,-4.70550641025641
1SI4-02,2015,17.382307692307677,-0.6840416141235828,-18.701923076923073,0.45566025641025626
1SI4-02,2016,32.24230769230769,0.45645018915510605,1.7980769230769198,1.0747959313413857
1SI4-02,2017,-51.27769230769232,-0.7679760403530906,7.9480769230769255,0.934326923076923
1SI4-02,2018,-53.55769230769229,2.6561223203026465,-22.091923076923074,-1.9317564102564102
1SI4-02,2019,-68.3276923076923,-1.2065006305170272,27.528076923076924,-3.5328397435897436
1SI4-02,2020,73.23230769230767,-0.5215825977301414,-1.951923076923066,-0.5758652256834075
1SI4-02,2021,-77.17769230769231,1.7995649432534648,-23.871923076923075,1.7146602564102564
1SI4-02,2022,57.4523076923077,-0.958795712484239,125.71807692307694,-4.19375641025641
1SI4-02,2023,-60.95769230769231,3.03104035308953,-4.45192307692308,-2.3962564102564103
1SI4-03,2008,-42.31769230769231,-2.212566204287519,-16.221923076923076,-2.1458652256834077
1SI4-03,2009,2.942307692307679,-2.9117465321563714,63.188076923076935,-2.42950641025641
1SI4-03,2010,109.36230769230767,-1.5740416141235833,21.65807692307692,2.0902435897435896
1SI4-03,2011,26.082307692307694,-2.241418663303911,51.27807692307694,-2.2009230769230768
1SI4-03,2012,-44.387692307692305,0.8338272383354344,21.53807692307693,4.495705022250477
1SI4-03,2013,-8.577692307692303,-0.6515825977301404,60.438076923076935,-3.2949230769230766
1SI4-03,2014,117.72230769230768,-1.6250252206809606,74.18807692307693,-4.70550641025641
1SI4-03,2015,17.382307692307677,-0.6840416141235828,-18.701923076923073,0.45566025641025626
1SI4-03,2016,32.24230769230769,0.45645018915510605,1.7980769230769198,1.0747959313413857
1SI4-03,2017,-51.27769230769232,-0.7679760403530906,7.9480769230769255,0.934326923076923
1SI4-03,2018,-53.55769230769229,2.6561223203026465,-22.091923076923074,-1.9317564102564102
1SI4-03,2019,-68.3276923076923,-1.2065006305170272,27.528076923076924,-3.5328397435897436
1SI4-03,2020,73.23230769230767,-0.5215825977301414,-1.951923076923066,-0.5758652256834075
1SI4-03,2021,-77.17769230769231,1.7995649432534648,-23.871923076923075,1.7146602564102564
1SI4-03,2022,57.4523076923077,-0.958795712484239,125.71807692307694,-4.19375641025641
1SI4-03,2023,-60.95769230769231,3.03104035308953,-4.45192307692308,-2.3962564102564103
2LE1b-02,2008,-13.461153846153849,-1.682534678436319,-20.528076923076924,-2.527296646535283
2LE1b-02,2009,-3.891153846153827,-1.7505674653215664,86.72192307692309,-2.69656937380801
2LE1b-02,2010,-3.9711538461538396,-1.0035182849936959,46.21192307692307,1.5052639595253232
2LE1b-02,2011,28.108846153846173,-1.7469609079445156,32.801923076923075,-2.7919860404746766
2LE1b-02,2012,-60.64115384615383,1.6925472887767938,15.921923076923079,4.713777733630007
2LE1b-02,2013,78.76884615384617,-0.6508953341740238,54.96192307692307,-3.45406937380801
2LE1b-02,2014,43.598846153846154,-0.9015510718789415,29.001923076923077,-3.5791527071413434
2LE1b-02,2015,14.698846153846176,-0.9318789407314014,-47.82807692307692,1.0463472928586566
2LE1b-02,2016,-46.90115384615382,0.9095964691046632,18.741923076923086,1.6843562460267008
2LE1b-02,2017,-64.78115384615384,-0.32237074401009025,-12.748076923076923,1.4956806261919897
2LE1b-02,2018,-42.45115384615383,2.838776796973516,-2.4380769230769204,-2.6679027071413435
2LE1b-02,2019,-11.801153846153824,-1.7163051702395968,63.03192307692309,-4.1887360404746765
2LE1b-02,2020,-38.69115384615384,0.010088272383352859,-24.588076923076926,-0.8246520184361092
2LE1b-02,2021,-98.97115384615384,2.3391046658259746,-32.60807692307692,1.01293062619199
2LE1b-02,2022,-0.05115384615382368,-0.023846153846154294,90.95192307692308,-4.108152707141343
2LE1b-02,2023,-49.99115384615382,3.1968095838587622,21.67192307692308,-3.12281937380801
2LE1b-12,2008,-14.820384615384626,-1.6791929382093294,-21.35192307692307,-2.5263589743589745
2LE1b-12,2009,0.21961538461539476,-1.7488650693568708,78.64807692307691,-2.690111729179911
2LE1b-12,2010,-0.5003846153846041,-1.0190290037830998,45.79807692307692,1.5145549374867553
2LE1b-12,2011,30.33961538461537,-1.7688650693568704,33.00807692307693,-2.781028395846578
2LE1b-12,2012,-57.34038461538461,1.6594955863808352,16.158076923076933,4.684467471922018
2LE1b-12,2013,81.86961538461537,-0.6605044136191651,56.60807692307692,-3.4424450625132446
2LE1b-12,2014,56.33961538461537,-0.8998486759142459,31.478076923076927,-3.5986950625132446
2LE1b-12,2015,17.739615384615377,-0.9287011349306411,-47.651923076923076,1.0120549374867558
2LE1b-12,2016,-42.64038461538462,0.8796595208070634,18.258076923076928,1.6666162322525957
2LE1b-12,2017,-63.15038461538461,-0.33788146279949416,-12.141923076923078,1.457971604153422
2LE1b-12,2018,-49.26038461538462,2.813266078184114,-7.971923076923076,-2.690111729179911
2LE1b-12,2019,-13.510384615384623,-1.7282093316519536,59.31807692307693,-4.178778395846577
2LE1b-12,2020,-34.7203846153846,-0.05624211853719885,-23.54192307692307,-0.8157804619622803
2LE1b-12,2021,-95.21038461538461,2.2998234552332946,-33.691923076923075,0.9673049374867556
2LE1b-12,2022,-8.110384615384618,-0.04493064312736195,94.09807692307693,-4.1068617291799105
2LE1b-12,2023,-50.20038461538462,3.188020176544768,22.388076923076923,-3.0754450625132446
2LE1b-13,2008,-14.820384615384626,-1.6791929382093294,-21.35192307692307,-2.5263589743589745
2LE1b-13,2009,0.21961538461539476,-1.7488650693568708,78.64807692307691,-2.690111729179911
2LE1b-13,2010,-0.5003846153846041,-1.0190290037830998,45.79807692307692,1.5145549374867553
2LE1b-13,2011,30.33961538461537,-1.7688650693568704,33.00807692307693,-2.781028395846578
2LE1b-13,2012,-57.34038461538461,1.6594955863808352,16.158076923076933,4.684467471922018
2LE1b-13,2013,81.86961538461537,-0.6605044136191651,56.60807692307692,-3.4424450625132446
2LE1b-13,2014,56.33961538461537,-0.8998486759142459,31.478076923076927,-3.5986950625132446
2LE1b-13,2015,17.739615384615377,-0.9287011349306411,-47.651923076923076,1.0120549374867558
2LE1b-13,2016,-42.64038461538462,0.8796595208070634,18.258076923076928,1.6666162322525957
2LE1b-13,2017,-63.15038461538461,-0.33788146279949416,-12.141923076923078,1.457971604153422
2LE1b-13,2018,-49.26038461538462,2.813266078184114,-7.971923076923076,-2.690111729179911
2LE1b-13,2019,-13.510384615384623,-1.7282093316519536,59.31807692307693,-4.178778395846577
2LE1b-13,2020,-34.7203846153846,-0.05624211853719885,-23.54192307692307,-0.8157804619622803
2LE1b-13,2021,-95.21038461538461,2.2998234552332946,-33.691923076923075,0.9673049374867556
2LE1b-13,2022,-8.110384615384618,-0.04493064312736195,94.09807692307693,-4.1068617291799105
2LE1b-13,2023,-50.20038461538462,3.188020176544768,22.388076923076923,-3.0754450625132446
2LE1b-15,2008,-14.820384615384626,-1.6791929382093294,-21.35192307692307,-2.5263589743589745
2LE1b-15,2009,0.21961538461539476,-1.7488650693568708,78.64807692307691,-2.690111729179911
2LE1b-15,2010,-0.5003846153846041,-1.0190290037830998,45.79807692307692,1.5145549374867553
2LE1b-15,2011,30.33961538461537,-1.7688650693568704,33.00807692307693,-2.781028395846578
2LE1b-15,2012,-57.34038461538461,1.6594955863808352,16.158076923076933,4.684467471922018
2LE1b-15,2013,81.86961538461537,-0.6605044136191651,56.60807692307692,-3.4424450625132446
2LE1b-15,2014,56.33961538461537,-0.8998486759142459,31.478076923076927,-3.5986950625132446
2LE1b-15,2015,17.739615384615377,-0.9287011349306411,-47.651923076923076,1.0120549374867558
2LE1b-15,2016,-42.64038461538462,0.8796595208070634,18.258076923076928,1.6666162322525957
2LE1b-15,2017,-63.15038461538461,-0.33788146279949416,-12.141923076923078,1.457971604153422
2LE1b-15,2018,-49.26038461538462,2.813266078184114,-7.971923076923076,-2.690111729179911
2LE1b-15,2019,-13.510384615384623,-1.7282093316519536,59.31807692307693,-4.178778395846577
2LE1b-15,2020,-34.7203846153846,-0.05624211853719885,-23.54192307692307,-0.8157804619622803
2LE1b-15,2021,-95.21038461538461,2.2998234552332946,-33.691923076923075,0.9673049374867556
2LE1b-15,2022,-8.110384615384618,-0.04493064312736195,94.09807692307693,-4.1068617291799105
2LE1b-15,2023,-50.20038461538462,3.188020176544768,22.388076923076923,-3.0754450625132446
2LE1b-16,2008,-14.820384615384626,-1.6791929382093294,-21.35192307692307,-2.5263589743589745
2LE1b-16,2009,0.21961538461539476,-1.7488650693568708,78.64807692307691,-2.690111729179911
2LE1b-16,2010,-0.5003846153846041,-1.0190290037830998,45.79807692307692,1.5145549374867553
2LE1b-16,2011,30.33961538461537,-1.7688650693568704,33.00807692307693,-2.781028395846578
2LE1b-16,2012,-57.34038461538461,1.6594955863808352,16.158076923076933,4.684467471922018
2LE1b-16,2013,81.86961538461537,-0.6605044136191651,56.60807692307692,-3.4424450625132446
2LE1b-16,2014,56.33961538461537,-0.8998486759142459,31.478076923076927,-3.5986950625132446
2LE1b-16,2015,17.739615384615377,-0.9287011349306411,-47.651923076923076,1.0120549374867558
2LE1b-16,2016,-42.64038461538462,0.8796595208070634,18.258076923076928,1.6666162322525957
2LE1b-16,2017,-63.15038461538461,-0.33788146279949416,-12.141923076923078,1.457971604153422
2LE1b-16,2018,-49.26038461538462,2.813266078184114,-7.971923076923076,-2.690111729179911
2LE1b-16,2019,-13.510384615384623,-1.7282093316519536,59.31807692307693,-4.178778395846577
2LE1b-16,2020,-34.7203846153846,-0.05624211853719885,-23.54192307692307,-0.8157804619622803
2LE1b-16,2021,-95.21038461538461,2.2998234552332946,-33.691923076923075,0.9673049374867556
2LE1b-16,2022,-8.110384615384618,-0.04493064312736195,94.09807692307693,-4.1068617291799105
2LE1b-16,2023,-50.20038461538462,3.188020176544768,22.388076923076923,-3.0754450625132446
2LE1b-18,2008,-14.820384615384626,-1.6791929382093294,-21.35192307692307,-2.5263589743589745
2LE1b-18,2009,0.21961538461539476,-1.7488650693568708,78.64807692307691,-2.690111729179911
2LE1b-18,2010,-0.5003846153846041,-1.0190290037830998,45.79807692307692,1.5145549374867553
2LE1b-18,2011,30.33961538461537,-1.7688650693568704,33.00807692307693,-2.781028395846578
2LE1b-18,2012,-57.34038461538461,1.6594955863808352,16.158076923076933,4.684467471922018
2LE1b-18,2013,81.86961538461537,-0.6605044136191651,56.60807692307692,-3.4424450625132446
2LE1b-18,2014,56.33961538461537,-0.8998486759142459,31.478076923076927,-3.5986950625132446
2LE1b-18,2015,17.739615384615377,-0.9287011349306411,-47.651923076923076,1.0120549374867558
2LE1b-18,2016,-42.64038461538462,0.8796595208070634,18.258076923076928,1.6666162322525957
2LE1b-18,2017,-63.15038461538461,-0.33788146279949416,-12.141923076923078,1.457971604153422
2LE1b-18,2018,-49.26038461538462,2.813266078184114,-7.971923076923076,-2.690111729179911
2LE1b-18,2019,-13.510384615384623,-1.7282093316519536,59.31807692307693,-4.178778395846577
2LE1b-18,2020,-34.7203846153846,-0.05624211853719885,-23.54192307692307,-0.8157804619622803
2LE1b-18,2021,-95.21038461538461,2.2998234552332946,-33.691923076923075,0.9673049374867556
2LE1b-18,2022,-8.110384615384618,-0.04493064312736195,94.09807692307693,-4.1068617291799105
2LE1b-18,2023,-50.20038461538462,3.188020176544768,22.388076923076923,-3.0754450625132446
2LE1b-20,2008,-14.820384615384626,-1.6791929382093294,-21.35192307692307,-2.5263589743589745
2LE1b-20,2009,0.21961538461539476,-1.7488650693568708,78.64807692307691,-2.690111729179911
2LE1b-20,2010,-0.5003846153846041,-1.0190290037830998,45.79807692307692,1.5145549374867553
2LE1b-20,2011,30.33961538461537,-1.7688650693568704,33.00807692307693,-2.781028395846578
2LE1b-20,2012,-57.34038461538461,1.6594955863808352,16.158076923076933,4.684467471922018
2LE1b-20,2013,81.86961538461537,-0.6605044136191651,56.60807692307692,-3.4424450625132446
2LE1b-20,2014,56.33961538461537,-0.8998486759142459,31.478076923076927,-3.5986950625132446
2LE1b-20,2015,17.739615384615377,-0.9287011349306411,-47.651923076923076,1.0120549374867558
2LE1b-20,2016,-42.64038461538462,0.8796595208070634,18.258076923076928,1.6666162322525957
2LE1b-20,2017,-63.15038461538461,-0.33788146279949416,-12.141923076923078,1.457971604153422
2LE1b-20,2018,-49.26038461538462,2.813266078184114,-7.971923076923076,-2.690111729179911
2LE1b-20,2019,-13.510384615384623,-1.7282093316519536,59.31807692307693,-4.178778395846577
2LE1b-20,2020,-34.7203846153846,-0.05624211853719885,-23.54192307692307,-0.8157804619622803
2LE1b-20,2021,-95.21038461538461,2.2998234552332946,-33.691923076923075,0.9673049374867556
2LE1b-20,2022,-8.110384615384618,-0.04493064312736195,94.09807692307693,-4.1068617291799105
2LE1b-20,2023,-50.20038461538462,3.188020176544768,22.388076923076923,-3.0754450625132446
2LE1b-21,2008,-14.820384615384626,-1.6791929382093294,-21.35192307692307,-2.5263589743589745
2LE1b-21,2009,0.21961538461539476,-1.7488650693568708,78.64807692307691,-2.690111729179911
2LE1b-21,2010,-0.5003846153846041,-1.0190290037830998,45.79807692307692,1.5145549374867553
2LE1b-21,2011,30.33961538461537,-1.7688650693568704,33.00807692307693,-2.781028395846578
2LE1b-21,2012,-57.34038461538461,1.6594955863808352,16.158076923076933,4.684467471922018
2LE1b-21,2013,81.86961538461537,-0.6605044136191651,56.60807692307692,-3.4424450625132446
2LE1b-21,2014,56.33961538461537,-0.8998486759142459,31.478076923076927,-3.5986950625132446
2LE1b-21,2015,17.739615384615377,-0.9287011349306411,-47.651923076923076,1.0120549374867558
2LE1b-21,2016,-42.64038461538462,0.8796595208070634,18.258076923076928,1.6666162322525957
2LE1b-21,2017,-63.15038461538461,-0.33788146279949416,-12.141923076923078,1.457971604153422
2LE1b-21,2018,-49.26038461538462,2.813266078184114,-7.971923076923076,-2.690111729179911
2LE1b-21,2019,-13.510384615384623,-1.7282093316519536,59.31807692307693,-4.178778395846577
2LE1b-21,2020,-34.7203846153846,-0.05624211853719885,-23.54192307692307,-0.8157804619622803
2LE1b-21,2021,-95.21038461538461,2.2998234552332946,-33.691923076923075,0.9673049374867556
2LE1b-21,2022,-8.110384615384618,-0.04493064312736195,94.09807692307693,-4.1068617291799105
2LE1b-21,2023,-50.20038461538462,3.188020176544768,22.388076923076923,-3.0754450625132446
2LE1b-22,2008,-14.820384615384626,-1.6791929382093294,-21.35192307692307,-2.5263589743589745
2LE1b-22,2009,0.21961538461539476,-1.7488650693568708,78.64807692307691,-2.690111729179911
2LE1b-22,2010,-0.5003846153846041,-1.0190290037830998,45.79807692307692,1.5145549374867553
2LE1b-22,2011,30.33961538461537,-1.7688650693568704,33.00807692307693,-2.781028395846578
2LE1b-22,2012,-57.34038461538461,1.6594955863808352,16.158076923076933,4.684467471922018
2LE1b-22,2013,81.86961538461537,-0.6605044136191651,56.60807692307692,-3.4424450625132446
2LE1b-22,2014,56.33961538461537,-0.8998486759142459,31.478076923076927,-3.5986950625132446
2LE1b-22,2015,17.739615384615377,-0.9287011349306411,-47.651923076923076,1.0120549374867558
2LE1b-22,2016,-42.64038461538462,0.8796595208070634,18.258076923076928,1.6666162322525957
2LE1b-22,2017,-63.15038461538461,-0.33788146279949416,-12.141923076923078,1.457971604153422
2LE1b-22,2018,-49.26038461538462,2.813266078184114,-7.971923076923076,-2.690111729179911
2LE1b-22,2019,-13.510384615384623,-1.7282093316519536,59.31807692307693,-4.178778395846577
2LE1b-22,2020,-34.7203846153846,-0.05624211853719885,-23.54192307692307,-0.8157804619622803
2LE1b-22,2021,-95.21038461538461,2.2998234552332946,-33.691923076923075,0.9673049374867556
2LE1b-22,2022,-8.110384615384618,-0.04493064312736195,94.09807692307693,-4.1068617291799105
2LE1b-22,2023,-50.20038461538462,3.188020176544768,22.388076923076923,-3.0754450625132446
2LE1b-24,2008,-14.820384615384626,-1.6791929382093294,-21.35192307692307,-2.5263589743589745
2LE1b-24,2009,0.21961538461539476,-1.7488650693568708,78.64807692307691,-2.690111729179911
2LE1b-24,2010,-0.5003846153846041,-1.0190290037830998,45.79807692307692,1.5145549374867553
2LE1b-24,2011,30.33961538461537,-1.7688650693568704,33.00807692307693,-2.781028395846578
2LE1b-24,2012,-57.34038461538461,1.6594955863808352,16.158076923076933,4.684467471922018
2LE1b-24,2013,81.86961538461537,-0.6605044136191651,56.60807692307692,-3.4424450625132446
2LE1b-24,2014,56.33961538461537,-0.8998486759142459,31.478076923076927,-3.5986950625132446
2LE1b-24,2015,17.739615384615377,-0.9287011349306411,-47.651923076923076,1.0120549374867558
2LE1b-24,2016,-42.64038461538462,0.8796595208070634,18.258076923076928,1.6666162322525957
2LE1b-24,2017,-63.15038461538461,-0.33788146279949416,-12.141923076923078,1.457971604153422
2LE1b-24,2018,-49.26038461538462,2.813266078184114,-7.971923076923076,-2.690111729179911
2LE1b-24,2019,-13.510384615384623,-1.7282093316519536,59.31807692307693,-4.178778395846577
2LE1b-24,2020,-34.7203846153846,-0.05624211853719885,-23.54192307692307,-0.8157804619622803
2LE1b-24,2021,-95.21038461538461,2.2998234552332946,-33.691923076923075,0.9673049374867556
2LE1b-24,2022,-8.110384615384618,-0.04493064312736195,94.09807692307693,-4.1068617291799105
2LE1b-24,2023,-50.20038461538462,3.188020176544768,22.388076923076923,-3.0754450625132446
2LE1b-26,2008,-14.820384615384626,-1.6791929382093294,-21.35192307692307,-2.5263589743589745
2LE1b-26,2009,0.21961538461539476,-1.7488650693568708,78.64807692307691,-2.690111729179911
2LE1b-26,2010,-0.5003846153846041,-1.0190290037830998,45.79807692307692,1.5145549374867553
2LE1b-26,2011,30.33961538461537,-1.7688650693568704,33.00807692307693,-2.781028395846578
2LE1b-26,2012,-57.34038461538461,1.6594955863808352,16.158076923076933,4.684467471922018
2LE1b-26,2013,81.86961538461537,-0.6605044136191651,56.60807692307692,-3.4424450625132446
2LE1b-26,2014,56.33961538461537,-0.8998486759142459,31.478076923076927,-3.5986950625132446
2LE1b-26,2015,17.739615384615377,-0.9287011349306411,-47.651923076923076,1.0120549374867558
2LE1b-26,2016,-42.64038461538462,0.8796595208070634,18.258076923076928,1.6666162322525957
2LE1b-26,2017,-63.15038461538461,-0.33788146279949416,-12.141923076923078,1.457971604153422
2LE1b-26,2018,-49.26038461538462,2.813266078184114,-7.971923076923076,-2.690111729179911
2LE1b-26,2019,-13.510384615384623,-1.7282093316519536,59.31807692307693,-4.178778395846577
2LE1b-26,2020,-34.7203846153846,-0.05624211853719885,-23.54192307692307,-0.8157804619622803
2LE1b-26,2021,-95.21038461538461,2.2998234552332946,-33.691923076923075,0.9673049374867556
2LE1b-26,2022,-8.110384615384618,-0.04493064312736195,94.09807692307693,-4.1068617291799105
2LE1b-26,2023,-50.20038461538462,3.188020176544768,22.388076923076923,-3.0754450625132446
2LE1b-30,2008,-14.820384615384626,-1.6791929382093294,-21.35192307692307,-2.5263589743589745
2LE1b-30,2009,0.21961538461539476,-1.7488650693568708,78.64807692307691,-2.690111729179911
2LE1b-30,2010,-0.5003846153846041,-1.0190290037830998,45.79807692307692,1.5145549374867553
2LE1b-30,2011,30.33961538461537,-1.7688650693568704,33.00807692307693,-2.781028395846578
2LE1b-30,2012,-57.34038461538461,1.6594955863808352,16.158076923076933,4.684467471922018
2LE1b-30,2013,81.86961538461537,-0.6605044136191651,56.60807692307692,-3.4424450625132446
2LE1b-30,2014,56.33961538461537,-0.8998486759142459,31.478076923076927,-3.5986950625132446
2LE1b-30,2015,17.739615384615377,-0.9287011349306411,-47.651923076923076,1.0120549374867558
2LE1b-30,2016,-42.64038461538462,0.8796595208070634,18.258076923076928,1.6666162322525957
2LE1b-30,2017,-63.15038461538461,-0.33788146279949416,-12.141923076923078,1.457971604153422
2LE1b-30,2018,-49.26038461538462,2.813266078184114,-7.971923076923076,-2.690111729179911
2LE1b-30,2019,-13.510384615384623,-1.7282093316519536,59.31807692307693,-4.178778395846577
2LE1b-30,2020,-34.7203846153846,-0.05624211853719885,-23.54192307692307,-0.8157804619622803
2LE1b-30,2021,-95.21038461538461,2.2998234552332946,-33.691923076923075,0.9673049374867556
2LE1b-30,2022,-8.110384615384618,-0.04493064312736195,94.09807692307693,-4.1068617291799105
2LE1b-30,2023,-50.20038461538462,3.188020176544768,22.388076923076923,-3.0754450625132446
2LE4-01,2008,-21.228076923076912,-1.9581210592685991,-34.75115384615385,-2.3580482623437167
2LE4-01,2009,-23.508076923076914,-1.945498108448927,76.96884615384614,-2.3197273257045983
2LE4-01,2010,53.61192307692306,-1.317137452711222,57.10884615384616,2.0660226742954015
2LE4-01,2011,2.5519230769230603,-1.9184489281210588,35.83884615384615,-2.319560659037932
2LE4-01,2012,-45.538076923076915,1.2454854981084509,40.63884615384616,4.2372409938546305
2LE4-01,2013,14.991923076923086,-0.8371374527112216,64.09884615384614,-3.049977325704598
2LE4-01,2014,82.24192307692309,-1.144678436317779,35.028846153846146,-4.178227325704598
2LE4-01,2015,66.87192307692308,-0.7892686002522069,-39.17115384615385,0.31360600762873486
2LE4-01,2016,-62.37807692307692,0.4936822194199273,2.7688461538461553,1.2726128946810764
2LE4-01,2017,-66.14807692307693,-0.7545145018915491,15.128846153846155,1.3227726742954016
2LE4-01,2018,7.471923076923076,2.625977301387138,-5.291153846153847,-2.4385606590379316
2LE4-01,2019,-62.62807692307692,-1.6113997477931896,83.18884615384614,-3.751893992371265
2LE4-01,2020,-36.068076923076916,-0.6582849936948278,-20.361153846153854,-0.8945771879635516
2LE4-01,2021,-136.81807692307692,2.1556494325346804,-28.471153846153847,0.8047726742954016
2LE4-01,2022,4.111923076923063,-0.30484237074400866,164.53884615384612,-4.2945606590379315
2LE4-01,2023,-61.19807692307691,3.0033543505674665,23.718846153846144,-2.053143992371265
2LE4-02,2008,-21.878846153846155,-1.9601702395964686,-36.65423076923077,-2.3661313572790847
2LE4-02,2009,-20.148846153846165,-1.946235813366961,77.43576923076922,-2.3471306685738504
2LE4-02,2010,53.04115384615383,-1.3136128625472878,57.205769230769235,2.050202664759483
2LE4-02,2011,-0.31884615384615245,-1.9226292559899107,36.24576923076923,-2.332047335240517
2LE4-02,2012,-44.79884615384617,1.2493379571248404,39.27576923076923,4.239653766687857
2LE4-02,2013,14.671153846153828,-0.834432534678438,63.89576923076923,-3.068297335240517
2LE4-02,2014,81.31115384615384,-1.1452522068095838,35.27576923076923,-4.174047335240517
2LE4-02,2015,65.66115384615387,-0.7924653215636823,-39.95423076923077,0.3276193314261497
2LE4-02,2016,-65.95884615384617,0.49081336696090716,2.715769230769226,1.2719678162746346
2LE4-02,2017,-66.50884615384618,-0.7513177805800773,13.735769230769236,1.3187859980928163
2LE4-02,2018,4.661153846153837,2.628354350567463,-5.344230769230762,-2.4571306685738503
2LE4-02,2019,-62.868846153846164,-1.6116456494325355,84.00576923076922,-3.76663066857385
2LE4-02,2020,-36.378846153846155,-0.6593505674653208,-20.764230769230764,-0.8996024316592498
2LE4-02,2021,-137.95884615384617,2.1519609079445132,-28.37423076923077,0.804702664759483
2LE4-02,2022,3.081153846153825,-0.303284993694831,165.2557692307692,-4.299047335240517
2LE4-02,2023,-62.618846153846164,3.0062232030264795,23.715769230769226,-2.0881306685738505
2LE4-03,2008,-21.878846153846155,-1.9601702395964686,-36.65423076923077,-2.3661313572790847
2LE4-03,2009,-20.148846153846165,-1.946235813366961,77.43576923076922,-2.3471306685738504
2LE4-03,2010,53.04115384615383,-1.3136128625472878,57.205769230769235,2.050202664759483
2LE4-03,2011,-0.31884615384615245,-1.9226292559899107,36.24576923076923,-2.332047335240517
2LE4-03,2012,-44.79884615384617,1.2493379571248404,39.27576923076923,4.239653766687857
2LE4-03,2013,14.671153846153828,-0.834432534678438,63.89576923076923,-3.068297335240517
2LE4-03,2014,81.31115384615384,-1.1452522068095838,35.27576923076923,-4.174047335240517
2LE4-03,2015,65.66115384615387,-0.7924653215636823,-39.95423076923077,0.3276193314261497
2LE4-03,2016,-65.95884615384617,0.49081336696090716,2.715769230769226,1.2719678162746346
2LE4-03,2017,-66.50884615384618,-0.7513177805800773,13.735769230769236,1.3187859980928163
2LE4-03,2018,4.661153846153837,2.628354350567463,-5.344230769230762,-2.4571306685738503
2LE4-03,2019,-62.868846153846164,-1.6116456494325355,84.00576923076922,-3.76663066857385
2LE4-03,2020,-36.378846153846155,-0.6593505674653208,-20.764230769230764,-0.8996024316592498
2LE4-03,2021,-137.95884615384617,2.1519609079445132,-28.37423076923077,0.804702664759483
2LE4-03,2022,3.081153846153825,-0.303284993694831,165.2557692307692,-4.299047335240517
2LE4-03,2023,-62.618846153846164,3.0062232030264795,23.715769230769226,-2.0881306685738505
2LE4-04,2008,-21.878846153846155,-1.9601702395964686,-36.65423076923077,-2.3661313572790847
2LE4-04,2009,-20.148846153846165,-1.946235813366961,77.43576923076922,-2.3471306685738504
2LE4-04,2010,53.04115384615383,-1.3136128625472878,57.205769230769235,2.050202664759483
2LE4-04,2011,-0.31884615384615245,-1.9226292559899107,36.24576923076923,-2.332047335240517
2LE4-04,2012,-44.79884615384617,1.2493379571248404,39.27576923076923,4.239653766687857
2LE4-04,2013,14.671153846153828,-0.834432534678438,63.89576923076923,-3.068297335240517
2LE4-04,2014,81.31115384615384,-1.1452522068095838,35.27576923076923,-4.174047335240517
2LE4-04,2015,65.66115384615387,-0.7924653215636823,-39.95423076923077,0.3276193314261497
2LE4-04,2016,-65.95884615384617,0.49081336696090716,2.715769230769226,1.2719678162746346
2LE4-04,2017,-66.50884615384618,-0.7513177805800773,13.735769230769236,1.3187859980928163
2LE4-04,2018,4.661153846153837,2.628354350567463,-5.344230769230762,-2.4571306685738503
2LE4-04,2019,-62.868846153846164,-1.6116456494325355,84.00576923076922,-3.76663066857385
2LE4-04,2020,-36.378846153846155,-0.6593505674653208,-20.764230769230764,-0.8996024316592498
2LE4-04,2021,-137.95884615384617,2.1519609079445132,-28.37423076923077,0.804702664759483
2LE4-04,2022,3.081153846153825,-0.303284993694831,165.2557692307692,-4.299047335240517
2LE4-04,2023,-62.618846153846164,3.0062232030264795,23.715769230769226,-2.0881306685738505
2LE4-05,2008,-21.878846153846155,-1.9601702395964686,-36.65423076923077,-2.3661313572790847
2LE4-05,2009,-20.148846153846165,-1.946235813366961,77.43576923076922,-2.3471306685738504
2LE4-05,2010,53.04115384615383,-1.3136128625472878,57.205769230769235,2.050202664759483
2LE4-05,2011,-0.31884615384615245,-1.9226292559899107,36.24576923076923,-2.332047335240517
2LE4-05,2012,-44.79884615384617,1.2493379571248404,39.27576923076923,4.239653766687857
2LE4-05,2013,14.671153846153828,-0.834432534678438,63.89576923076923,-3.068297335240517
2LE4-05,2014,81.31115384615384,-1.1452522068095838,35.27576923076923,-4.174047335240517
2LE4-05,2015,65.66115384615387,-0.7924653215636823,-39.95423076923077,0.3276193314261497
2LE4-05,2016,-65.95884615384617,0.49081336696090716,2.715769230769226,1.2719678162746346
2LE4-05,2017,-66.50884615384618,-0.7513177805800773,13.735769230769236,1.3187859980928163
2LE4-05,2018,4.661153846153837,2.628354350567463,-5.344230769230762,-2.4571306685738503
2LE4-05,2019,-62.868846153846164,-1.6116456494325355,84.00576923076922,-3.76663066857385
2LE4-05,2020,-36.378846153846155,-0.6593505674653208,-20.764230769230764,-0.8996024316592498
2LE4-05,2021,-137.95884615384617,2.1519609079445132,-28.37423076923077,0.804702664759483
2LE4-05,2022,3.081153846153825,-0.303284993694831,165.2557692307692,-4.299047335240517
2LE4-05,2023,-62.618846153846164,3.0062232030264795,23.715769230769226,-2.0881306685738505
2LE4-06,2008,-21.878846153846155,-1.9601702395964686,-36.65423076923077,-2.3661313572790847
2LE4-06,2009,-20.148846153846165,-1.946235813366961,77.43576923076922,-2.3471306685738504
2LE4-06,2010,53.04115384615383,-1.3136128625472878,57.205769230769235,2.050202664759483
2LE4-06,2011,-0.31884615384615245,-1.9226292559899107,36.24576923076923,-2.332047335240517
2LE4-06,2012,-44.79884615384617,1.2493379571248404,39.27576923076923,4.239653766687857
2LE4-06,2013,14.671153846153828,-0.834432534678438,63.89576923076923,-3.068297335240517
2LE4-06,2014,81.31115384615384,-1.1452522068095838,35.27576923076923,-4.174047335240517
2LE4-06,2015,65.66115384615387,-0.7924653215636823,-39.95423076923077,0.3276193314261497
2LE4-06,2016,-65.95884615384617,0.49081336696090716,2.715769230769226,1.2719678162746346
2LE4-06,2017,-66.50884615384618,-0.7513177805800773,13.735769230769236,1.3187859980928163
2LE4-06,2018,4.661153846153837,2.628354350567463,-5.344230769230762,-2.4571306685738503
2LE4-06,2019,-62.868846153846164,-1.6116456494325355,84.00576923076922,-3.76663066857385
2LE4-06,2020,-36.378846153846155,-0.6593505674653208,-20.764230769230764,-0.8996024316592498
2LE4-06,2021,-137.95884615384617,2.1519609079445132,-28.37423076923077,0.804702664759483
2LE4-06,2022,3.081153846153825,-0.303284993694831,165.2557692307692,-4.299047335240517
2LE4-06,2023,-62.618846153846164,3.0062232030264795,23.715769230769226,-2.0881306685738505
2LE4-07,2008,-29.766923076923092,-1.9648234552332902,-36.36423076923077,-2.365432030091121
2LE4-07,2009,-19.776923076923083,-1.9525283732660803,75.22576923076922,-2.3540766581902943
2LE4-07,2010,54.78307692307692,-1.3090857503152584,58.165769230769214,2.055590008476372
2LE4-07,2011,-0.3269230769230944,-1.9253152585119793,37.185769230769225,-2.3286599915236277
2LE4-07,2012,-46.3869230769231,1.2514060529634286,41.185769230769225,4.2445679699088785
2LE4-07,2013,13.593076923076922,-0.8267906683480462,64.20576923076923,-3.063909991523628
2LE4-07,2014,79.97307692307692,-1.1461349306431288,36.02576923076923,-4.173659991523628
2LE4-07,2015,62.39307692307693,-0.7866267339218176,-38.55423076923077,0.33525667514303886
2LE4-07,2016,-63.056923076923084,0.49353720050441297,3.1557692307692236,1.2775431765204492
2LE4-07,2017,-67.77692307692308,-0.751544766708701,14.765769230769223,1.3200066751430388
2LE4-07,2018,7.073076923076911,2.629274905422445,-4.744230769230768,-2.4515766581902945
2LE4-07,2019,-63.566923076923075,-1.606298865069359,83.74576923076923,-3.761659991523628
2LE4-07,2020,-42.3869230769231,-0.6685939470365696,-20.044230769230765,-0.9008039309175673
2LE4-07,2021,-134.5169230769231,2.154684741488019,-27.604230769230774,0.8220066751430386
2LE4-07,2022,3.8430769230769215,-0.31170870113493265,167.3857692307692,-4.284159991523628
2LE4-07,2023,-62.24692307692308,3.01140605296343,23.645769230769233,-2.0801599915236277
2LE4-08,2008,-21.878846153846155,-1.9601702395964686,-36.65423076923077,-2.3661313572790847
2LE4-08,2009,-20.148846153846165,-1.946235813366961,77.43576923076922,-2.3471306685738504
2LE4-08,2010,53.04115384615383,-1.3136128625472878,57.205769230769235,2.050202664759483
2LE4-08,2011,-0.31884615384615245,-1.9226292559899107,36.24576923076923,-2.332047335240517
2LE4-08,2012,-44.79884615384617,1.2493379571248404,39.27576923076923,4.239653766687857
2LE4-08,2013,14.671153846153828,-0.834432534678438,63.89576923076923,-3.068297335240517
2LE4-08,2014,81.31115384615384,-1.1452522068095838,35.27576923076923,-4.174047335240517
2LE4-08,2015,65.66115384615387,-0.7924653215636823,-39.95423076923077,0.3276193314261497
2LE4-08,2016,-65.95884615384617,0.49081336696090716,2.715769230769226,1.2719678162746346
2LE4-08,2017,-66.50884615384618,-0.7513177805800773,13.735769230769236,1.3187859980928163
2LE4-08,2018,4.661153846153837,2.628354350567463,-5.344230769230762,-2.4571306685738503
2LE4-08,2019,-62.868846153846164,-1.6116456494325355,84.00576923076922,-3.76663066857385
2LE4-08,2020,-36.378846153846155,-0.6593505674653208,-20.764230769230764,-0.8996024316592498
2LE4-08,2021,-137.95884615384617,2.1519609079445132,-28.37423076923077,0.804702664759483
2LE4-08,2022,3.081153846153825,-0.303284993694831,165.2557692307692,-4.299047335240517
2LE4-08,2023,-62.618846153846164,3.0062232030264795,23.715769230769226,-2.0881306685738505
2LE4-13,2008,-29.766923076923092,-1.9648234552332902,-36.36423076923077,-2.365432030091121
2LE4-13,2009,-19.776923076923083,-1.9525283732660803,75.22576923076922,-2.3540766581902943
2LE4-13,2010,54.78307692307692,-1.3090857503152584,58.165769230769214,2.055590008476372
2LE4-13,2011,-0.3269230769230944,-1.9253152585119793,37.185769230769225,-2.3286599915236277
2LE4-13,2012,-46.3869230769231,1.2514060529634286,41.185769230769225,4.2445679699088785
2LE4-13,2013,13.593076923076922,-0.8267906683480462,64.20576923076923,-3.063909991523628
2LE4-13,2014,79.97307692307692,-1.1461349306431288,36.02576923076923,-4.173659991523628
2LE4-13,2015,62.39307692307693,-0.7866267339218176,-38.55423076923077,0.33525667514303886
2LE4-13,2016,-63.056923076923084,0.49353720050441297,3.1557692307692236,1.2775431765204492
2LE4-13,2017,-67.77692307692308,-0.751544766708701,14.765769230769223,1.3200066751430388
2LE4-13,2018,7.073076923076911,2.629274905422445,-4.744230769230768,-2.4515766581902945
2LE4-13,2019,-63.566923076923075,-1.606298865069359,83.74576923076923,-3.761659991523628
2LE4-13,2020,-42.3869230769231,-0.6685939470365696,-20.044230769230765,-0.9008039309175673
2LE4-13,2021,-134.5169230769231,2.154684741488019,-27.604230769230774,0.8220066751430386
2LE4-13,2022,3.8430769230769215,-0.31170870113493265,167.3857692307692,-4.284159991523628
2LE4-13,2023,-62.24692307692308,3.01140605296343,23.645769230769233,-2.0801599915236277
2LE5-01,2008,-34.86384615384614,-1.9979066834804549,-26.169999999999995,-2.528141608391609
2LE5-01,2009,-16.743846153846135,-2.21233291298865,63.69000000000001,-2.742893674507311
2LE5-01,2010,51.79615384615386,-1.201349306431272,31.239999999999995,1.576106325492689
2LE5-01,2011,-18.783846153846156,-1.9933165195460276,26.89,-2.6226436745073105
2LE5-01,2012,-73.31384615384614,1.3856998738965949,27.150000000000006,4.436734424666243
2LE5-01,2013,29.63615384615386,-0.4974148802017666,30.650000000000006,-3.532560341173977
2LE5-01,2014,67.89615384615385,-1.3159394703656986,22.39,-4.082310341173978
2LE5-01,2015,14.756153846153865,-0.8679066834804523,-39.58,0.676856325492689
2LE5-01,2016,-32.39384615384614,0.6956998738965936,-6.159999999999997,1.5097922759059124
2LE5-01,2017,-48.35384615384615,-0.5805296343001274,-4.170000000000002,1.2302729921593556
2LE5-01,2018,-2.9538461538461434,2.8342244640605294,5.210000000000008,-2.608977007840644
2LE5-01,2019,-79.98384615384614,-1.2913493064312753,55.12000000000002,-4.217560341173978
2LE5-01,2020,1.5761538461538578,-0.6688902900378295,-2.3799999999999955,-1.1739267323585505
2LE5-01,2021,-118.51384615384615,2.0814375788146293,-35.809999999999995,1.2766063254926892
2LE5-01,2022,32.516153846153856,-0.46184110970996173,140.32999999999998,-4.241643674507311
2LE5-01,2023,-72.99384615384614,3.248978562421186,-5.8799999999999955,-3.102977007840644
2LE5-02,2008,-34.86384615384614,-1.9979066834804549,-26.169999999999995,-2.528141608391609
2LE5-02,2009,-16.743846153846135,-2.21233291298865,63.69000000000001,-2.742893674507311
2LE5-02,2010,51.79615384615386,-1.201349306431272,31.239999999999995,1.576106325492689
2LE5-02,2011,-18.783846153846156,-1.9933165195460276,26.89,-2.6226436745073105
2LE5-02,2012,-73.31384615384614,1.3856998738965949,27.150000000000006,4.436734424666243
2LE5-02,2013,29.63615384615386,-0.4974148802017666,30.650000000000006,-3.532560341173977
2LE5-02,2014,67.89615384615385,-1.3159394703656986,22.39,-4.082310341173978
2LE5-02,2015,14.756153846153865,-0.8679066834804523,-39.58,0.676856325492689
2LE5-02,2016,-32.39384615384614,0.6956998738965936,-6.159999999999997,1.5097922759059124
2LE5-02,2017,-48.35384615384615,-0.5805296343001274,-4.170000000000002,1.2302729921593556
2LE5-02,2018,-2.9538461538461434,2.8342244640605294,5.210000000000008,-2.608977007840644
2LE5-02,2019,-79.98384615384614,-1.2913493064312753,55.12000000000002,-4.217560341173978
2LE5-02,2020,1.5761538461538578,-0.6688902900378295,-2.3799999999999955,-1.1739267323585505
2LE5-02,2021,-118.51384615384615,2.0814375788146293,-35.809999999999995,1.2766063254926892
2LE5-02,2022,32.516153846153856,-0.46184110970996173,140.32999999999998,-4.241643674507311
2LE5-02,2023,-72.99384615384614,3.248978562421186,-5.8799999999999955,-3.102977007840644
2LE5-03,2008,-33.134230769230754,-1.9936696090794435,-25.724230769230765,-2.530974862258953
2LE5-03,2009,-16.05423076923077,-2.2025220680958384,63.78576923076925,-2.7497503443526172
2LE5-03,2010,51.92576923076922,-1.1897351828499367,34.94576923076923,1.571249655647383
2LE5-03,2011,-17.80423076923077,-1.9848171500630514,25.58576923076923,-2.625000344352617
2LE5-03,2012,-72.66423076923077,1.3973139974779336,27.18576923076924,4.43770282369146
2LE5-03,2013,29.825769230769225,-0.4931778058007552,32.05576923076923,-3.536250344352617
2LE5-03,2014,68.60576923076923,-1.30530895334174,22.565769230769234,-4.072750344352617
2LE5-03,2015,16.105769230769226,-0.8672761664564952,-39.48423076923076,0.6819996556473831
2LE5-03,2016,-32.384230769230754,0.7061664564943264,-4.494230769230768,1.5107606749311295
2LE5-03,2017,-48.384230769230754,-0.5779319041614102,-3.824230769230766,1.237749655647383
2LE5-03,2018,-2.0842307692307713,2.839281210592688,5.485769230769236,-2.608250344352617
2LE5-03,2019,-78.93423076923077,-1.2943253467843618,55.37576923076922,-4.2237503443526165
2LE5-03,2020,1.0457692307692525,-0.6539974779319024,-1.4842307692307628,-1.1659335399449036
2LE5-03,2021,-117.83423076923077,2.0927238335435057,-35.24423076923077,1.2765829889807163
2LE5-03,2022,36.86576923076922,-0.4533417402269855,140.11576923076922,-4.23883367768595
2LE5-03,2023,-66.04423076923077,3.255182849936947,-5.204230769230762,-3.10483367768595
2LE5-04,2008,-33.134230769230754,-1.9936696090794435,-25.724230769230765,-2.530974862258953
2LE5-04,2009,-16.05423076923077,-2.2025220680958384,63.78576923076925,-2.7497503443526172
2LE5-04,2010,51.92576923076922,-1.1897351828499367,34.94576923076923,1.571249655647383
2LE5-04,2011,-17.80423076923077,-1.9848171500630514,25.58576923076923,-2.625000344352617
2LE5-04,2012,-72.66423076923077,1.3973139974779336,27.18576923076924,4.43770282369146
2LE5-04,2013,29.825769230769225,-0.4931778058007552,32.05576923076923,-3.536250344352617
2LE5-04,2014,68.60576923076923,-1.30530895334174,22.565769230769234,-4.072750344352617
2LE5-04,2015,16.105769230769226,-0.8672761664564952,-39.48423076923076,0.6819996556473831
2LE5-04,2016,-32.384230769230754,0.7061664564943264,-4.494230769230768,1.5107606749311295
2LE5-04,2017,-48.384230769230754,-0.5779319041614102,-3.824230769230766,1.237749655647383
2LE5-04,2018,-2.0842307692307713,2.839281210592688,5.485769230769236,-2.608250344352617
2LE5-04,2019,-78.93423076923077,-1.2943253467843618,55.37576923076922,-4.2237503443526165
2LE5-04,2020,1.0457692307692525,-0.6539974779319024,-1.4842307692307628,-1.1659335399449036
2LE5-04,2021,-117.83423076923077,2.0927238335435057,-35.24423076923077,1.2765829889807163
2LE5-04,2022,36.86576923076922,-0.4533417402269855,140.11576923076922,-4.23883367768595
2LE5-04,2023,-66.04423076923077,3.255182849936947,-5.204230769230762,-3.10483367768595
2LE5-05,2008,-38.20576923076922,-1.9975346784363168,-27.872307692307686,-2.5294291428268703
2LE5-05,2009,-17.43576923076924,-2.202780580075661,65.45769230769231,-2.7545730822208094
2LE5-05,2010,50.55423076923077,-1.1962232030264808,35.267692307692315,1.5709269177791905
2LE5-05,2011,-19.41576923076923,-1.9939281210592696,26.297692307692316,-2.6173230822208096
2LE5-05,2012,-73.95576923076922,1.3831210592685999,27.39769230769231,4.418752675354948
2LE5-05,2013,29.214230769230767,-0.500157629255991,34.907692307692315,-3.5436564155541426
2LE5-05,2014,67.21423076923077,-1.3076986128625485,22.81769230769231,-4.073989748887477
2LE5-05,2015,13.884230769230754,-0.8721248423707451,-39.33230769230769,0.6600935844458571
2LE5-05,2016,-35.67576923076922,0.6908259773013867,-4.522307692307692,1.5003229232888324
2LE5-05,2017,-51.53576923076923,-0.5950756620428734,-3.5423076923076877,1.2303435844458572
2LE5-05,2018,-1.3757692307692366,2.8168915510718797,5.007692307692309,-2.6020730822208096
2LE5-05,2019,-81.02576923076923,-1.314747793190417,55.66769230769232,-4.225406415554143
2LE5-05,2020,-2.475769230769231,-0.64343631778058,-2.822307692307689,-1.1435613742318287
2LE5-05,2021,-120.80576923076923,2.0809899117276167,-35.062307692307684,1.2596769177791907
2LE5-05,2022,34.09423076923076,-0.4547477931904176,140.22769230769234,-4.235739748887476
2LE5-05,2023,-68.86576923076923,3.2295145018915505,-3.832307692307694,-3.073406415554143
2LE5-06,2008,-38.20576923076922,-1.9975346784363168,-27.872307692307686,-2.5294291428268703
2LE5-06,2009,-17.43576923076924,-2.202780580075661,65.45769230769231,-2.7545730822208094
2LE5-06,2010,50.55423076923077,-1.1962232030264808,35.267692307692315,1.5709269177791905
2LE5-06,2011,-19.41576923076923,-1.9939281210592696,26.297692307692316,-2.6173230822208096
2LE5-06,2012,-73.95576923076922,1.3831210592685999,27.39769230769231,4.418752675354948
2LE5-06,2013,29.214230769230767,-0.500157629255991,34.907692307692315,-3.5436564155541426
2LE5-06,2014,67.21423076923077,-1.3076986128625485,22.81769230769231,-4.073989748887477
2LE5-06,2015,13.884230769230754,-0.8721248423707451,-39.33230769230769,0.6600935844458571
2LE5-06,2016,-35.67576923076922,0.6908259773013867,-4.522307692307692,1.5003229232888324
2LE5-06,2017,-51.53576923076923,-0.5950756620428734,-3.5423076923076877,1.2303435844458572
2LE5-06,2018,-1.3757692307692366,2.8168915510718797,5.007692307692309,-2.6020730822208096
2LE5-06,2019,-81.02576923076923,-1.314747793190417,55.66769230769232,-4.225406415554143
2LE5-06,2020,-2.475769230769231,-0.64343631778058,-2.822307692307689,-1.1435613742318287
2LE5-06,2021,-120.80576923076923,2.0809899117276167,-35.062307692307684,1.2596769177791907
2LE5-06,2022,34.09423076923076,-0.4547477931904176,140.22769230769234,-4.235739748887476
2LE5-06,2023,-68.86576923076923,3.2295145018915505,-3.832307692307694,-3.073406415554143
2LE5-07,2008,-33.134230769230754,-1.9936696090794435,-25.724230769230765,-2.530974862258953
2LE5-07,2009,-16.05423076923077,-2.2025220680958384,63.78576923076925,-2.7497503443526172
2LE5-07,2010,51.92576923076922,-1.1897351828499367,34.94576923076923,1.571249655647383
2LE5-07,2011,-17.80423076923077,-1.9848171500630514,25.58576923076923,-2.625000344352617
2LE5-07,2012,-72.66423076923077,1.3973139974779336,27.18576923076924,4.43770282369146
2LE5-07,2013,29.825769230769225,-0.4931778058007552,32.05576923076923,-3.536250344352617
2LE5-07,2014,68.60576923076923,-1.30530895334174,22.565769230769234,-4.072750344352617
2LE5-07,2015,16.105769230769226,-0.8672761664564952,-39.48423076923076,0.6819996556473831
2LE5-07,2016,-32.384230769230754,0.7061664564943264,-4.494230769230768,1.5107606749311295
2LE5-07,2017,-48.384230769230754,-0.5779319041614102,-3.824230769230766,1.237749655647383
2LE5-07,2018,-2.0842307692307713,2.839281210592688,5.485769230769236,-2.608250344352617
2LE5-07,2019,-78.93423076923077,-1.2943253467843618,55.37576923076922,-4.2237503443526165
2LE5-07,2020,1.0457692307692525,-0.6539974779319024,-1.4842307692307628,-1.1659335399449036
2LE5-07,2021,-117.83423076923077,2.0927238335435057,-35.24423076923077,1.2765829889807163
2LE5-07,2022,36.86576923076922,-0.4533417402269855,140.11576923076922,-4.23883367768595
2LE5-07,2023,-66.04423076923077,3.255182849936947,-5.204230769230762,-3.10483367768595
2LE5-08,2008,-34.540384615384625,-2.0055737704918037,-26.076923076923073,-2.523834154481882
2LE5-08,2009,-15.680384615384611,-2.2247540983606555,65.69307692307692,-2.740679195804196
2LE5-08,2010,53.56961538461539,-1.2183606557377047,37.74307692307693,1.580237470862471
2LE5-08,2011,-18.300384615384615,-2.0111475409836075,27.84307692307692,-2.6145125291375293
2LE5-08,2012,-72.28038461538462,1.3577049180327876,27.69307692307693,4.41500882072473
2LE5-08,2013,32.02961538461537,-0.5103278688524604,34.76307692307692,-3.5368458624708627
2LE5-08,2014,68.59961538461539,-1.3273770491803276,22.84307692307692,-4.094512529137529
2LE5-08,2015,16.999615384615367,-0.8744262295081988,-39.00692307692307,0.6494874708624709
2LE5-08,2016,-32.71038461538461,0.6716393442622959,-6.046923076923079,1.4961658455181182
2LE5-08,2017,-48.43038461538461,-0.6009836065573779,-3.586923076923071,1.2169874708624708
2LE5-08,2018,0.5196153846153777,2.8059016393442633,4.983076923076922,-2.6050958624708627
2LE5-08,2019,-80.11038461538463,-1.3095081967213105,55.703076923076935,-4.2135958624708625
2LE5-08,2020,1.8096153846153697,-0.67049180327869,-2.546923076923079,-1.1575531627463447
2LE5-08,2021,-119.07038461538463,2.0609836065573752,-35.65692307692307,1.2588208041958042
2LE5-08,2022,36.28961538461539,-0.47409836065573785,142.83307692307693,-4.242929195804196
2LE5-08,2023,-67.22038461538462,3.217704918032787,-5.57692307692308,-3.0705125291375293
2LE5-09,2008,-37.08730769230772,-1.9895586380832277,-27.635000000000005,-2.5340549904640817
2LE5-09,2009,-17.067307692307708,-2.1928373266078154,64.035,-2.753644522144522
2LE5-09,2010,50.53269230769229,-1.181525851197982,35.41499999999999,1.5668554778554777
2LE5-09,2011,-18.36730769230772,-1.977919293820932,25.82499999999999,-2.626477855477855
2LE5-09,2012,-73.45730769230771,1.4071626733921825,27.295,4.439498728544184
2LE5-09,2013,28.462692307692294,-0.4892307692307689,31.46499999999999,-3.5402278554778555
2LE5-09,2014,68.03269230769229,-1.297427490542244,22.745000000000005,-4.064561188811189
2LE5-09,2015,16.10269230769231,-0.8667717528373267,-39.505,0.6868554778554778
2LE5-09,2016,-33.8273076923077,0.7132282471626752,-4.385000000000005,1.5118127781309598
2LE5-09,2017,-50.12730769230771,-0.5762799495586357,-3.6450000000000102,1.2431888111888112
2LE5-09,2018,-2.9673076923077133,2.841261034047921,5.49499999999999,-2.608394522144522
2LE5-09,2019,-79.5073076923077,-1.2977553593947029,55.38499999999999,-4.227977855477856
2LE5-09,2020,-1.5273076923077156,-0.6408701134930617,-2.5250000000000057,-1.1582698664971391
2LE5-09,2021,-118.65730769230771,2.099293820933166,-34.815000000000005,1.2746054778554778
2LE5-09,2022,35.43269230769229,-0.4441488020176543,138.89499999999998,-4.235894522144522
2LE5-09,2023,-65.7773076923077,3.2569987389659545,-3.9450000000000074,-3.1063111888111887
2LE5-11,2008,-34.540384615384625,-2.0055737704918037,-26.076923076923073,-2.523834154481882
2LE5-11,2009,-15.680384615384611,-2.2247540983606555,65.69307692307692,-2.740679195804196
2LE5-11,2010,53.56961538461539,-1.2183606557377047,37.74307692307693,1.580237470862471
2LE5-11,2011,-18.300384615384615,-2.0111475409836075,27.84307692307692,-2.6145125291375293
2LE5-11,2012,-72.28038461538462,1.3577049180327876,27.69307692307693,4.41500882072473
2LE5-11,2013,32.02961538461537,-0.5103278688524604,34.76307692307692,-3.5368458624708627
2LE5-11,2014,68.59961538461539,-1.3273770491803276,22.84307692307692,-4.094512529137529
2LE5-11,2015,16.999615384615367,-0.8744262295081988,-39.00692307692307,0.6494874708624709
2LE5-11,2016,-32.71038461538461,0.6716393442622959,-6.046923076923079,1.4961658455181182
2LE5-11,2017,-48.43038461538461,-0.6009836065573779,-3.586923076923071,1.2169874708624708
2LE5-11,2018,0.5196153846153777,2.8059016393442633,4.983076923076922,-2.6050958624708627
2LE5-11,2019,-80.11038461538463,-1.3095081967213105,55.703076923076935,-4.2135958624708625
2LE5-11,2020,1.8096153846153697,-0.67049180327869,-2.546923076923079,-1.1575531627463447
2LE5-11,2021,-119.07038461538463,2.0609836065573752,-35.65692307692307,1.2588208041958042
2LE5-11,2022,36.28961538461539,-0.47409836065573785,142.83307692307693,-4.242929195804196
2LE5-11,2023,-67.22038461538462,3.217704918032787,-5.57692307692308,-3.0705125291375293
2LE5-16,2008,-34.86384615384614,-1.9979066834804549,-26.169999999999995,-2.528141608391609
2LE5-16,2009,-16.743846153846135,-2.21233291298865,63.69000000000001,-2.742893674507311
2LE5-16,2010,51.79615384615386,-1.201349306431272,31.239999999999995,1.576106325492689
2LE5-16,2011,-18.783846153846156,-1.9933165195460276,26.89,-2.6226436745073105
2LE5-16,2012,-73.31384615384614,1.3856998738965949,27.150000000000006,4.436734424666243
2LE5-16,2013,29.63615384615386,-0.4974148802017666,30.650000000000006,-3.532560341173977
2LE5-16,2014,67.89615384615385,-1.3159394703656986,22.39,-4.082310341173978
2LE5-16,2015,14.756153846153865,-0.8679066834804523,-39.58,0.676856325492689
2LE5-16,2016,-32.39384615384614,0.6956998738965936,-6.159999999999997,1.5097922759059124
2LE5-16,2017,-48.35384615384615,-0.5805296343001274,-4.170000000000002,1.2302729921593556
2LE5-16,2018,-2.9538461538461434,2.8342244640605294,5.210000000000008,-2.608977007840644
2LE5-16,2019,-79.98384615384614,-1.2913493064312753,55.12000000000002,-4.217560341173978
2LE5-16,2020,1.5761538461538578,-0.6688902900378295,-2.3799999999999955,-1.1739267323585505
2LE5-16,2021,-118.51384615384615,2.0814375788146293,-35.809999999999995,1.2766063254926892
2LE5-16,2022,32.516153846153856,-0.46184110970996173,140.32999999999998,-4.241643674507311
2LE5-16,2023,-72.99384615384614,3.248978562421186,-5.8799999999999955,-3.102977007840644
2LE5-23,2008,-34.540384615384625,-2.0055737704918037,-26.076923076923073,-2.523834154481882
2LE5-23,2009,-15.680384615384611,-2.2247540983606555,65.69307692307692,-2.740679195804196
2LE5-23,2010,53.56961538461539,-1.2183606557377047,37.74307692307693,1.580237470862471
2LE5-23,2011,-18.300384615384615,-2.0111475409836075,27.84307692307692,-2.6145125291375293
2LE5-23,2012,-72.28038461538462,1.3577049180327876,27.69307692307693,4.41500882072473
2LE5-23,2013,32.02961538461537,-0.5103278688524604,34.76307692307692,-3.5368458624708627
2LE5-23,2014,68.59961538461539,-1.3273770491803276,22.84307692307692,-4.094512529137529
2LE5-23,2015,16.999615384615367,-0.8744262295081988,-39.00692307692307,0.6494874708624709
2LE5-23,2016,-32.71038461538461,0.6716393442622959,-6.046923076923079,1.4961658455181182
2LE5-23,2017,-48.43038461538461,-0.6009836065573779,-3.586923076923071,1.2169874708624708
2LE5-23,2018,0.5196153846153777,2.8059016393442633,4.983076923076922,-2.6050958624708627
2LE5-23,2019,-80.11038461538463,-1.3095081967213105,55.703076923076935,-4.2135958624708625
2LE5-23,2020,1.8096153846153697,-0.67049180327869,-2.546923076923079,-1.1575531627463447
2LE5-23,2021,-119.07038461538463,2.0609836065573752,-35.65692307692307,1.2588208041958042
2LE5-23,2022,36.28961538461539,-0.47409836065573785,142.83307692307693,-4.242929195804196
2LE5-23,2023,-67.22038461538462,3.217704918032787,-5.57692307692308,-3.0705125291375293
2LE5-26,2008,-33.134230769230754,-1.9936696090794435,-25.724230769230765,-2.530974862258953
2LE5-26,2009,-16.05423076923077,-2.2025220680958384,63.78576923076925,-2.7497503443526172
2LE5-26,2010,51.92576923076922,-1.1897351828499367,34.94576923076923,1.571249655647383
2LE5-26,2011,-17.80423076923077,-1.9848171500630514,25.58576923076923,-2.625000344352617
2LE5-26,2012,-72.66423076923077,1.3973139974779336,27.18576923076924,4.43770282369146
2LE5-26,2013,29.825769230769225,-0.4931778058007552,32.05576923076923,-3.536250344352617
2LE5-26,2014,68.60576923076923,-1.30530895334174,22.565769230769234,-4.072750344352617
2LE5-26,2015,16.105769230769226,-0.8672761664564952,-39.48423076923076,0.6819996556473831
2LE5-26,2016,-32.384230769230754,0.7061664564943264,-4.494230769230768,1.5107606749311295
2LE5-26,2017,-48.384230769230754,-0.5779319041614102,-3.824230769230766,1.237749655647383
2LE5-26,2018,-2.0842307692307713,2.839281210592688,5.485769230769236,-2.608250344352617
2LE5-26,2019,-78.93423076923077,-1.2943253467843618,55.37576923076922,-4.2237503443526165
2LE5-26,2020,1.0457692307692525,-0.6539974779319024,-1.4842307692307628,-1.1659335399449036
2LE5-26,2021,-117.83423076923077,2.0927238335435057,-35.24423076923077,1.2765829889807163
2LE5-26,2022,36.86576923076922,-0.4533417402269855,140.11576923076922,-4.23883367768595
2LE5-26,2023,-66.04423076923077,3.255182849936947,-5.204230769230762,-3.10483367768595
2LE5-27,2008,-33.134230769230754,-1.9936696090794435,-25.724230769230765,-2.530974862258953
2LE5-27,2009,-16.05423076923077,-2.2025220680958384,63.78576923076925,-2.7497503443526172
2LE5-27,2010,51.92576923076922,-1.1897351828499367,34.94576923076923,1.571249655647383
2LE5-27,2011,-17.80423076923077,-1.9848171500630514,25.58576923076923,-2.625000344352617
2LE5-27,2012,-72.66423076923077,1.3973139974779336,27.18576923076924,4.43770282369146
2LE5-27,2013,29.825769230769225,-0.4931778058007552,32.05576923076923,-3.536250344352617
2LE5-27,2014,68.60576923076923,-1.30530895334174,22.565769230769234,-4.072750344352617
2LE5-27,2015,16.105769230769226,-0.8672761664564952,-39.48423076923076,0.6819996556473831
2LE5-27,2016,-32.384230769230754,0.7061664564943264,-4.494230769230768,1.5107606749311295
2LE5-27,2017,-48.384230769230754,-0.5779319041614102,-3.824230769230766,1.237749655647383
2LE5-27,2018,-2.0842307692307713,2.839281210592688,5.485769230769236,-2.608250344352617
2LE5-27,2019,-78.93423076923077,-1.2943253467843618,55.37576923076922,-4.2237503443526165
2LE5-27,2020,1.0457692307692525,-0.6539974779319024,-1.4842307692307628,-1.1659335399449036
2LE5-27,2021,-117.83423076923077,2.0927238335435057,-35.24423076923077,1.2765829889807163
2LE5-27,2022,36.86576923076922,-0.4533417402269855,140.11576923076922,-4.23883367768595
2LE5-27,2023,-66.04423076923077,3.255182849936947,-5.204230769230762,-3.10483367768595
2LE5-28,2008,-33.134230769230754,-1.9936696090794435,-25.724230769230765,-2.530974862258953
2LE5-28,2009,-16.05423076923077,-2.2025220680958384,63.78576923076925,-2.7497503443526172
2LE5-28,2010,51.92576923076922,-1.1897351828499367,34.94576923076923,1.571249655647383
2LE5-28,2011,-17.80423076923077,-1.9848171500630514,25.58576923076923,-2.625000344352617
2LE5-28,2012,-72.66423076923077,1.3973139974779336,27.18576923076924,4.43770282369146
2LE5-28,2013,29.825769230769225,-0.4931778058007552,32.05576923076923,-3.536250344352617
2LE5-28,2014,68.60576923076923,-1.30530895334174,22.565769230769234,-4.072750344352617
2LE5-28,2015,16.105769230769226,-0.8672761664564952,-39.48423076923076,0.6819996556473831
2LE5-28,2016,-32.384230769230754,0.7061664564943264,-4.494230769230768,1.5107606749311295
2LE5-28,2017,-48.384230769230754,-0.5779319041614102,-3.824230769230766,1.237749655647383
2LE5-28,2018,-2.0842307692307713,2.839281210592688,5.485769230769236,-2.608250344352617
2LE5-28,2019,-78.93423076923077,-1.2943253467843618,55.37576923076922,-4.2237503443526165
2LE5-28,2020,1.0457692307692525,-0.6539974779319024,-1.4842307692307628,-1.1659335399449036
2LE5-28,2021,-117.83423076923077,2.0927238335435057,-35.24423076923077,1.2765829889807163
2LE5-28,2022,36.86576923076922,-0.4533417402269855,140.11576923076922,-4.23883367768595
2LE5-28,2023,-66.04423076923077,3.255182849936947,-5.204230769230762,-3.10483367768595
2LE5-31,2008,-33.82653846153846,-2.001828499369484,-25.863076923076925,-2.526853650137741
2LE5-31,2009,-16.086538461538453,-2.213795712484238,65.58692307692309,-2.7473915289256197
2LE5-31,2010,52.45346153846154,-1.2067465321563695,34.89692307692307,1.5757751377410467
2LE5-31,2011,-18.426538461538456,-2.0026481715006312,26.286923076923074,-2.615974862258953
2LE5-31,2012,-72.70653846153846,1.3711223203026464,27.516923076923078,4.416617424242425
2LE5-31,2013,31.01346153846154,-0.5052711223203019,36.08692307692307,-3.54039152892562
2LE5-31,2014,68.30346153846153,-1.3174022698612866,22.80692307692307,-4.084224862258953
2LE5-31,2015,14.493461538461531,-0.8731399747793205,-39.183076923076925,0.6549418044077135
2LE5-31,2016,-33.76653846153846,0.681286254728878,-4.523076923076928,1.4981050275482093
2LE5-31,2017,-49.54653846153846,-0.5982219419924348,-3.5230769230769283,1.2231918044077132
2LE5-31,2018,0.02346153846156085,2.811286254728877,4.986923076923077,-2.60364152892562
2LE5-31,2019,-80.14653846153846,-1.3124842370744005,55.63692307692307,-4.22014152892562
2LE5-31,2020,0.303461538461562,-0.6574022698612865,-2.0730769230769255,-1.1511511707988982
2LE5-31,2021,-119.54653846153846,2.07095838587642,-35.34307692307693,1.2592751377410467
2LE5-31,2022,35.833461538461535,-0.4644514501891557,141.48692307692306,-4.23864152892562
2LE5-31,2023,-66.97653846153845,3.224073139974781,-4.423076923076934,-3.071474862258953
2LE5-32,2008,-33.82653846153846,-2.001828499369484,-25.863076923076925,-2.526853650137741
2LE5-32,2009,-16.086538461538453,-2.213795712484238,65.58692307692309,-2.7473915289256197
2LE5-32,2010,52.45346153846154,-1.2067465321563695,34.89692307692307,1.5757751377410467
2LE5-32,2011,-18.426538461538456,-2.0026481715006312,26.286923076923074,-2.615974862258953
2LE5-32,2012,-72.70653846153846,1.3711223203026464,27.516923076923078,4.416617424242425
2LE5-32,2013,31.01346153846154,-0.5052711223203019,36.08692307692307,-3.54039152892562
2LE5-32,2014,68.30346153846153,-1.3174022698612866,22.80692307692307,-4.084224862258953
2LE5-32,2015,14.493461538461531,-0.8731399747793205,-39.183076923076925,0.6549418044077135
2LE5-32,2016,-33.76653846153846,0.681286254728878,-4.523076923076928,1.4981050275482093
2LE5-32,2017,-49.54653846153846,-0.5982219419924348,-3.5230769230769283,1.2231918044077132
2LE5-32,2018,0.02346153846156085,2.811286254728877,4.986923076923077,-2.60364152892562
2LE5-32,2019,-80.14653846153846,-1.3124842370744005,55.63692307692307,-4.22014152892562
2LE5-32,2020,0.303461538461562,-0.6574022698612865,-2.0730769230769255,-1.1511511707988982
2LE5-32,2021,-119.54653846153846,2.07095838587642,-35.34307692307693,1.2592751377410467
2LE5-32,2022,35.833461538461535,-0.4644514501891557,141.48692307692306,-4.23864152892562
2LE5-32,2023,-66.97653846153845,3.224073139974781,-4.423076923076934,-3.071474862258953
2LE6-01,2008,-10.927692307692297,-1.7833984867591433,-49.36115384615384,-2.538456585081585
2LE6-01,2009,-28.627692307692314,-1.849464060529634,55.03884615384615,-2.709279587836406
2LE6-01,2010,15.2323076923077,-1.055037831021437,52.46884615384616,1.605303745496927
2LE6-01,2011,-2.99769230769229,-1.8184804539722563,29.848846153846168,-2.7031962545030725
2LE6-01,2012,-75.2776923076923,1.5825031525851188,23.10884615384616,4.566419447976266
2LE6-01,2013,56.0423076923077,-0.6673329129886518,40.07884615384617,-3.4621129211697395
2LE6-01,2014,51.49230769230769,-1.0302837326607808,22.208846153846167,-3.7956129211697394
2LE6-01,2015,34.40230769230769,-0.9106116015132422,-56.05115384615384,0.8367204121635939
2LE6-01,2016,-71.83769230769231,0.7767654476670884,0.7288461538461632,1.5334442413646956
2LE6-01,2017,-79.8276923076923,-0.4760214375788152,-6.771153846153837,1.4046370788302607
2LE6-01,2018,-25.7676923076923,2.7757818411097084,-2.581153846153839,-2.678696254503073
2LE6-01,2019,-27.2376923076923,-1.688316519546028,79.26884615384617,-4.159862921169739
2LE6-01,2020,-63.47769230769231,-0.19372635561160223,-29.981153846153845,-0.9049855107014199
2LE6-01,2021,-123.97769230769231,2.2697162673392164,-42.08115384615384,0.9759704121635938
2LE6-01,2022,-1.967692307692289,-0.0945460277427479,87.21884615384616,-4.202862921169739
2LE6-01,2023,-51.34769230769231,3.119388398486759,19.49884615384616,-3.016446254503073
2LE6-02,2008,-10.927692307692297,-1.7833984867591433,-49.36115384615384,-2.538456585081585
2LE6-02,2009,-28.627692307692314,-1.849464060529634,55.03884615384615,-2.709279587836406
2LE6-02,2010,15.2323076923077,-1.055037831021437,52.46884615384616,1.605303745496927
2LE6-02,2011,-2.99769230769229,-1.8184804539722563,29.848846153846168,-2.7031962545030725
2LE6-02,2012,-75.2776923076923,1.5825031525851188,23.10884615384616,4.566419447976266
2LE6-02,2013,56.0423076923077,-0.6673329129886518,40.07884615384617,-3.4621129211697395
2LE6-02,2014,51.49230769230769,-1.0302837326607808,22.208846153846167,-3.7956129211697394
2LE6-02,2015,34.40230769230769,-0.9106116015132422,-56.05115384615384,0.8367204121635939
2LE6-02,2016,-71.83769230769231,0.7767654476670884,0.7288461538461632,1.5334442413646956
2LE6-02,2017,-79.8276923076923,-0.4760214375788152,-6.771153846153837,1.4046370788302607
2LE6-02,2018,-25.7676923076923,2.7757818411097084,-2.581153846153839,-2.678696254503073
2LE6-02,2019,-27.2376923076923,-1.688316519546028,79.26884615384617,-4.159862921169739
2LE6-02,2020,-63.47769230769231,-0.19372635561160223,-29.981153846153845,-0.9049855107014199
2LE6-02,2021,-123.97769230769231,2.2697162673392164,-42.08115384615384,0.9759704121635938
2LE6-02,2022,-1.967692307692289,-0.0945460277427479,87.21884615384616,-4.202862921169739
2LE6-02,2023,-51.34769230769231,3.119388398486759,19.49884615384616,-3.016446254503073
2LE6-03,2008,-10.927692307692297,-1.7833984867591433,-49.36115384615384,-2.538456585081585
2LE6-03,2009,-28.627692307692314,-1.849464060529634,55.03884615384615,-2.709279587836406
2LE6-03,2010,15.2323076923077,-1.055037831021437,52.46884615384616,1.605303745496927
2LE6-03,2011,-2.99769230769229,-1.8184804539722563,29.848846153846168,-2.7031962545030725
2LE6-03,2012,-75.2776923076923,1.5825031525851188,23.10884615384616,4.566419447976266
2LE6-03,2013,56.0423076923077,-0.6673329129886518,40.07884615384617,-3.4621129211697395
2LE6-03,2014,51.49230769230769,-1.0302837326607808,22.208846153846167,-3.7956129211697394
2LE6-03,2015,34.40230769230769,-0.9106116015132422,-56.05115384615384,0.8367204121635939
2LE6-03,2016,-71.83769230769231,0.7767654476670884,0.7288461538461632,1.5334442413646956
2LE6-03,2017,-79.8276923076923,-0.4760214375788152,-6.771153846153837,1.4046370788302607
2LE6-03,2018,-25.7676923076923,2.7757818411097084,-2.581153846153839,-2.678696254503073
2LE6-03,2019,-27.2376923076923,-1.688316519546028,79.26884615384617,-4.159862921169739
2LE6-03,2020,-63.47769230769231,-0.19372635561160223,-29.981153846153845,-0.9049855107014199
2LE6-03,2021,-123.97769230769231,2.2697162673392164,-42.08115384615384,0.9759704121635938
2LE6-03,2022,-1.967692307692289,-0.0945460277427479,87.21884615384616,-4.202862921169739
2LE6-03,2023,-51.34769230769231,3.119388398486759,19.49884615384616,-3.016446254503073
2LE6-04,2008,-10.927692307692297,-1.7833984867591433,-49.36115384615384,-2.538456585081585
2LE6-04,2009,-28.627692307692314,-1.849464060529634,55.03884615384615,-2.709279587836406
2LE6-04,2010,15.2323076923077,-1.055037831021437,52.46884615384616,1.605303745496927
2LE6-04,2011,-2.99769230769229,-1.8184804539722563,29.848846153846168,-2.7031962545030725
2LE6-04,2012,-75.2776923076923,1.5825031525851188,23.10884615384616,4.566419447976266
2LE6-04,2013,56.0423076923077,-0.6673329129886518,40.07884615384617,-3.4621129211697395
2LE6-04,2014,51.49230769230769,-1.0302837326607808,22.208846153846167,-3.7956129211697394
2LE6-04,2015,34.40230769230769,-0.9106116015132422,-56.05115384615384,0.8367204121635939
2LE6-04,2016,-71.83769230769231,0.7767654476670884,0.7288461538461632,1.5334442413646956
2LE6-04,2017,-79.8276923076923,-0.4760214375788152,-6.771153846153837,1.4046370788302607
2LE6-04,2018,-25.7676923076923,2.7757818411097084,-2.581153846153839,-2.678696254503073
2LE6-04,2019,-27.2376923076923,-1.688316519546028,79.26884615384617,-4.159862921169739
2LE6-04,2020,-63.47769230769231,-0.19372635561160223,-29.981153846153845,-0.9049855107014199
2LE6-04,2021,-123.97769230769231,2.2697162673392164,-42.08115384615384,0.9759704121635938
2LE6-04,2022,-1.967692307692289,-0.0945460277427479,87.21884615384616,-4.202862921169739
2LE6-04,2023,-51.34769230769231,3.119388398486759,19.49884615384616,-3.016446254503073
2LE6-05,2008,-11.238076923076932,-1.7764691046658285,-47.92076923076923,-2.5378799004026273
2LE6-05,2009,-27.538076923076915,-1.8426986128625487,55.54923076923076,-2.707572737868192
2LE6-05,2010,14.921923076923065,-1.0612232030264828,52.49923076923078,1.6044272621318076
2LE6-05,2011,-0.9780769230769124,-1.8145018915510711,31.119230769230768,-2.7067394045348587
2LE6-05,2012,-74.42807692307693,1.58762925598991,24.159230769230774,4.569888694638694
2LE6-05,2013,58.12192307692305,-0.6649936948297608,40.669230769230765,-3.461906071201526
2LE6-05,2014,51.80192307692309,-1.0230264817150072,22.719230769230776,-3.7876560712015257
2LE6-05,2015,33.201923076923066,-0.9102395964691041,-55.62076923076923,0.8398439287984742
2LE6-05,2016,-68.91807692307691,0.7786128625472877,1.609230769230777,1.5399713392667937
2LE6-05,2017,-79.13807692307692,-0.4713871374527123,-7.150769230769228,1.4072605954651407
2LE6-05,2018,-24.18807692307692,2.776809583858764,-2.2407692307692315,-2.6790727378681924
2LE6-05,2019,-23.66807692307691,-1.694993694829762,79.79923076923076,-4.159739404534859
2LE6-05,2020,-62.47807692307691,-0.18023959646910725,-29.700769230769225,-0.8960617185844458
2LE6-05,2021,-122.40807692307692,2.2736948297604016,-41.64076923076923,0.9727605954651408
2LE6-05,2022,-0.4680769230769215,-0.08761664564943317,85.73923076923076,-4.200322737868192
2LE6-05,2023,-50.93807692307692,3.1202522068095817,19.629230769230773,-3.0173227378681924
2LE6-06,2008,-11.238076923076932,-1.7764691046658285,-47.92076923076923,-2.5378799004026273
2LE6-06,2009,-27.538076923076915,-1.8426986128625487,55.54923076923076,-2.707572737868192
2LE6-06,2010,14.921923076923065,-1.0612232030264828,52.49923076923078,1.6044272621318076
2LE6-06,2011,-0.9780769230769124,-1.8145018915510711,31.119230769230768,-2.7067394045348587
2LE6-06,2012,-74.42807692307693,1.58762925598991,24.159230769230774,4.569888694638694
2LE6-06,2013,58.12192307692305,-0.6649936948297608,40.669230769230765,-3.461906071201526
2LE6-06,2014,51.80192307692309,-1.0230264817150072,22.719230769230776,-3.7876560712015257
2LE6-06,2015,33.201923076923066,-0.9102395964691041,-55.62076923076923,0.8398439287984742
2LE6-06,2016,-68.91807692307691,0.7786128625472877,1.609230769230777,1.5399713392667937
2LE6-06,2017,-79.13807692307692,-0.4713871374527123,-7.150769230769228,1.4072605954651407
2LE6-06,2018,-24.18807692307692,2.776809583858764,-2.2407692307692315,-2.6790727378681924
2LE6-06,2019,-23.66807692307691,-1.694993694829762,79.79923076923076,-4.159739404534859
2LE6-06,2020,-62.47807692307691,-0.18023959646910725,-29.700769230769225,-0.8960617185844458
2LE6-06,2021,-122.40807692307692,2.2736948297604016,-41.64076923076923,0.9727605954651408
2LE6-06,2022,-0.4680769230769215,-0.08761664564943317,85.73923076923076,-4.200322737868192
2LE6-06,2023,-50.93807692307692,3.1202522068095817,19.629230769230773,-3.0173227378681924
2LE6-07,2008,-11.238076923076932,-1.7764691046658285,-47.92076923076923,-2.5378799004026273
2LE6-07,2009,-27.538076923076915,-1.8426986128625487,55.54923076923076,-2.707572737868192
2LE6-07,2010,14.921923076923065,-1.0612232030264828,52.49923076923078,1.6044272621318076
2LE6-07,2011,-0.9780769230769124,-1.8145018915510711,31.119230769230768,-2.7067394045348587
2LE6-07,2012,-74.42807692307693,1.58762925598991,24.159230769230774,4.569888694638694
2LE6-07,2013,58.12192307692305,-0.6649936948297608,40.669230769230765,-3.461906071201526
2LE6-07,2014,51.80192307692309,-1.0230264817150072,22.719230769230776,-3.7876560712015257
2LE6-07,2015,33.201923076923066,-0.9102395964691041,-55.62076923076923,0.8398439287984742
2LE6-07,2016,-68.91807692307691,0.7786128625472877,1.609230769230777,1.5399713392667937
2LE6-07,2017,-79.13807692307692,-0.4713871374527123,-7.150769230769228,1.4072605954651407
2LE6-07,2018,-24.18807692307692,2.776809583858764,-2.2407692307692315,-2.6790727378681924
2LE6-07,2019,-23.66807692307691,-1.694993694829762,79.79923076923076,-4.159739404534859
2LE6-07,2020,-62.47807692307691,-0.18023959646910725,-29.700769230769225,-0.8960617185844458
2LE6-07,2021,-122.40807692307692,2.2736948297604016,-41.64076923076923,0.9727605954651408
2LE6-07,2022,-0.4680769230769215,-0.08761664564943317,85.73923076923076,-4.200322737868192
2LE6-07,2023,-50.93807692307692,3.1202522068095817,19.629230769230773,-3.0173227378681924
2LE6-08,2008,-11.238076923076932,-1.7764691046658285,-47.92076923076923,-2.5378799004026273
2LE6-08,2009,-27.538076923076915,-1.8426986128625487,55.54923076923076,-2.707572737868192
2LE6-08,2010,14.921923076923065,-1.0612232030264828,52.49923076923078,1.6044272621318076
2LE6-08,2011,-0.9780769230769124,-1.8145018915510711,31.119230769230768,-2.7067394045348587
2LE6-08,2012,-74.42807692307693,1.58762925598991,24.159230769230774,4.569888694638694
2LE6-08,2013,58.12192307692305,-0.6649936948297608,40.669230769230765,-3.461906071201526
2LE6-08,2014,51.80192307692309,-1.0230264817150072,22.719230769230776,-3.7876560712015257
2LE6-08,2015,33.201923076923066,-0.9102395964691041,-55.62076923076923,0.8398439287984742
2LE6-08,2016,-68.91807692307691,0.7786128625472877,1.609230769230777,1.5399713392667937
2LE6-08,2017,-79.13807692307692,-0.4713871374527123,-7.150769230769228,1.4072605954651407
2LE6-08,2018,-24.18807692307692,2.776809583858764,-2.2407692307692315,-2.6790727378681924
2LE6-08,2019,-23.66807692307691,-1.694993694829762,79.79923076923076,-4.159739404534859
2LE6-08,2020,-62.47807692307691,-0.18023959646910725,-29.700769230769225,-0.8960617185844458
2LE6-08,2021,-122.40807692307692,2.2736948297604016,-41.64076923076923,0.9727605954651408
2LE6-08,2022,-0.4680769230769215,-0.08761664564943317,85.73923076923076,-4.200322737868192
2LE6-08,2023,-50.93807692307692,3.1202522068095817,19.629230769230773,-3.0173227378681924
2LE6-09,2008,-10.927692307692297,-1.7833984867591433,-49.36115384615384,-2.538456585081585
2LE6-09,2009,-28.627692307692314,-1.849464060529634,55.03884615384615,-2.709279587836406
2LE6-09,2010,15.2323076923077,-1.055037831021437,52.46884615384616,1.605303745496927
2LE6-09,2011,-2.99769230769229,-1.8184804539722563,29.848846153846168,-2.7031962545030725
2LE6-09,2012,-75.2776923076923,1.5825031525851188,23.10884615384616,4.566419447976266
2LE6-09,2013,56.0423076923077,-0.6673329129886518,40.07884615384617,-3.4621129211697395
2LE6-09,2014,51.49230769230769,-1.0302837326607808,22.208846153846167,-3.7956129211697394
2LE6-09,2015,34.40230769230769,-0.9106116015132422,-56.05115384615384,0.8367204121635939
2LE6-09,2016,-71.83769230769231,0.7767654476670884,0.7288461538461632,1.5334442413646956
2LE6-09,2017,-79.8276923076923,-0.4760214375788152,-6.771153846153837,1.4046370788302607
2LE6-09,2018,-25.7676923076923,2.7757818411097084,-2.581153846153839,-2.678696254503073
2LE6-09,2019,-27.2376923076923,-1.688316519546028,79.26884615384617,-4.159862921169739
2LE6-09,2020,-63.47769230769231,-0.19372635561160223,-29.981153846153845,-0.9049855107014199
2LE6-09,2021,-123.97769230769231,2.2697162673392164,-42.08115384615384,0.9759704121635938
2LE6-09,2022,-1.967692307692289,-0.0945460277427479,87.21884615384616,-4.202862921169739
2LE6-09,2023,-51.34769230769231,3.119388398486759,19.49884615384616,-3.016446254503073
2LE6-10,2008,-10.927692307692297,-1.7833984867591433,-49.36115384615384,-2.538456585081585
2LE6-10,2009,-28.627692307692314,-1.849464060529634,55.03884615384615,-2.709279587836406
2LE6-10,2010,15.2323076923077,-1.055037831021437,52.46884615384616,1.605303745496927
2LE6-10,2011,-2.99769230769229,-1.8184804539722563,29.848846153846168,-2.7031962545030725
2LE6-10,2012,-75.2776923076923,1.5825031525851188,23.10884615384616,4.566419447976266
2LE6-10,2013,56.0423076923077,-0.6673329129886518,40.07884615384617,-3.4621129211697395
2LE6-10,2014,51.49230769230769,-1.0302837326607808,22.208846153846167,-3.7956129211697394
2LE6-10,2015,34.40230769230769,-0.9106116015132422,-56.05115384615384,0.8367204121635939
2LE6-10,2016,-71.83769230769231,0.7767654476670884,0.7288461538461632,1.5334442413646956
2LE6-10,2017,-79.8276923076923,-0.4760214375788152,-6.771153846153837,1.4046370788302607
2LE6-10,2018,-25.7676923076923,2.7757818411097084,-2.581153846153839,-2.678696254503073
2LE6-10,2019,-27.2376923076923,-1.688316519546028,79.26884615384617,-4.159862921169739
2LE6-10,2020,-63.47769230769231,-0.19372635561160223,-29.981153846153845,-0.9049855107014199
2LE6-10,2021,-123.97769230769231,2.2697162673392164,-42.08115384615384,0.9759704121635938
2LE6-10,2022,-1.967692307692289,-0.0945460277427479,87.21884615384616,-4.202862921169739
2LE6-10,2023,-51.34769230769231,3.119388398486759,19.49884615384616,-3.016446254503073
2LE6-20,2008,-11.238076923076932,-1.7764691046658285,-47.92076923076923,-2.5378799004026273
2LE6-20,2009,-27.538076923076915,-1.8426986128625487,55.54923076923076,-2.707572737868192
2LE6-20,2010,14.921923076923065,-1.0612232030264828,52.49923076923078,1.6044272621318076
2LE6-20,2011,-0.9780769230769124,-1.8145018915510711,31.119230769230768,-2.7067394045348587
2LE6-20,2012,-74.42807692307693,1.58762925598991,24.159230769230774,4.569888694638694
2LE6-20,2013,58.12192307692305,-0.6649936948297608,40.669230769230765,-3.461906071201526
2LE6-20,2014,51.80192307692309,-1.0230264817150072,22.719230769230776,-3.7876560712015257
2LE6-20,2015,33.201923076923066,-0.9102395964691041,-55.62076923076923,0.8398439287984742
2LE6-20,2016,-68.91807692307691,0.7786128625472877,1.609230769230777,1.5399713392667937
2LE6-20,2017,-79.13807692307692,-0.4713871374527123,-7.150769230769228,1.4072605954651407
2LE6-20,2018,-24.18807692307692,2.776809583858764,-2.2407692307692315,-2.6790727378681924
2LE6-20,2019,-23.66807692307691,-1.694993694829762,79.79923076923076,-4.159739404534859
2LE6-20,2020,-62.47807692307691,-0.18023959646910725,-29.700769230769225,-0.8960617185844458
2LE6-20,2021,-122.40807692307692,2.2736948297604016,-41.64076923076923,0.9727605954651408
2LE6-20,2022,-0.4680769230769215,-0.08761664564943317,85.73923076923076,-4.200322737868192
2LE6-20,2023,-50.93807692307692,3.1202522068095817,19.629230769230773,-3.0173227378681924
2LE6-22,2008,-10.927692307692297,-1.7833984867591433,-49.36115384615384,-2.538456585081585
2LE6-22,2009,-28.627692307692314,-1.849464060529634,55.03884615384615,-2.709279587836406
2LE6-22,2010,15.2323076923077,-1.055037831021437,52.46884615384616,1.605303745496927
2LE6-22,2011,-2.99769230769229,-1.8184804539722563,29.848846153846168,-2.7031962545030725
2LE6-22,2012,-75.2776923076923,1.5825031525851188,23.10884615384616,4.566419447976266
2LE6-22,2013,56.0423076923077,-0.6673329129886518,40.07884615384617,-3.4621129211697395
2LE6-22,2014,51.49230769230769,-1.0302837326607808,22.208846153846167,-3.7956129211697394
2LE6-22,2015,34.40230769230769,-0.9106116015132422,-56.05115384615384,0.8367204121635939
2LE6-22,2016,-71.83769230769231,0.7767654476670884,0.7288461538461632,1.5334442413646956
2LE6-22,2017,-79.8276923076923,-0.4760214375788152,-6.771153846153837,1.4046370788302607
2LE6-22,2018,-25.7676923076923,2.7757818411097084,-2.581153846153839,-2.678696254503073
2LE6-22,2019,-27.2376923076923,-1.688316519546028,79.26884615384617,-4.159862921169739
2LE6-22,2020,-63.47769230769231,-0.19372635561160223,-29.981153846153845,-0.9049855107014199
2LE6-22,2021,-123.97769230769231,2.2697162673392164,-42.08115384615384,0.9759704121635938
2LE6-22,2022,-1.967692307692289,-0.0945460277427479,87.21884615384616,-4.202862921169739
2LE6-22,2023,-51.34769230769231,3.119388398486759,19.49884615384616,-3.016446254503073
2SI1-01,2008,-45.74692307692308,-1.9842938209331642,-43.143461538461544,-2.4335571095571096
2SI1-01,2009,-0.1369230769230967,-2.0074085750315263,63.62653846153846,-2.5575027018436107
2SI1-01,2010,55.173076923076906,-1.2572446406052968,56.92653846153847,1.9459139648230557
2SI1-01,2011,-13.376923076923077,-1.9390479192938201,28.026538461538465,-2.4264193685102775
2SI1-01,2012,-58.95692307692309,1.2920996216897862,32.69653846153845,4.299831320194956
2SI1-01,2013,13.123076923076923,-0.7636380832282477,53.776538461538465,-3.168502701843611
2SI1-01,2014,70.39307692307693,-1.1798675914249692,29.37653846153846,-4.151919368510278
2SI1-01,2015,45.1130769230769,-0.8064249684741469,-45.22346153846154,0.40299729815638907
2SI1-01,2016,-68.73692307692309,0.5145586380832299,0.056538461538451656,1.3269387582114853
2SI1-01,2017,-75.91692307692308,-0.7259331651954604,14.786538461538456,1.2898306314897225
2SI1-01,2018,-12.656923076923078,2.6550504413619187,-3.653461538461542,-2.5249193685102775
2SI1-01,2019,-66.75692307692307,-1.581506935687262,83.79653846153845,-3.850252701843611
2SI1-01,2020,-40.786923076923074,-0.693474148802018,-25.823461538461544,-0.9809951260860352
2SI1-01,2021,-125.96692307692308,2.130460277427492,-28.91346153846154,0.8815806314897224
2SI1-01,2022,10.693076923076916,-0.3308511979823443,126.28653846153846,-4.2772527018436115
2SI1-01,2023,-61.96692307692308,3.0498045397225724,13.51653846153846,-2.320586035176944
2SI1-02,2008,-46.67461538461541,-1.9773959646910484,-43.251538461538466,-2.435691327611782
2SI1-02,2009,-1.4746153846153902,-2.0005107187894104,61.24846153846153,-2.5534247986861622
2SI1-02,2010,53.3153846153846,-1.262313997477932,56.80846153846153,1.9427418679805042
2SI1-02,2011,-14.194615384615389,-1.9387074401008846,28.018461538461537,-2.4295081320194956
2SI1-02,2012,-60.084615384615404,1.2944073139974748,32.318461538461534,4.298936771561771
2SI1-02,2013,12.585384615384612,-0.7690353089533417,52.10846153846154,-3.171008132019496
2SI1-02,2014,69.47538461538463,-1.1764123581336712,31.36846153846153,-4.151758132019496
2SI1-02,2015,50.49538461538461,-0.8085435056746562,-43.77153846153846,0.4013252013138377
2SI1-02,2016,-67.91461538461539,0.5111286254728853,1.1684615384615427,1.3232342922229285
2SI1-02,2017,-76.3146153846154,-0.7255926860025248,12.138461538461527,1.287658534647171
2SI1-02,2018,-10.034615384615392,2.6544073139974778,-4.601538461538468,-2.5329247986861625
2SI1-02,2019,-66.6446153846154,-1.5855926860025242,83.48846153846154,-3.853758132019496
2SI1-02,2020,-42.94461538461539,-0.6887074401008846,-25.75153846153846,-0.98089793918203
2SI1-02,2021,-127.4346153846154,2.1288335435056744,-29.581538461538464,0.8706585346471709
2SI1-02,2022,8.625384615384604,-0.32559268600252267,125.70846153846153,-4.282091465352829
2SI1-02,2023,-63.2146153846154,3.049325346784361,15.408461538461538,-2.320758132019496
2SI1-03,2008,-46.67461538461541,-1.9773959646910484,-43.251538461538466,-2.435691327611782
2SI1-03,2009,-1.4746153846153902,-2.0005107187894104,61.24846153846153,-2.5534247986861622
2SI1-03,2010,53.3153846153846,-1.262313997477932,56.80846153846153,1.9427418679805042
2SI1-03,2011,-14.194615384615389,-1.9387074401008846,28.018461538461537,-2.4295081320194956
2SI1-03,2012,-60.084615384615404,1.2944073139974748,32.318461538461534,4.298936771561771
2SI1-03,2013,12.585384615384612,-0.7690353089533417,52.10846153846154,-3.171008132019496
2SI1-03,2014,69.47538461538463,-1.1764123581336712,31.36846153846153,-4.151758132019496
2SI1-03,2015,50.49538461538461,-0.8085435056746562,-43.77153846153846,0.4013252013138377
2SI1-03,2016,-67.91461538461539,0.5111286254728853,1.1684615384615427,1.3232342922229285
2SI1-03,2017,-76.3146153846154,-0.7255926860025248,12.138461538461527,1.287658534647171
2SI1-03,2018,-10.034615384615392,2.6544073139974778,-4.601538461538468,-2.5329247986861625
2SI1-03,2019,-66.6446153846154,-1.5855926860025242,83.48846153846154,-3.853758132019496
2SI1-03,2020,-42.94461538461539,-0.6887074401008846,-25.75153846153846,-0.98089793918203
2SI1-03,2021,-127.4346153846154,2.1288335435056744,-29.581538461538464,0.8706585346471709
2SI1-03,2022,8.625384615384604,-0.32559268600252267,125.70846153846153,-4.282091465352829
2SI1-03,2023,-63.2146153846154,3.049325346784361,15.408461538461538,-2.320758132019496
2SI1-04,2008,-46.67461538461541,-1.9773959646910484,-43.251538461538466,-2.435691327611782
2SI1-04,2009,-1.4746153846153902,-2.0005107187894104,61.24846153846153,-2.5534247986861622
2SI1-04,2010,53.3153846153846,-1.262313997477932,56.80846153846153,1.9427418679805042
2SI1-04,2011,-14.194615384615389,-1.9387074401008846,28.018461538461537,-2.4295081320194956
2SI1-04,2012,-60.084615384615404,1.2944073139974748,32.318461538461534,4.298936771561771
2SI1-04,2013,12.585384615384612,-0.7690353089533417,52.10846153846154,-3.171008132019496
2SI1-04,2014,69.47538461538463,-1.1764123581336712,31.36846153846153,-4.151758132019496
2SI1-04,2015,50.49538461538461,-0.8085435056746562,-43.77153846153846,0.4013252013138377
2SI1-04,2016,-67.91461538461539,0.5111286254728853,1.1684615384615427,1.3232342922229285
2SI1-04,2017,-76.3146153846154,-0.7255926860025248,12.138461538461527,1.287658534647171
2SI1-04,2018,-10.034615384615392,2.6544073139974778,-4.601538461538468,-2.5329247986861625
2SI1-04,2019,-66.6446153846154,-1.5855926860025242,83.48846153846154,-3.853758132019496
2SI1-04,2020,-42.94461538461539,-0.6887074401008846,-25.75153846153846,-0.98089793918203
2SI1-04,2021,-127.4346153846154,2.1288335435056744,-29.581538461538464,0.8706585346471709
2SI1-04,2022,8.625384615384604,-0.32559268600252267,125.70846153846153,-4.282091465352829
2SI1-04,2023,-63.2146153846154,3.049325346784361,15.408461538461538,-2.320758132019496
2SI1-05,2008,-46.67461538461541,-1.9773959646910484,-43.251538461538466,-2.435691327611782
2SI1-05,2009,-1.4746153846153902,-2.0005107187894104,61.24846153846153,-2.5534247986861622
2SI1-05,2010,53.3153846153846,-1.262313997477932,56.80846153846153,1.9427418679805042
2SI1-05,2011,-14.194615384615389,-1.9387074401008846,28.018461538461537,-2.4295081320194956
2SI1-05,2012,-60.084615384615404,1.2944073139974748,32.318461538461534,4.298936771561771
2SI1-05,2013,12.585384615384612,-0.7690353089533417,52.10846153846154,-3.171008132019496
2SI1-05,2014,69.47538461538463,-1.1764123581336712,31.36846153846153,-4.151758132019496
2SI1-05,2015,50.49538461538461,-0.8085435056746562,-43.77153846153846,0.4013252013138377
2SI1-05,2016,-67.91461538461539,0.5111286254728853,1.1684615384615427,1.3232342922229285
2SI1-05,2017,-76.3146153846154,-0.7255926860025248,12.138461538461527,1.287658534647171
2SI1-05,2018,-10.034615384615392,2.6544073139974778,-4.601538461538468,-2.5329247986861625
2SI1-05,2019,-66.6446153846154,-1.5855926860025242,83.48846153846154,-3.853758132019496
2SI1-05,2020,-42.94461538461539,-0.6887074401008846,-25.75153846153846,-0.98089793918203
2SI1-05,2021,-127.4346153846154,2.1288335435056744,-29.581538461538464,0.8706585346471709
2SI1-05,2022,8.625384615384604,-0.32559268600252267,125.70846153846153,-4.282091465352829
2SI1-05,2023,-63.2146153846154,3.049325346784361,15.408461538461538,-2.320758132019496
2SI1-06,2008,-46.67461538461541,-1.9773959646910484,-43.251538461538466,-2.435691327611782
2SI1-06,2009,-1.4746153846153902,-2.0005107187894104,61.24846153846153,-2.5534247986861622
2SI1-06,2010,53.3153846153846,-1.262313997477932,56.80846153846153,1.9427418679805042
2SI1-06,2011,-14.194615384615389,-1.9387074401008846,28.018461538461537,-2.4295081320194956
2SI1-06,2012,-60.084615384615404,1.2944073139974748,32.318461538461534,4.298936771561771
2SI1-06,2013,12.585384615384612,-0.7690353089533417,52.10846153846154,-3.171008132019496
2SI1-06,2014,69.47538461538463,-1.1764123581336712,31.36846153846153,-4.151758132019496
2SI1-06,2015,50.49538461538461,-0.8085435056746562,-43.77153846153846,0.4013252013138377
2SI1-06,2016,-67.91461538461539,0.5111286254728853,1.1684615384615427,1.3232342922229285
2SI1-06,2017,-76.3146153846154,-0.7255926860025248,12.138461538461527,1.287658534647171
2SI1-06,2018,-10.034615384615392,2.6544073139974778,-4.601538461538468,-2.5329247986861625
2SI1-06,2019,-66.6446153846154,-1.5855926860025242,83.48846153846154,-3.853758132019496
2SI1-06,2020,-42.94461538461539,-0.6887074401008846,-25.75153846153846,-0.98089793918203
2SI1-06,2021,-127.4346153846154,2.1288335435056744,-29.581538461538464,0.8706585346471709
2SI1-06,2022,8.625384615384604,-0.32559268600252267,125.70846153846153,-4.282091465352829
2SI1-06,2023,-63.2146153846154,3.049325346784361,15.408461538461538,-2.320758132019496
2SI1-07,2008,-45.74692307692308,-1.9842938209331642,-43.143461538461544,-2.4335571095571096
2SI1-07,2009,-0.1369230769230967,-2.0074085750315263,63.62653846153846,-2.5575027018436107
2SI1-07,2010,55.173076923076906,-1.2572446406052968,56.92653846153847,1.9459139648230557
2SI1-07,2011,-13.376923076923077,-1.9390479192938201,28.026538461538465,-2.4264193685102775
2SI1-07,2012,-58.95692307692309,1.2920996216897862,32.69653846153845,4.299831320194956
2SI1-07,2013,13.123076923076923,-0.7636380832282477,53.776538461538465,-3.168502701843611
2SI1-07,2014,70.39307692307693,-1.1798675914249692,29.37653846153846,-4.151919368510278
2SI1-07,2015,45.1130769230769,-0.8064249684741469,-45.22346153846154,0.40299729815638907
2SI1-07,2016,-68.73692307692309,0.5145586380832299,0.056538461538451656,1.3269387582114853
2SI1-07,2017,-75.91692307692308,-0.7259331651954604,14.786538461538456,1.2898306314897225
2SI1-07,2018,-12.656923076923078,2.6550504413619187,-3.653461538461542,-2.5249193685102775
2SI1-07,2019,-66.75692307692307,-1.581506935687262,83.79653846153845,-3.850252701843611
2SI1-07,2020,-40.786923076923074,-0.693474148802018,-25.823461538461544,-0.9809951260860352
2SI1-07,2021,-125.96692307692308,2.130460277427492,-28.91346153846154,0.8815806314897224
2SI1-07,2022,10.693076923076916,-0.3308511979823443,126.28653846153846,-4.2772527018436115
2SI1-07,2023,-61.96692307692308,3.0498045397225724,13.51653846153846,-2.320586035176944
2SI2-01,2008,-46.54423076923078,-1.9853089533417396,-38.21653846153846,-2.3727895210849757
2SI2-01,2009,-7.8642307692307725,-1.9782597730138711,72.09346153846154,-2.411007840644204
2SI2-01,2010,50.98576923076922,-1.2898991172761676,57.973461538461535,2.058575492689129
2SI2-01,2011,-0.03423076923075996,-1.9412105926860015,33.89346153846154,-2.330174507310871
2SI2-01,2012,-48.49423076923077,1.2594451450189155,45.943461538461534,4.269937751642297
2SI2-01,2013,11.225769230769231,-0.7938335435056736,62.52346153846155,-3.0646745073108708
2SI2-01,2014,74.99576923076921,-1.1594073139974768,36.42346153846154,-4.175341173977538
2SI2-01,2015,62.095769230769235,-0.7728499369482975,-37.78653846153846,0.35490882602246243
2SI2-01,2016,-65.37423076923076,0.5056746532156353,5.653461538461542,1.3011774210637848
2SI2-01,2017,-77.18423076923077,-0.7505548549810861,24.553461538461534,1.3179921593557957
2SI2-01,2018,5.585769230769245,2.6330517023959636,-4.386538461538464,-2.436674507310871
2SI2-01,2019,-63.01423076923078,-1.5835056746532175,83.18346153846154,-3.7557578406442045
2SI2-01,2020,-38.79423076923078,-0.692194199243378,-20.466538461538462,-0.916260595465141
2SI2-01,2021,-130.35423076923075,2.1553467843631786,-26.056538461538466,0.8759088260224623
2SI2-01,2022,16.295769230769224,-0.3356368221941999,129.21346153846156,-4.253424507310871
2SI2-01,2023,-38.23423076923078,3.028625472887768,19.303461538461534,-2.092591173977538
2SI2-02,2008,-46.54423076923078,-1.9853089533417396,-38.21653846153846,-2.3727895210849757
2SI2-02,2009,-7.8642307692307725,-1.9782597730138711,72.09346153846154,-2.411007840644204
2SI2-02,2010,50.98576923076922,-1.2898991172761676,57.973461538461535,2.058575492689129
2SI2-02,2011,-0.03423076923075996,-1.9412105926860015,33.89346153846154,-2.330174507310871
2SI2-02,2012,-48.49423076923077,1.2594451450189155,45.943461538461534,4.269937751642297
2SI2-02,2013,11.225769230769231,-0.7938335435056736,62.52346153846155,-3.0646745073108708
2SI2-02,2014,74.99576923076921,-1.1594073139974768,36.42346153846154,-4.175341173977538
2SI2-02,2015,62.095769230769235,-0.7728499369482975,-37.78653846153846,0.35490882602246243
2SI2-02,2016,-65.37423076923076,0.5056746532156353,5.653461538461542,1.3011774210637848
2SI2-02,2017,-77.18423076923077,-0.7505548549810861,24.553461538461534,1.3179921593557957
2SI2-02,2018,5.585769230769245,2.6330517023959636,-4.386538461538464,-2.436674507310871
2SI2-02,2019,-63.01423076923078,-1.5835056746532175,83.18346153846154,-3.7557578406442045
2SI2-02,2020,-38.79423076923078,-0.692194199243378,-20.466538461538462,-0.916260595465141
2SI2-02,2021,-130.35423076923075,2.1553467843631786,-26.056538461538466,0.8759088260224623
2SI2-02,2022,16.295769230769224,-0.3356368221941999,129.21346153846156,-4.253424507310871
2SI2-02,2023,-38.23423076923078,3.028625472887768,19.303461538461534,-2.092591173977538
2SI2-03,2008,-46.54423076923078,-1.9853089533417396,-38.21653846153846,-2.3727895210849757
2SI2-03,2009,-7.8642307692307725,-1.9782597730138711,72.09346153846154,-2.411007840644204
2SI2-03,2010,50.98576923076922,-1.2898991172761676,57.973461538461535,2.058575492689129
2SI2-03,2011,-0.03423076923075996,-1.9412105926860015,33.89346153846154,-2.330174507310871
2SI2-03,2012,-48.49423076923077,1.2594451450189155,45.943461538461534,4.269937751642297
2SI2-03,2013,11.225769230769231,-0.7938335435056736,62.52346153846155,-3.0646745073108708
2SI2-03,2014,74.99576923076921,-1.1594073139974768,36.42346153846154,-4.175341173977538
2SI2-03,2015,62.095769230769235,-0.7728499369482975,-37.78653846153846,0.35490882602246243
2SI2-03,2016,-65.37423076923076,0.5056746532156353,5.653461538461542,1.3011774210637848
2SI2-03,2017,-77.18423076923077,-0.7505548549810861,24.553461538461534,1.3179921593557957
2SI2-03,2018,5.585769230769245,2.6330517023959636,-4.386538461538464,-2.436674507310871
2SI2-03,2019,-63.01423076923078,-1.5835056746532175,83.18346153846154,-3.7557578406442045
2SI2-03,2020,-38.79423076923078,-0.692194199243378,-20.466538461538462,-0.916260595465141
2SI2-03,2021,-130.35423076923075,2.1553467843631786,-26.056538461538466,0.8759088260224623
2SI2-03,2022,16.295769230769224,-0.3356368221941999,129.21346153846156,-4.253424507310871
2SI2-03,2023,-38.23423076923078,3.028625472887768,19.303461538461534,-2.092591173977538
2SI2-04,2008,-46.54423076923078,-1.9853089533417396,-38.21653846153846,-2.3727895210849757
2SI2-04,2009,-7.8642307692307725,-1.9782597730138711,72.09346153846154,-2.411007840644204
2SI2-04,2010,50.98576923076922,-1.2898991172761676,57.973461538461535,2.058575492689129
2SI2-04,2011,-0.03423076923075996,-1.9412105926860015,33.89346153846154,-2.330174507310871
2SI2-04,2012,-48.49423076923077,1.2594451450189155,45.943461538461534,4.269937751642297
2SI2-04,2013,11.225769230769231,-0.7938335435056736,62.52346153846155,-3.0646745073108708
2SI2-04,2014,74.99576923076921,-1.1594073139974768,36.42346153846154,-4.175341173977538
2SI2-04,2015,62.095769230769235,-0.7728499369482975,-37.78653846153846,0.35490882602246243
2SI2-04,2016,-65.37423076923076,0.5056746532156353,5.653461538461542,1.3011774210637848
2SI2-04,2017,-77.18423076923077,-0.7505548549810861,24.553461538461534,1.3179921593557957
2SI2-04,2018,5.585769230769245,2.6330517023959636,-4.386538461538464,-2.436674507310871
2SI2-04,2019,-63.01423076923078,-1.5835056746532175,83.18346153846154,-3.7557578406442045
2SI2-04,2020,-38.79423076923078,-0.692194199243378,-20.466538461538462,-0.916260595465141
2SI2-04,2021,-130.35423076923075,2.1553467843631786,-26.056538461538466,0.8759088260224623
2SI2-04,2022,16.295769230769224,-0.3356368221941999,129.21346153846156,-4.253424507310871
2SI2-04,2023,-38.23423076923078,3.028625472887768,19.303461538461534,-2.092591173977538
2SI2-05,2008,-46.54423076923078,-1.9853089533417396,-38.21653846153846,-2.3727895210849757
2SI2-05,2009,-7.8642307692307725,-1.9782597730138711,72.09346153846154,-2.411007840644204
2SI2-05,2010,50.98576923076922,-1.2898991172761676,57.973461538461535,2.058575492689129
2SI2-05,2011,-0.03423076923075996,-1.9412105926860015,33.89346153846154,-2.330174507310871
2SI2-05,2012,-48.49423076923077,1.2594451450189155,45.943461538461534,4.269937751642297
2SI2-05,2013,11.225769230769231,-0.7938335435056736,62.52346153846155,-3.0646745073108708
2SI2-05,2014,74.99576923076921,-1.1594073139974768,36.42346153846154,-4.175341173977538
2SI2-05,2015,62.095769230769235,-0.7728499369482975,-37.78653846153846,0.35490882602246243
2SI2-05,2016,-65.37423076923076,0.5056746532156353,5.653461538461542,1.3011774210637848
2SI2-05,2017,-77.18423076923077,-0.7505548549810861,24.553461538461534,1.3179921593557957
2SI2-05,2018,5.585769230769245,2.6330517023959636,-4.386538461538464,-2.436674507310871
2SI2-05,2019,-63.01423076923078,-1.5835056746532175,83.18346153846154,-3.7557578406442045
2SI2-05,2020,-38.79423076923078,-0.692194199243378,-20.466538461538462,-0.916260595465141
2SI2-05,2021,-130.35423076923075,2.1553467843631786,-26.056538461538466,0.8759088260224623
2SI2-05,2022,16.295769230769224,-0.3356368221941999,129.21346153846156,-4.253424507310871
2SI2-05,2023,-38.23423076923078,3.028625472887768,19.303461538461534,-2.092591173977538
2SI3-01,2008,-41.05538461538461,-1.7957440100882742,-35.38038461538461,-2.564601716465353
2SI3-01,2009,-26.065384615384602,-2.132793190416141,56.839615384615385,-2.9541609451154907
2SI3-01,2010,49.76461538461538,-1.154268600252209,33.4196153846154,1.3035890548845093
2SI3-01,2011,-4.435384615384606,-2.0586948297604053,29.549615384615393,-2.7613276117821575
2SI3-01,2012,-63.19538461538461,1.4463871374527102,48.969615384615395,4.670770184361094
2SI3-01,2013,35.45461538461541,-0.5665636822194209,18.829615384615394,-3.6290776117821575
2SI3-01,2014,95.0946153846154,-1.3257440100882718,28.8396153846154,-3.941910945115491
2SI3-01,2015,10.824615384615385,-0.9003341740226993,-34.30038461538461,1.0449223882178427
2SI3-01,2016,4.104615384615386,0.7568789407314007,2.989615384615391,1.6055635727908453
2SI3-01,2017,-23.065384615384602,-0.22328499369482913,1.1096153846153953,1.1166723882178426
2SI3-01,2018,41.16461538461539,2.9763871374527113,16.249615384615396,-2.691494278448824
2SI3-01,2019,-65.7953846153846,-1.1742686002522085,60.12961538461538,-4.288827611782157
2SI3-01,2020,22.5246153846154,-0.4082030264817149,13.84961538461539,-1.3194777495232042
2SI3-01,2021,-83.69538461538461,2.0083543505674655,-36.030384615384605,1.4628390548845094
2SI3-01,2022,16.284615384615392,-0.3370554854981087,176.5796153846154,-4.249994278448824
2SI3-01,2023,-73.64538461538461,3.4291740226986107,-1.950384615384607,-3.615994278448824
2SI3-02,2008,-41.05538461538461,-1.7957440100882742,-35.38038461538461,-2.564601716465353
2SI3-02,2009,-26.065384615384602,-2.132793190416141,56.839615384615385,-2.9541609451154907
2SI3-02,2010,49.76461538461538,-1.154268600252209,33.4196153846154,1.3035890548845093
2SI3-02,2011,-4.435384615384606,-2.0586948297604053,29.549615384615393,-2.7613276117821575
2SI3-02,2012,-63.19538461538461,1.4463871374527102,48.969615384615395,4.670770184361094
2SI3-02,2013,35.45461538461541,-0.5665636822194209,18.829615384615394,-3.6290776117821575
2SI3-02,2014,95.0946153846154,-1.3257440100882718,28.8396153846154,-3.941910945115491
2SI3-02,2015,10.824615384615385,-0.9003341740226993,-34.30038461538461,1.0449223882178427
2SI3-02,2016,4.104615384615386,0.7568789407314007,2.989615384615391,1.6055635727908453
2SI3-02,2017,-23.065384615384602,-0.22328499369482913,1.1096153846153953,1.1166723882178426
2SI3-02,2018,41.16461538461539,2.9763871374527113,16.249615384615396,-2.691494278448824
2SI3-02,2019,-65.7953846153846,-1.1742686002522085,60.12961538461538,-4.288827611782157
2SI3-02,2020,22.5246153846154,-0.4082030264817149,13.84961538461539,-1.3194777495232042
2SI3-02,2021,-83.69538461538461,2.0083543505674655,-36.030384615384605,1.4628390548845094
2SI3-02,2022,16.284615384615392,-0.3370554854981087,176.5796153846154,-4.249994278448824
2SI3-02,2023,-73.64538461538461,3.4291740226986107,-1.950384615384607,-3.615994278448824
2SI3-03,2008,-41.05538461538461,-1.7957440100882742,-35.38038461538461,-2.564601716465353
2SI3-03,2009,-26.065384615384602,-2.132793190416141,56.839615384615385,-2.9541609451154907
2SI3-03,2010,49.76461538461538,-1.154268600252209,33.4196153846154,1.3035890548845093
2SI3-03,2011,-4.435384615384606,-2.0586948297604053,29.549615384615393,-2.7613276117821575
2SI3-03,2012,-63.19538461538461,1.4463871374527102,48.969615384615395,4.670770184361094
2SI3-03,2013,35.45461538461541,-0.5665636822194209,18.829615384615394,-3.6290776117821575
2SI3-03,2014,95.0946153846154,-1.3257440100882718,28.8396153846154,-3.941910945115491
2SI3-03,2015,10.824615384615385,-0.9003341740226993,-34.30038461538461,1.0449223882178427
2SI3-03,2016,4.104615384615386,0.7568789407314007,2.989615384615391,1.6055635727908453
2SI3-03,2017,-23.065384615384602,-0.22328499369482913,1.1096153846153953,1.1166723882178426
2SI3-03,2018,41.16461538461539,2.9763871374527113,16.249615384615396,-2.691494278448824
2SI3-03,2019,-65.7953846153846,-1.1742686002522085,60.12961538461538,-4.288827611782157
2SI3-03,2020,22.5246153846154,-0.4082030264817149,13.84961538461539,-1.3194777495232042
2SI3-03,2021,-83.69538461538461,2.0083543505674655,-36.030384615384605,1.4628390548845094
2SI3-03,2022,16.284615384615392,-0.3370554854981087,176.5796153846154,-4.249994278448824
2SI3-03,2023,-73.64538461538461,3.4291740226986107,-1.950384615384607,-3.615994278448824
2SI3-04,2008,-40.496153846153845,-1.7962295081967241,-35.66307692307692,-2.5675116020343296
2SI3-04,2009,-26.946153846153834,-2.129016393442626,56.956923076923076,-2.956004714981988
2SI3-04,2010,46.243846153846164,-1.1490163934426256,33.316923076923075,1.3004952850180125
2SI3-04,2011,-4.606153846153859,-2.055409836065575,29.83692307692307,-2.7691713816486545
2SI3-04,2012,-62.92615384615385,1.4504918032786875,56.31692307692309,4.67166195168468
2SI3-04,2013,35.94384615384615,-0.5660655737704943,19.366923076923072,-3.6327547149819877
2SI3-04,2014,95.04384615384615,-1.3214754098360686,28.30692307692307,-3.9355047149819877
2SI3-04,2015,11.763846153846146,-0.9047540983606588,-34.753076923076925,1.0484119516846788
2SI3-04,2016,2.303846153846166,0.7591803278688509,3.256923076923073,1.6052156706929432
2SI3-04,2017,-24.186153846153843,-0.22409836065573785,0.8269230769230802,1.1193286183513456
2SI3-04,2018,38.10384615384615,2.973114754098358,16.04692307692308,-2.7000047149819877
2SI3-04,2019,-59.586153846153834,-1.1844262295081975,59.01692307692308,-4.2964213816486545
2SI3-04,2020,21.013846153846174,-0.4068852459016412,12.406923076923078,-1.320652097902098
2SI3-04,2021,-82.75615384615385,2.0101639344262274,-36.46307692307692,1.4567452850180125
2SI3-04,2022,17.243846153846164,-0.3334426229508196,171.02692307692308,-4.248504714981988
2SI3-04,2023,-73.09615384615384,3.4265573770491784,-0.20307692307692093,-3.624088048315321
2SI3-05,2008,-41.05538461538461,-1.7957440100882742,-35.38038461538461,-2.564601716465353
2SI3-05,2009,-26.065384615384602,-2.132793190416141,56.839615384615385,-2.9541609451154907
2SI3-05,2010,49.76461538461538,-1.154268600252209,33.4196153846154,1.3035890548845093
2SI3-05,2011,-4.435384615384606,-2.0586948297604053,29.549615384615393,-2.7613276117821575
2SI3-05,2012,-63.19538461538461,1.4463871374527102,48.969615384615395,4.670770184361094
2SI3-05,2013,35.45461538461541,-0.5665636822194209,18.829615384615394,-3.6290776117821575
2SI3-05,2014,95.0946153846154,-1.3257440100882718,28.8396153846154,-3.941910945115491
2SI3-05,2015,10.824615384615385,-0.9003341740226993,-34.30038461538461,1.0449223882178427
2SI3-05,2016,4.104615384615386,0.7568789407314007,2.989615384615391,1.6055635727908453
2SI3-05,2017,-23.065384615384602,-0.22328499369482913,1.1096153846153953,1.1166723882178426
2SI3-05,2018,41.16461538461539,2.9763871374527113,16.249615384615396,-2.691494278448824
2SI3-05,2019,-65.7953846153846,-1.1742686002522085,60.12961538461538,-4.288827611782157
2SI3-05,2020,22.5246153846154,-0.4082030264817149,13.84961538461539,-1.3194777495232042
2SI3-05,2021,-83.69538461538461,2.0083543505674655,-36.030384615384605,1.4628390548845094
2SI3-05,2022,16.284615384615392,-0.3370554854981087,176.5796153846154,-4.249994278448824
2SI3-05,2023,-73.64538461538461,3.4291740226986107,-1.950384615384607,-3.615994278448824
2SI3-06,2008,-41.05538461538461,-1.7957440100882742,-35.38038461538461,-2.564601716465353
2SI3-06,2009,-26.065384615384602,-2.132793190416141,56.839615384615385,-2.9541609451154907
2SI3-06,2010,49.76461538461538,-1.154268600252209,33.4196153846154,1.3035890548845093
2SI3-06,2011,-4.435384615384606,-2.0586948297604053,29.549615384615393,-2.7613276117821575
2SI3-06,2012,-63.19538461538461,1.4463871374527102,48.969615384615395,4.670770184361094
2SI3-06,2013,35.45461538461541,-0.5665636822194209,18.829615384615394,-3.6290776117821575
2SI3-06,2014,95.0946153846154,-1.3257440100882718,28.8396153846154,-3.941910945115491
2SI3-06,2015,10.824615384615385,-0.9003341740226993,-34.30038461538461,1.0449223882178427
2SI3-06,2016,4.104615384615386,0.7568789407314007,2.989615384615391,1.6055635727908453
2SI3-06,2017,-23.065384615384602,-0.22328499369482913,1.1096153846153953,1.1166723882178426
2SI3-06,2018,41.16461538461539,2.9763871374527113,16.249615384615396,-2.691494278448824
2SI3-06,2019,-65.7953846153846,-1.1742686002522085,60.12961538461538,-4.288827611782157
2SI3-06,2020,22.5246153846154,-0.4082030264817149,13.84961538461539,-1.3194777495232042
2SI3-06,2021,-83.69538461538461,2.0083543505674655,-36.030384615384605,1.4628390548845094
2SI3-06,2022,16.284615384615392,-0.3370554854981087,176.5796153846154,-4.249994278448824
2SI3-06,2023,-73.64538461538461,3.4291740226986107,-1.950384615384607,-3.615994278448824
2SI4-01,2008,-33.43807692307692,-2.1152017654476687,-23.1676923076923,-2.4835743006993005
2SI4-01,2009,-6.928076923076901,-2.3504476670870105,70.21230769230769,-2.691928295189659
2SI4-01,2010,67.5719230769231,-1.336513240857503,35.9823076923077,1.8045717048103411
2SI4-01,2011,-8.818076923076916,-2.080939470365699,31.102307692307704,-2.4985949618563255
2SI4-01,2012,-62.91807692307691,1.184798234552332,40.462307692307704,4.35931826128417
2SI4-01,2013,50.8219230769231,-0.596349306431275,69.62230769230769,-3.348594961856325
2SI4-01,2014,76.1019230769231,-1.4314312736443888,29.672307692307697,-4.2310116285229915
2SI4-01,2015,15.871923076923082,-0.856349306431273,-34.0276923076923,0.5027383714770078
2SI4-01,2016,-33.24807692307692,0.5270933165195437,-9.1276923076923,1.3854339637635091
2SI4-01,2017,-43.3980769230769,-0.7029066834804532,1.1923076923076934,1.1864050381436746
2SI4-01,2018,-5.778076923076924,2.6910277427490534,0.6223076923077002,-2.517094961856325
2SI4-01,2019,-79.28807692307691,-1.3661853720050452,56.43230769230769,-3.9990116285229917
2SI4-01,2020,21.771923076923088,-0.7286443883984859,-9.867692307692295,-1.0381197552447552
2SI4-01,2021,-118.74807692307691,1.9990605296342991,-28.3476923076923,1.214071704810341
2SI4-01,2022,43.75192307692308,-0.6001197982345516,168.2923076923077,-4.253011628522992
2SI4-01,2023,-62.97807692307691,3.1154539722572494,1.072307692307703,-2.7784282951896584
2SI4-02,2008,-33.2323076923077,-2.1099180327868865,-23.555,-2.4886704545454545
2SI4-02,2009,-6.332307692307694,-2.346475409836067,68.775,-2.701455578512397
2SI4-02,2010,67.80769230769229,-1.329426229508197,35.144999999999996,1.7873777548209366
2SI4-02,2011,-8.672307692307697,-2.076311475409838,30.235,-2.5033722451790634
2SI4-02,2012,-62.6523076923077,1.1968032786885239,39.485,4.363478305785124
2SI4-02,2013,50.94769230769231,-0.5877868852459045,67.815,-3.3641222451790633
2SI4-02,2014,76.34769230769228,-1.4269672131147573,28.144999999999996,-4.22203891184573
2SI4-02,2015,16.0176923076923,-0.8587704918032806,-34.555,0.5121277548209366
2SI4-02,2016,-31.922307692307697,0.5382786885245885,-9.655000000000001,1.3917427685950412
2SI4-02,2017,-42.122307692307686,-0.6974590163934451,0.5450000000000017,1.1872110881542697
2SI4-02,2018,-4.75230769230771,2.7018852459016394,0.5649999999999977,-2.520955578512397
2SI4-02,2019,-78.8323076923077,-1.355983606557377,54.39500000000001,-4.0202889118457295
2SI4-02,2020,22.587692307692294,-0.726803278688525,-9.375,-1.047513429752066
2SI4-02,2021,-117.91230769230769,2.0043442622950813,-29.375,1.2252944214876031
2SI4-02,2022,42.4576923076923,-0.5946721311475436,167.325,-4.25128891184573
2SI4-02,2023,-62.972307692307695,3.126639344262294,0.14499999999999602,-2.80203891184573
2SI4-03,2008,-33.2323076923077,-2.1099180327868865,-23.555,-2.4886704545454545
2SI4-03,2009,-6.332307692307694,-2.346475409836067,68.775,-2.701455578512397
2SI4-03,2010,67.80769230769229,-1.329426229508197,35.144999999999996,1.7873777548209366
2SI4-03,2011,-8.672307692307697,-2.076311475409838,30.235,-2.5033722451790634
2SI4-03,2012,-62.6523076923077,1.1968032786885239,39.485,4.363478305785124
2SI4-03,2013,50.94769230769231,-0.5877868852459045,67.815,-3.3641222451790633
2SI4-03,2014,76.34769230769228,-1.4269672131147573,28.144999999999996,-4.22203891184573
2SI4-03,2015,16.0176923076923,-0.8587704918032806,-34.555,0.5121277548209366
2SI4-03,2016,-31.922307692307697,0.5382786885245885,-9.655000000000001,1.3917427685950412
2SI4-03,2017,-42.122307692307686,-0.6974590163934451,0.5450000000000017,1.1872110881542697
2SI4-03,2018,-4.75230769230771,2.7018852459016394,0.5649999999999977,-2.520955578512397
2SI4-03,2019,-78.8323076923077,-1.355983606557377,54.39500000000001,-4.0202889118457295
2SI4-03,2020,22.587692307692294,-0.726803278688525,-9.375,-1.047513429752066
2SI4-03,2021,-117.91230769230769,2.0043442622950813,-29.375,1.2252944214876031
2SI4-03,2022,42.4576923076923,-0.5946721311475436,167.325,-4.25128891184573
2SI4-03,2023,-62.972307692307695,3.126639344262294,0.14499999999999602,-2.80203891184573
2SI4-04,2008,-33.2323076923077,-2.1099180327868865,-23.555,-2.4886704545454545
2SI4-04,2009,-6.332307692307694,-2.346475409836067,68.775,-2.701455578512397
2SI4-04,2010,67.80769230769229,-1.329426229508197,35.144999999999996,1.7873777548209366
2SI4-04,2011,-8.672307692307697,-2.076311475409838,30.235,-2.5033722451790634
2SI4-04,2012,-62.6523076923077,1.1968032786885239,39.485,4.363478305785124
2SI4-04,2013,50.94769230769231,-0.5877868852459045,67.815,-3.3641222451790633
2SI4-04,2014,76.34769230769228,-1.4269672131147573,28.144999999999996,-4.22203891184573
2SI4-04,2015,16.0176923076923,-0.8587704918032806,-34.555,0.5121277548209366
2SI4-04,2016,-31.922307692307697,0.5382786885245885,-9.655000000000001,1.3917427685950412
2SI4-04,2017,-42.122307692307686,-0.6974590163934451,0.5450000000000017,1.1872110881542697
2SI4-04,2018,-4.75230769230771,2.7018852459016394,0.5649999999999977,-2.520955578512397
2SI4-04,2019,-78.8323076923077,-1.355983606557377,54.39500000000001,-4.0202889118457295
2SI4-04,2020,22.587692307692294,-0.726803278688525,-9.375,-1.047513429752066
2SI4-04,2021,-117.91230769230769,2.0043442622950813,-29.375,1.2252944214876031
2SI4-04,2022,42.4576923076923,-0.5946721311475436,167.325,-4.25128891184573
2SI4-04,2023,-62.972307692307695,3.126639344262294,0.14499999999999602,-2.80203891184573
3LE1-01,2008,-31.14384615384617,-1.81453341740227,-30.027692307692305,-2.5968997933884297
3LE1-01,2009,-113.80384615384617,-0.7373203026481718,21.602307692307704,-2.1310816115702482
3LE1-01,2010,-13.263846153846146,-0.8281399747793188,-0.7276923076923083,0.8525017217630855
3LE1-01,2011,8.216153846153844,-2.128303909205549,16.74230769230769,-3.3922482782369148
3LE1-01,2012,59.06615384615384,1.0628436317780583,-12.447692307692307,4.228141528925621
3LE1-01,2013,8.166153846153833,-2.1505989911727603,34.46230769230769,-3.837748278236915
3LE1-01,2014,135.32615384615383,-1.3555170239596457,24.082307692307694,-4.127248278236914
3LE1-01,2015,54.246153846153845,-1.1163366960907943,-83.7376923076923,0.08166838842975199
3LE1-01,2016,-38.95384615384614,0.458581336696092,-32.9276923076923,1.5167365702479336
3LE1-01,2017,-15.703846153846172,-0.7615825977301398,-18.99769230769229,1.4750850550964185
3LE1-01,2018,-6.013846153846174,2.4630075662042863,-66.9376923076923,-2.5229149449035813
3LE1-01,2019,50.26615384615383,-1.6333858764186644,25.99230769230769,-3.7064982782369147
3LE1-01,2020,-65.92384615384617,0.15218789407314048,-75.0876923076923,-0.2450816115702481
3LE1-01,2021,-126.20384615384616,1.8923518284993683,24.372307692307686,-0.09233161157024794
3LE1-01,2022,10.956153846153825,0.2084174022698626,-3.947692307692307,-3.5929149449035815
3LE1-01,2023,-133.83384615384614,3.046450189155106,32.392307692307696,-2.303581611570248
3LE1-03,2008,-31.14384615384617,-1.81453341740227,-30.027692307692305,-2.5968997933884297
3LE1-03,2009,-113.80384615384617,-0.7373203026481718,21.602307692307704,-2.1310816115702482
3LE1-03,2010,-13.263846153846146,-0.8281399747793188,-0.7276923076923083,0.8525017217630855
3LE1-03,2011,8.216153846153844,-2.128303909205549,16.74230769230769,-3.3922482782369148
3LE1-03,2012,59.06615384615384,1.0628436317780583,-12.447692307692307,4.228141528925621
3LE1-03,2013,8.166153846153833,-2.1505989911727603,34.46230769230769,-3.837748278236915
3LE1-03,2014,135.32615384615383,-1.3555170239596457,24.082307692307694,-4.127248278236914
3LE1-03,2015,54.246153846153845,-1.1163366960907943,-83.7376923076923,0.08166838842975199
3LE1-03,2016,-38.95384615384614,0.458581336696092,-32.9276923076923,1.5167365702479336
3LE1-03,2017,-15.703846153846172,-0.7615825977301398,-18.99769230769229,1.4750850550964185
3LE1-03,2018,-6.013846153846174,2.4630075662042863,-66.9376923076923,-2.5229149449035813
3LE1-03,2019,50.26615384615383,-1.6333858764186644,25.99230769230769,-3.7064982782369147
3LE1-03,2020,-65.92384615384617,0.15218789407314048,-75.0876923076923,-0.2450816115702481
3LE1-03,2021,-126.20384615384616,1.8923518284993683,24.372307692307686,-0.09233161157024794
3LE1-03,2022,10.956153846153825,0.2084174022698626,-3.947692307692307,-3.5929149449035815
3LE1-03,2023,-133.83384615384614,3.046450189155106,32.392307692307696,-2.303581611570248
3LE1-04,2008,-31.14384615384617,-1.81453341740227,-30.027692307692305,-2.5968997933884297
3LE1-04,2009,-113.80384615384617,-0.7373203026481718,21.602307692307704,-2.1310816115702482
3LE1-04,2010,-13.263846153846146,-0.8281399747793188,-0.7276923076923083,0.8525017217630855
3LE1-04,2011,8.216153846153844,-2.128303909205549,16.74230769230769,-3.3922482782369148
3LE1-04,2012,59.06615384615384,1.0628436317780583,-12.447692307692307,4.228141528925621
3LE1-04,2013,8.166153846153833,-2.1505989911727603,34.46230769230769,-3.837748278236915
3LE1-04,2014,135.32615384615383,-1.3555170239596457,24.082307692307694,-4.127248278236914
3LE1-04,2015,54.246153846153845,-1.1163366960907943,-83.7376923076923,0.08166838842975199
3LE1-04,2016,-38.95384615384614,0.458581336696092,-32.9276923076923,1.5167365702479336
3LE1-04,2017,-15.703846153846172,-0.7615825977301398,-18.99769230769229,1.4750850550964185
3LE1-04,2018,-6.013846153846174,2.4630075662042863,-66.9376923076923,-2.5229149449035813
3LE1-04,2019,50.26615384615383,-1.6333858764186644,25.99230769230769,-3.7064982782369147
3LE1-04,2020,-65.92384615384617,0.15218789407314048,-75.0876923076923,-0.2450816115702481
3LE1-04,2021,-126.20384615384616,1.8923518284993683,24.372307692307686,-0.09233161157024794
3LE1-04,2022,10.956153846153825,0.2084174022698626,-3.947692307692307,-3.5929149449035815
3LE1-04,2023,-133.83384615384614,3.046450189155106,32.392307692307696,-2.303581611570248
3LE1-05,2008,-31.14384615384617,-1.81453341740227,-30.027692307692305,-2.5968997933884297
3LE1-05,2009,-113.80384615384617,-0.7373203026481718,21.602307692307704,-2.1310816115702482
3LE1-05,2010,-13.263846153846146,-0.8281399747793188,-0.7276923076923083,0.8525017217630855
3LE1-05,2011,8.216153846153844,-2.128303909205549,16.74230769230769,-3.3922482782369148
3LE1-05,2012,59.06615384615384,1.0628436317780583,-12.447692307692307,4.228141528925621
3LE1-05,2013,8.166153846153833,-2.1505989911727603,34.46230769230769,-3.837748278236915
3LE1-05,2014,135.32615384615383,-1.3555170239596457,24.082307692307694,-4.127248278236914
3LE1-05,2015,54.246153846153845,-1.1163366960907943,-83.7376923076923,0.08166838842975199
3LE1-05,2016,-38.95384615384614,0.458581336696092,-32.9276923076923,1.5167365702479336
3LE1-05,2017,-15.703846153846172,-0.7615825977301398,-18.99769230769229,1.4750850550964185
3LE1-05,2018,-6.013846153846174,2.4630075662042863,-66.9376923076923,-2.5229149449035813
3LE1-05,2019,50.26615384615383,-1.6333858764186644,25.99230769230769,-3.7064982782369147
3LE1-05,2020,-65.92384615384617,0.15218789407314048,-75.0876923076923,-0.2450816115702481
3LE1-05,2021,-126.20384615384616,1.8923518284993683,24.372307692307686,-0.09233161157024794
3LE1-05,2022,10.956153846153825,0.2084174022698626,-3.947692307692307,-3.5929149449035815
3LE1-05,2023,-133.83384615384614,3.046450189155106,32.392307692307696,-2.303581611570248
3LE1-06,2008,-31.14384615384617,-1.81453341740227,-30.027692307692305,-2.5968997933884297
3LE1-06,2009,-113.80384615384617,-0.7373203026481718,21.602307692307704,-2.1310816115702482
3LE1-06,2010,-13.263846153846146,-0.8281399747793188,-0.7276923076923083,0.8525017217630855
3LE1-06,2011,8.216153846153844,-2.128303909205549,16.74230769230769,-3.3922482782369148
3LE1-06,2012,59.06615384615384,1.0628436317780583,-12.447692307692307,4.228141528925621
3LE1-06,2013,8.166153846153833,-2.1505989911727603,34.46230769230769,-3.837748278236915
3LE1-06,2014,135.32615384615383,-1.3555170239596457,24.082307692307694,-4.127248278236914
3LE1-06,2015,54.246153846153845,-1.1163366960907943,-83.7376923076923,0.08166838842975199
3LE1-06,2016,-38.95384615384614,0.458581336696092,-32.9276923076923,1.5167365702479336
3LE1-06,2017,-15.703846153846172,-0.7615825977301398,-18.99769230769229,1.4750850550964185
3LE1-06,2018,-6.013846153846174,2.4630075662042863,-66.9376923076923,-2.5229149449035813
3LE1-06,2019,50.26615384615383,-1.6333858764186644,25.99230769230769,-3.7064982782369147
3LE1-06,2020,-65.92384615384617,0.15218789407314048,-75.0876923076923,-0.2450816115702481
3LE1-06,2021,-126.20384615384616,1.8923518284993683,24.372307692307686,-0.09233161157024794
3LE1-06,2022,10.956153846153825,0.2084174022698626,-3.947692307692307,-3.5929149449035815
3LE1-06,2023,-133.83384615384614,3.046450189155106,32.392307692307696,-2.303581611570248
3LE1-07,2008,-31.14384615384617,-1.81453341740227,-30.027692307692305,-2.5968997933884297
3LE1-07,2009,-113.80384615384617,-0.7373203026481718,21.602307692307704,-2.1310816115702482
3LE1-07,2010,-13.263846153846146,-0.8281399747793188,-0.7276923076923083,0.8525017217630855
3LE1-07,2011,8.216153846153844,-2.128303909205549,16.74230769230769,-3.3922482782369148
3LE1-07,2012,59.06615384615384,1.0628436317780583,-12.447692307692307,4.228141528925621
3LE1-07,2013,8.166153846153833,-2.1505989911727603,34.46230769230769,-3.837748278236915
3LE1-07,2014,135.32615384615383,-1.3555170239596457,24.082307692307694,-4.127248278236914
3LE1-07,2015,54.246153846153845,-1.1163366960907943,-83.7376923076923,0.08166838842975199
3LE1-07,2016,-38.95384615384614,0.458581336696092,-32.9276923076923,1.5167365702479336
3LE1-07,2017,-15.703846153846172,-0.7615825977301398,-18.99769230769229,1.4750850550964185
3LE1-07,2018,-6.013846153846174,2.4630075662042863,-66.9376923076923,-2.5229149449035813
3LE1-07,2019,50.26615384615383,-1.6333858764186644,25.99230769230769,-3.7064982782369147
3LE1-07,2020,-65.92384615384617,0.15218789407314048,-75.0876923076923,-0.2450816115702481
3LE1-07,2021,-126.20384615384616,1.8923518284993683,24.372307692307686,-0.09233161157024794
3LE1-07,2022,10.956153846153825,0.2084174022698626,-3.947692307692307,-3.5929149449035815
3LE1-07,2023,-133.83384615384614,3.046450189155106,32.392307692307696,-2.303581611570248
3LE1-08,2008,-31.676153846153852,-1.8181588902900394,-29.35653846153845,-2.6131982941301124
3LE1-08,2009,-108.97615384615385,-0.72422446406053,22.923461538461538,-2.1404193685102775
3LE1-08,2010,-14.966153846153844,-0.8348802017654471,-1.0765384615384619,0.7927472981563892
3LE1-08,2011,8.743846153846135,-2.0811097099621705,16.99346153846156,-3.3674193685102773
3LE1-08,2012,53.14384615384617,1.0987263556115998,-12.636538461538436,4.257380218266581
3LE1-08,2013,7.803846153846138,-2.122749054224464,35.16346153846155,-3.8208360351769444
3LE1-08,2014,134.11384615384614,-1.3175031525851217,24.46346153846156,-4.083752701843611
3LE1-08,2015,53.723846153846154,-1.0758638083228256,-82.56653846153846,0.11783063148972239
3LE1-08,2016,-41.08615384615385,0.521677175283731,-32.426538461538456,1.5451488133079043
3LE1-08,2017,-14.63615384615386,-0.7186506935687262,-16.50653846153844,1.4948306314897222
3LE1-08,2018,-6.5161538461538555,2.432332912988649,-65.44653846153845,-2.519002701843611
3LE1-08,2019,50.16384615384615,-1.6612736443883982,25.813461538461553,-3.7303360351769443
3LE1-08,2020,-64.50615384615386,0.17954602774274875,-79.36653846153845,-0.23088424454333545
3LE1-08,2021,-128.92615384615385,1.9205296343001272,27.23346153846154,-0.054336035176944186
3LE1-08,2022,12.943846153846152,0.23921815889028863,-2.9665384615384482,-3.5533360351769443
3LE1-08,2023,-132.77615384615385,3.065283732660781,30.433461538461557,-2.3135860351769444
3LE1-09,2008,-31.14384615384617,-1.81453341740227,-30.027692307692305,-2.5968997933884297
3LE1-09,2009,-113.80384615384617,-0.7373203026481718,21.602307692307704,-2.1310816115702482
3LE1-09,2010,-13.263846153846146,-0.8281399747793188,-0.7276923076923083,0.8525017217630855
3LE1-09,2011,8.216153846153844,-2.128303909205549,16.74230769230769,-3.3922482782369148
3LE1-09,2012,59.06615384615384,1.0628436317780583,-12.447692307692307,4.228141528925621
3LE1-09,2013,8.166153846153833,-2.1505989911727603,34.46230769230769,-3.837748278236915
3LE1-09,2014,135.32615384615383,-1.3555170239596457,24.082307692307694,-4.127248278236914
3LE1-09,2015,54.246153846153845,-1.1163366960907943,-83.7376923076923,0.08166838842975199
3LE1-09,2016,-38.95384615384614,0.458581336696092,-32.9276923076923,1.5167365702479336
3LE1-09,2017,-15.703846153846172,-0.7615825977301398,-18.99769230769229,1.4750850550964185
3LE1-09,2018,-6.013846153846174,2.4630075662042863,-66.9376923076923,-2.5229149449035813
3LE1-09,2019,50.26615384615383,-1.6333858764186644,25.99230769230769,-3.7064982782369147
3LE1-09,2020,-65.92384615384617,0.15218789407314048,-75.0876923076923,-0.2450816115702481
3LE1-09,2021,-126.20384615384616,1.8923518284993683,24.372307692307686,-0.09233161157024794
3LE1-09,2022,10.956153846153825,0.2084174022698626,-3.947692307692307,-3.5929149449035815
3LE1-09,2023,-133.83384615384614,3.046450189155106,32.392307692307696,-2.303581611570248
3LE1-14,2008,-63.57423076923075,-1.828316519546025,-27.161923076923074,-2.6342460002119097
3LE1-14,2009,-112.13423076923077,-0.7491361916771737,25.48807692307693,-2.1444780938758212
3LE1-14,2010,-11.454230769230776,-0.8633984867591415,-1.3419230769230808,0.7553552394575123
3LE1-14,2011,8.95576923076922,-2.0609394703656996,19.078076923076935,-3.351811427209155
3LE1-14,2012,57.99576923076927,1.1139785624211882,-13.551923076923089,4.25385317334181
3LE1-14,2013,7.515769230769223,-2.1412673392181567,40.43807692307692,-3.810728093875821
3LE1-14,2014,135.96576923076924,-1.3201197982345505,27.41807692307694,-4.095894760542488
3LE1-14,2015,49.45576923076925,-1.0833984867591404,-82.05192307692307,0.10477190612417875
3LE1-14,2016,-37.25423076923076,0.5059457755359418,-34.28192307692308,1.5175721816062722
3LE1-14,2017,-14.754230769230759,-0.7319230769230742,-15.281923076923078,1.4834385727908455
3LE1-14,2018,-5.844230769230762,2.3438146279949557,-65.02192307692307,-2.5552280938758214
3LE1-14,2019,55.28576923076923,-1.7479886506935678,28.858076923076936,-3.7608114272091546
3LE1-14,2020,-65.10423076923075,0.16414249684741478,-70.36192307692308,-0.23573360351769468
3LE1-14,2021,-124.01423076923076,1.8949621689785623,27.64807692307693,-0.05439476054248793
3LE1-14,2022,13.385769230769228,0.23889659520807172,-0.5119230769230683,-3.5285614272091546
3LE1-14,2023,-125.65423076923076,3.0402080706179078,39.17807692307693,-2.3237280938758214
3LE1-19,2008,-31.14384615384617,-1.81453341740227,-30.027692307692305,-2.5968997933884297
3LE1-19,2009,-113.80384615384617,-0.7373203026481718,21.602307692307704,-2.1310816115702482
3LE1-19,2010,-13.263846153846146,-0.8281399747793188,-0.7276923076923083,0.8525017217630855
3LE1-19,2011,8.216153846153844,-2.128303909205549,16.74230769230769,-3.3922482782369148
3LE1-19,2012,59.06615384615384,1.0628436317780583,-12.447692307692307,4.228141528925621
3LE1-19,2013,8.166153846153833,-2.1505989911727603,34.46230769230769,-3.837748278236915
3LE1-19,2014,135.32615384615383,-1.3555170239596457,24.082307692307694,-4.127248278236914
3LE1-19,2015,54.246153846153845,-1.1163366960907943,-83.7376923076923,0.08166838842975199
3LE1-19,2016,-38.95384615384614,0.458581336696092,-32.9276923076923,1.5167365702479336
3LE1-19,2017,-15.703846153846172,-0.7615825977301398,-18.99769230769229,1.4750850550964185
3LE1-19,2018,-6.013846153846174,2.4630075662042863,-66.9376923076923,-2.5229149449035813
3LE1-19,2019,50.26615384615383,-1.6333858764186644,25.99230769230769,-3.7064982782369147
3LE1-19,2020,-65.92384615384617,0.15218789407314048,-75.0876923076923,-0.2450816115702481
3LE1-19,2021,-126.20384615384616,1.8923518284993683,24.372307692307686,-0.09233161157024794
3LE1-19,2022,10.956153846153825,0.2084174022698626,-3.947692307692307,-3.5929149449035815
3LE1-19,2023,-133.83384615384614,3.046450189155106,32.392307692307696,-2.303581611570248
3LE1-20,2008,-31.14384615384617,-1.81453341740227,-30.027692307692305,-2.5968997933884297
3LE1-20,2009,-113.80384615384617,-0.7373203026481718,21.602307692307704,-2.1310816115702482
3LE1-20,2010,-13.263846153846146,-0.8281399747793188,-0.7276923076923083,0.8525017217630855
3LE1-20,2011,8.216153846153844,-2.128303909205549,16.74230769230769,-3.3922482782369148
3LE1-20,2012,59.06615384615384,1.0628436317780583,-12.447692307692307,4.228141528925621
3LE1-20,2013,8.166153846153833,-2.1505989911727603,34.46230769230769,-3.837748278236915
3LE1-20,2014,135.32615384615383,-1.3555170239596457,24.082307692307694,-4.127248278236914
3LE1-20,2015,54.246153846153845,-1.1163366960907943,-83.7376923076923,0.08166838842975199
3LE1-20,2016,-38.95384615384614,0.458581336696092,-32.9276923076923,1.5167365702479336
3LE1-20,2017,-15.703846153846172,-0.7615825977301398,-18.99769230769229,1.4750850550964185
3LE1-20,2018,-6.013846153846174,2.4630075662042863,-66.9376923076923,-2.5229149449035813
3LE1-20,2019,50.26615384615383,-1.6333858764186644,25.99230769230769,-3.7064982782369147
3LE1-20,2020,-65.92384615384617,0.15218789407314048,-75.0876923076923,-0.2450816115702481
3LE1-20,2021,-126.20384615384616,1.8923518284993683,24.372307692307686,-0.09233161157024794
3LE1-20,2022,10.956153846153825,0.2084174022698626,-3.947692307692307,-3.5929149449035815
3LE1-20,2023,-133.83384615384614,3.046450189155106,32.392307692307696,-2.303581611570248
3LE1-22,2008,-30.47884615384615,-1.8381462799495587,-25.565000000000012,-2.662914415130324
3LE1-22,2009,-111.38884615384615,-0.729621689785624,28.294999999999987,-2.159906839372748
3LE1-22,2010,-14.778846153846132,-0.8694577553593952,-1.4050000000000011,0.6764264939605851
3LE1-22,2011,8.041153846153861,-1.9935561160151316,20.064999999999998,-3.3134068393727483
3LE1-22,2012,55.21115384615385,1.163329129886506,-13.115000000000009,4.292457485696122
3LE1-22,2013,5.061153846153843,-2.102408575031525,37.44499999999999,-3.7837401727060813
3LE1-22,2014,133.13115384615386,-1.2674905422446407,28.914999999999992,-4.037823506039415
3LE1-22,2015,48.52115384615385,-1.029293820933166,-79.69500000000001,0.1518431606272519
3LE1-22,2016,-40.81884615384615,0.5884110970996232,-33.265,1.5517963286713292
3LE1-22,2017,-14.098846153846154,-0.6760151324085761,-11.814999999999998,1.5090098272939185
3LE1-22,2018,-5.918846153846147,2.2867717528373284,-62.635000000000005,-2.554906839372748
3LE1-22,2019,54.77115384615385,-1.7988020176544772,29.564999999999998,-3.7952401727060816
3LE1-22,2020,-65.00884615384615,0.1995586380832286,-74.155,-0.2153111093451998
3LE1-22,2021,-120.27884615384615,1.9298865069356879,32.685,-5.735060394149727e-4
3LE1-22,2022,11.861153846153854,0.28250945775535996,-1.0250000000000057,-3.4704901727060813
3LE1-22,2023,-129.22884615384615,3.064804539722573,38.07499999999999,-2.340573506039415
3LE1-46,2008,-63.57423076923075,-1.828316519546025,-27.161923076923074,-2.6342460002119097
3LE1-46,2009,-112.13423076923077,-0.7491361916771737,25.48807692307693,-2.1444780938758212
3LE1-46,2010,-11.454230769230776,-0.8633984867591415,-1.3419230769230808,0.7553552394575123
3LE1-46,2011,8.95576923076922,-2.0609394703656996,19.078076923076935,-3.351811427209155
3LE1-46,2012,57.99576923076927,1.1139785624211882,-13.551923076923089,4.25385317334181
3LE1-46,2013,7.515769230769223,-2.1412673392181567,40.43807692307692,-3.810728093875821
3LE1-46,2014,135.96576923076924,-1.3201197982345505,27.41807692307694,-4.095894760542488
3LE1-46,2015,49.45576923076925,-1.0833984867591404,-82.05192307692307,0.10477190612417875
3LE1-46,2016,-37.25423076923076,0.5059457755359418,-34.28192307692308,1.5175721816062722
3LE1-46,2017,-14.754230769230759,-0.7319230769230742,-15.281923076923078,1.4834385727908455
3LE1-46,2018,-5.844230769230762,2.3438146279949557,-65.02192307692307,-2.5552280938758214
3LE1-46,2019,55.28576923076923,-1.7479886506935678,28.858076923076936,-3.7608114272091546
3LE1-46,2020,-65.10423076923075,0.16414249684741478,-70.36192307692308,-0.23573360351769468
3LE1-46,2021,-124.01423076923076,1.8949621689785623,27.64807692307693,-0.05439476054248793
3LE1-46,2022,13.385769230769228,0.23889659520807172,-0.5119230769230683,-3.5285614272091546
3LE1-46,2023,-125.65423076923076,3.0402080706179078,39.17807692307693,-2.3237280938758214
3LE1-47,2008,-31.14384615384617,-1.81453341740227,-30.027692307692305,-2.5968997933884297
3LE1-47,2009,-113.80384615384617,-0.7373203026481718,21.602307692307704,-2.1310816115702482
3LE1-47,2010,-13.263846153846146,-0.8281399747793188,-0.7276923076923083,0.8525017217630855
3LE1-47,2011,8.216153846153844,-2.128303909205549,16.74230769230769,-3.3922482782369148
3LE1-47,2012,59.06615384615384,1.0628436317780583,-12.447692307692307,4.228141528925621
3LE1-47,2013,8.166153846153833,-2.1505989911727603,34.46230769230769,-3.837748278236915
3LE1-47,2014,135.32615384615383,-1.3555170239596457,24.082307692307694,-4.127248278236914
3LE1-47,2015,54.246153846153845,-1.1163366960907943,-83.7376923076923,0.08166838842975199
3LE1-47,2016,-38.95384615384614,0.458581336696092,-32.9276923076923,1.5167365702479336
3LE1-47,2017,-15.703846153846172,-0.7615825977301398,-18.99769230769229,1.4750850550964185
3LE1-47,2018,-6.013846153846174,2.4630075662042863,-66.9376923076923,-2.5229149449035813
3LE1-47,2019,50.26615384615383,-1.6333858764186644,25.99230769230769,-3.7064982782369147
3LE1-47,2020,-65.92384615384617,0.15218789407314048,-75.0876923076923,-0.2450816115702481
3LE1-47,2021,-126.20384615384616,1.8923518284993683,24.372307692307686,-0.09233161157024794
3LE1-47,2022,10.956153846153825,0.2084174022698626,-3.947692307692307,-3.5929149449035815
3LE1-47,2023,-133.83384615384614,3.046450189155106,32.392307692307696,-2.303581611570248
3LE1-48,2008,-30.47884615384615,-1.8381462799495587,-25.565000000000012,-2.662914415130324
3LE1-48,2009,-111.38884615384615,-0.729621689785624,28.294999999999987,-2.159906839372748
3LE1-48,2010,-14.778846153846132,-0.8694577553593952,-1.4050000000000011,0.6764264939605851
3LE1-48,2011,8.041153846153861,-1.9935561160151316,20.064999999999998,-3.3134068393727483
3LE1-48,2012,55.21115384615385,1.163329129886506,-13.115000000000009,4.292457485696122
3LE1-48,2013,5.061153846153843,-2.102408575031525,37.44499999999999,-3.7837401727060813
3LE1-48,2014,133.13115384615386,-1.2674905422446407,28.914999999999992,-4.037823506039415
3LE1-48,2015,48.52115384615385,-1.029293820933166,-79.69500000000001,0.1518431606272519
3LE1-48,2016,-40.81884615384615,0.5884110970996232,-33.265,1.5517963286713292
3LE1-48,2017,-14.098846153846154,-0.6760151324085761,-11.814999999999998,1.5090098272939185
3LE1-48,2018,-5.918846153846147,2.2867717528373284,-62.635000000000005,-2.554906839372748
3LE1-48,2019,54.77115384615385,-1.7988020176544772,29.564999999999998,-3.7952401727060816
3LE1-48,2020,-65.00884615384615,0.1995586380832286,-74.155,-0.2153111093451998
3LE1-48,2021,-120.27884615384615,1.9298865069356879,32.685,-5.735060394149727e-4
3LE1-48,2022,11.861153846153854,0.28250945775535996,-1.0250000000000057,-3.4704901727060813
3LE1-48,2023,-129.22884615384615,3.064804539722573,38.07499999999999,-2.340573506039415
3LE1-53,2008,-31.14384615384617,-1.81453341740227,-30.027692307692305,-2.5968997933884297
3LE1-53,2009,-113.80384615384617,-0.7373203026481718,21.602307692307704,-2.1310816115702482
3LE1-53,2010,-13.263846153846146,-0.8281399747793188,-0.7276923076923083,0.8525017217630855
3LE1-53,2011,8.216153846153844,-2.128303909205549,16.74230769230769,-3.3922482782369148
3LE1-53,2012,59.06615384615384,1.0628436317780583,-12.447692307692307,4.228141528925621
3LE1-53,2013,8.166153846153833,-2.1505989911727603,34.46230769230769,-3.837748278236915
3LE1-53,2014,135.32615384615383,-1.3555170239596457,24.082307692307694,-4.127248278236914
3LE1-53,2015,54.246153846153845,-1.1163366960907943,-83.7376923076923,0.08166838842975199
3LE1-53,2016,-38.95384615384614,0.458581336696092,-32.9276923076923,1.5167365702479336
3LE1-53,2017,-15.703846153846172,-0.7615825977301398,-18.99769230769229,1.4750850550964185
3LE1-53,2018,-6.013846153846174,2.4630075662042863,-66.9376923076923,-2.5229149449035813
3LE1-53,2019,50.26615384615383,-1.6333858764186644,25.99230769230769,-3.7064982782369147
3LE1-53,2020,-65.92384615384617,0.15218789407314048,-75.0876923076923,-0.2450816115702481
3LE1-53,2021,-126.20384615384616,1.8923518284993683,24.372307692307686,-0.09233161157024794
3LE1-53,2022,10.956153846153825,0.2084174022698626,-3.947692307692307,-3.5929149449035815
3LE1-53,2023,-133.83384615384614,3.046450189155106,32.392307692307696,-2.303581611570248
3LE2-01,2008,-13.12846153846155,-1.7565573770491802,-35.11384615384617,-2.6165452956134776
3LE2-01,2009,-100.80846153846156,-0.5819672131147513,23.186153846153843,-2.2218855159991526
3LE2-01,2010,-18.808461538461557,-0.7744262295081938,1.0561538461538476,0.6054478173341806
3LE2-01,2011,20.741538461538454,-1.931311475409835,-2.1738461538461706,-3.3201355159991524
3LE2-01,2012,50.96153846153845,1.208524590163936,4.636153846153832,4.412049745708837
3LE2-01,2013,23.101538461538468,-1.802459016393442,45.476153846153835,-3.8051355159991527
3LE2-01,2014,145.25153846153844,-1.0845901639344255,16.206153846153825,-3.7451355159991526
3LE2-01,2015,82.18153846153845,-0.8098360655737693,-66.71384615384616,0.44094781733418076
3LE2-01,2016,-62.70846153846156,0.9447540983606579,-24.223846153846168,1.8329588366179275
3LE2-01,2017,-45.11846153846156,-0.3973770491803279,-15.813846153846157,1.6894478173341807
3LE2-01,2018,-7.678461538461562,2.7637704918032817,-60.993846153846164,-2.3120521826658194
3LE2-01,2019,49.63153846153844,-1.4239344262295077,10.666153846153833,-3.7473855159991527
3LE2-01,2020,-49.508461538461546,0.3781967213114754,-89.21384615384616,-0.12720645263827102
3LE2-01,2021,-110.25846153846155,2.1968852459016404,40.59615384615384,0.19861448400084747
3LE2-01,2022,19.271538461538455,0.40704918032787063,-8.543846153846175,-3.4573021826658192
3LE2-01,2023,-120.76846153846155,3.381803278688526,10.906153846153842,-2.4117188493324857
3LE2-02,2008,-18.401923076923055,-1.756645649432535,-35.56653846153847,-2.614715379317652
3LE2-02,2009,-103.97192307692306,-0.5792686002522061,22.283461538461523,-2.2053035335876245
3LE2-02,2010,-15.32192307692307,-0.7781210592685994,-0.816538461538471,0.6656131330790425
3LE2-02,2011,20.46807692307692,-1.9400882723833561,1.973461538461521,-3.3036368669209577
3LE2-02,2012,50.19807692307694,1.2004035308953327,5.98346153846154,4.401400323161687
3LE2-02,2013,24.338076923076926,-1.8484489281210585,43.62346153846153,-3.8034702002542913
3LE2-02,2014,146.28807692307694,-1.09139974779319,15.383461538461518,-3.7853035335876246
3LE2-02,2015,79.93807692307692,-0.8432030264817136,-66.90653846153846,0.40094646641237564
3LE2-02,2016,-59.36192307692306,0.8948297604035318,-33.85653846153846,1.8053672653104473
3LE2-02,2017,-46.58192307692306,-0.4394325346784349,-15.696538461538466,1.6731131330790423
3LE2-02,2018,-13.331923076923061,2.768108448928121,-66.10653846153846,-2.3140535335876242
3LE2-02,2019,43.49807692307692,-1.4113997477931903,10.593461538461526,-3.7028868669209576
3LE2-02,2020,-54.971923076923076,0.35515762925598793,-78.00653846153847,-0.14190546196227993
3LE2-02,2021,-107.52192307692307,2.1789281210592684,39.65346153846153,0.16627979974570906
3LE2-02,2022,18.018076923076933,0.38941992433795747,-8.966538461538477,-3.4788868669209574
3LE2-02,2023,-124.63192307692307,3.3566330390920562,10.673461538461538,-2.378720200254291
3LE2-03,2008,-12.565769230769234,-1.756645649432535,-35.29192307692307,-2.6129706770502223
3LE2-03,2009,-101.40576923076922,-0.5817276166456473,22.758076923076942,-2.215162137105319
3LE2-03,2010,-17.065769230769234,-0.7743505674653193,1.1080769230769363,0.628671196228014
3LE2-03,2011,21.194230769230757,-1.9354981084489289,-1.3919230769230637,-3.313495470438652
3LE2-03,2012,51.434230769230766,1.2045018915510717,5.588076923076926,4.408186347743166
3LE2-03,2013,23.394230769230774,-1.8136948297604043,44.74807692307692,-3.8019954704386523
3LE2-03,2014,146.2242307692308,-1.0887767969735158,16.298076923076934,-3.758995470438652
3LE2-03,2015,85.4042307692308,-0.8213997477931905,-66.44192307692306,0.42942119622801433
3LE2-03,2016,-60.855769230769226,0.9304035308953331,-34.411923076923074,1.824880562619199
3LE2-03,2017,-44.53576923076923,-0.4099243379571256,-16.861923076923063,1.6854211962280146
3LE2-03,2018,-9.765769230769223,2.770895334174025,-60.29192307692307,-2.3104954704386524
3LE2-03,2019,48.74423076923077,-1.415170239596467,10.898076923076928,-3.728495470438652
3LE2-03,2020,-51.42576923076922,0.3723707440100874,-79.24192307692307,-0.1310698506039416
3LE2-03,2021,-111.67576923076923,2.194174022698615,41.70807692307693,0.18933786289468113
3LE2-03,2022,20.454230769230776,0.40335435056746505,-9.30192307692306,-3.464162137105319
3LE2-03,2023,-121.57576923076923,3.3787641866330382,10.598076923076945,-2.400412137105319
3LE2-04,2008,-12.565769230769234,-1.756645649432535,-35.29192307692307,-2.6129706770502223
3LE2-04,2009,-101.40576923076922,-0.5817276166456473,22.758076923076942,-2.215162137105319
3LE2-04,2010,-17.065769230769234,-0.7743505674653193,1.1080769230769363,0.628671196228014
3LE2-04,2011,21.194230769230757,-1.9354981084489289,-1.3919230769230637,-3.313495470438652
3LE2-04,2012,51.434230769230766,1.2045018915510717,5.588076923076926,4.408186347743166
3LE2-04,2013,23.394230769230774,-1.8136948297604043,44.74807692307692,-3.8019954704386523
3LE2-04,2014,146.2242307692308,-1.0887767969735158,16.298076923076934,-3.758995470438652
3LE2-04,2015,85.4042307692308,-0.8213997477931905,-66.44192307692306,0.42942119622801433
3LE2-04,2016,-60.855769230769226,0.9304035308953331,-34.411923076923074,1.824880562619199
3LE2-04,2017,-44.53576923076923,-0.4099243379571256,-16.861923076923063,1.6854211962280146
3LE2-04,2018,-9.765769230769223,2.770895334174025,-60.29192307692307,-2.3104954704386524
3LE2-04,2019,48.74423076923077,-1.415170239596467,10.898076923076928,-3.728495470438652
3LE2-04,2020,-51.42576923076922,0.3723707440100874,-79.24192307692307,-0.1310698506039416
3LE2-04,2021,-111.67576923076923,2.194174022698615,41.70807692307693,0.18933786289468113
3LE2-04,2022,20.454230769230776,0.40335435056746505,-9.30192307692306,-3.464162137105319
3LE2-04,2023,-121.57576923076923,3.3787641866330382,10.598076923076945,-2.400412137105319
3LE2-05,2008,-12.746153846153845,-1.7728499369482975,-35.25692307692307,-2.630948611994066
3LE2-05,2009,-100.35615384615384,-0.5959646910466567,22.493076923076927,-2.2339059122695484
3LE2-05,2010,-17.436153846153843,-0.7794073139974778,0.5330769230769192,0.6235940877304516
3LE2-05,2011,21.263846153846146,-1.9303909205548564,-1.9569230769230614,-3.3119892456028817
3LE2-05,2012,50.62384615384616,1.1996090794451462,4.603076923076941,4.40343155329519
3LE2-05,2013,24.533846153846156,-1.8200630517023946,42.64307692307693,-3.8028225789362153
3LE2-05,2014,149.96384615384616,-1.0935056746532155,15.663076923076915,-3.761239245602882
3LE2-05,2015,80.97384615384615,-0.8315384615384609,-66.74692307692307,0.41842742106378505
3LE2-05,2016,-62.31615384615384,0.914691046658259,-26.816923076923075,1.8177290739563468
3LE2-05,2017,-46.90615384615384,-0.4282597730138704,-17.546923076923065,1.6761774210637848
3LE2-05,2018,-11.206153846153853,2.733051702395965,-61.49692307692307,-2.322989245602882
3LE2-05,2019,45.37384615384616,-1.4556368221941973,11.423076923076934,-3.746739245602882
3LE2-05,2020,-50.20615384615385,0.34469104665825867,-92.49692307692308,-0.13937836406018222
3LE2-05,2021,-112.61615384615384,2.165018915510718,38.76307692307694,0.18292742106378457
3LE2-05,2022,18.91384615384615,0.38124842370744005,-7.216923076923081,-3.468739245602882
3LE2-05,2023,-119.65615384615384,3.3628877679697347,11.10307692307694,-2.4111559122695487
3LE2-06,2008,-12.746153846153845,-1.7728499369482975,-35.25692307692307,-2.630948611994066
3LE2-06,2009,-100.35615384615384,-0.5959646910466567,22.493076923076927,-2.2339059122695484
3LE2-06,2010,-17.436153846153843,-0.7794073139974778,0.5330769230769192,0.6235940877304516
3LE2-06,2011,21.263846153846146,-1.9303909205548564,-1.9569230769230614,-3.3119892456028817
3LE2-06,2012,50.62384615384616,1.1996090794451462,4.603076923076941,4.40343155329519
3LE2-06,2013,24.533846153846156,-1.8200630517023946,42.64307692307693,-3.8028225789362153
3LE2-06,2014,149.96384615384616,-1.0935056746532155,15.663076923076915,-3.761239245602882
3LE2-06,2015,80.97384615384615,-0.8315384615384609,-66.74692307692307,0.41842742106378505
3LE2-06,2016,-62.31615384615384,0.914691046658259,-26.816923076923075,1.8177290739563468
3LE2-06,2017,-46.90615384615384,-0.4282597730138704,-17.546923076923065,1.6761774210637848
3LE2-06,2018,-11.206153846153853,2.733051702395965,-61.49692307692307,-2.322989245602882
3LE2-06,2019,45.37384615384616,-1.4556368221941973,11.423076923076934,-3.746739245602882
3LE2-06,2020,-50.20615384615385,0.34469104665825867,-92.49692307692308,-0.13937836406018222
3LE2-06,2021,-112.61615384615384,2.165018915510718,38.76307692307694,0.18292742106378457
3LE2-06,2022,18.91384615384615,0.38124842370744005,-7.216923076923081,-3.468739245602882
3LE2-06,2023,-119.65615384615384,3.3628877679697347,11.10307692307694,-2.4111559122695487
3LE2-07,2008,-12.66692307692307,-1.7670554854981084,-34.806538461538466,-2.6272689393939395
3LE2-07,2009,-99.69692307692307,-0.592465321563683,23.033461538461523,-2.235498966942149
3LE2-07,2010,-18.71692307692308,-0.7759079445145005,1.0534615384615336,0.6115010330578512
3LE2-07,2011,21.173076923076934,-1.9298423707440087,-2.086538461538481,-3.3169156336088155
3LE2-07,2012,50.78307692307692,1.202780580075661,5.243461538461531,4.407111225895317
3LE2-07,2013,24.61307692307693,-1.802301387137451,44.13346153846152,-3.8030823002754826
3LE2-07,2014,149.71307692307693,-1.0882030264817146,14.303461538461534,-3.748498966942149
3LE2-07,2015,80.07307692307694,-0.8163997477931915,-66.51653846153847,0.4350010330578513
3LE2-07,2016,-63.806923076923084,0.9370428751576299,-24.306538461538466,1.8327310606060605
3LE2-07,2017,-45.65692307692308,-0.410989911727615,-16.406538461538474,1.6843343663911843
3LE2-07,2018,-8.516923076923064,2.7495018915510734,-60.076538461538476,-2.3141656336088157
3LE2-07,2019,47.12307692307692,-1.4437767969735162,11.413461538461519,-3.7504156336088155
3LE2-07,2020,-48.586923076923085,0.35671500630516917,-91.98653846153847,-0.13297141873278262
3LE2-07,2021,-111.46692307692308,2.178354350567467,38.313461538461524,0.19425103305785107
3LE2-07,2022,18.213076923076926,0.39245271122320347,-8.216538461538477,-3.463498966942149
3LE2-07,2023,-118.75692307692307,3.3731084489281216,11.673461538461538,-2.415332300275482
3LE2-08,2008,-12.681923076923056,-1.7522824716267316,-35.720769230769235,-2.6083894098325917
3LE2-08,2009,-102.77192307692306,-0.5765447667087003,22.079230769230776,-2.206144230769231
3LE2-08,2010,-15.811923076923051,-0.7729382093316488,-1.1107692307692218,0.6547724358974358
3LE2-08,2011,21.028076923076924,-1.9404791929382093,-0.5007692307692366,-3.3072275641025644
3LE2-08,2012,50.838076923076954,1.201160151324089,5.90923076923076,4.404585796778978
3LE2-08,2013,23.318076923076944,-1.8285119798234533,44.14923076923077,-3.802394230769231
3LE2-08,2014,146.65807692307692,-1.088184110970996,16.849230769230758,-3.772810897435898
3LE2-08,2015,80.94807692307694,-0.8337578814627982,-66.94076923076923,0.41610576923076925
3LE2-08,2016,-60.181923076923056,0.9208322824716291,-33.15076923076923,1.821032077770714
3LE2-08,2017,-45.951923076923066,-0.42211853720050385,-15.550769230769234,1.6817724358974355
3LE2-08,2018,-11.55192307692306,2.7841109709962204,-64.15076923076923,-2.307394230769231
3LE2-08,2019,46.11807692307693,-1.39949558638083,10.90923076923076,-3.7064775641025642
3LE2-08,2020,-53.02192307692306,0.369520807061793,-78.68076923076924,-0.13442246768383148
3LE2-08,2021,-108.45192307692307,2.194602774274909,39.64923076923077,0.17902243589743572
3LE2-08,2022,20.70807692307693,0.40132408575031775,-8.780769230769238,-3.4727275641025646
3LE2-08,2023,-123.03192307692306,3.3741109709962203,10.319230769230757,-2.386227564102564
3LE2-09,2008,-12.681923076923056,-1.7522824716267316,-35.720769230769235,-2.6083894098325917
3LE2-09,2009,-102.77192307692306,-0.5765447667087003,22.079230769230776,-2.206144230769231
3LE2-09,2010,-15.811923076923051,-0.7729382093316488,-1.1107692307692218,0.6547724358974358
3LE2-09,2011,21.028076923076924,-1.9404791929382093,-0.5007692307692366,-3.3072275641025644
3LE2-09,2012,50.838076923076954,1.201160151324089,5.90923076923076,4.404585796778978
3LE2-09,2013,23.318076923076944,-1.8285119798234533,44.14923076923077,-3.802394230769231
3LE2-09,2014,146.65807692307692,-1.088184110970996,16.849230769230758,-3.772810897435898
3LE2-09,2015,80.94807692307694,-0.8337578814627982,-66.94076923076923,0.41610576923076925
3LE2-09,2016,-60.181923076923056,0.9208322824716291,-33.15076923076923,1.821032077770714
3LE2-09,2017,-45.951923076923066,-0.42211853720050385,-15.550769230769234,1.6817724358974355
3LE2-09,2018,-11.55192307692306,2.7841109709962204,-64.15076923076923,-2.307394230769231
3LE2-09,2019,46.11807692307693,-1.39949558638083,10.90923076923076,-3.7064775641025642
3LE2-09,2020,-53.02192307692306,0.369520807061793,-78.68076923076924,-0.13442246768383148
3LE2-09,2021,-108.45192307692307,2.194602774274909,39.64923076923077,0.17902243589743572
3LE2-09,2022,20.70807692307693,0.40132408575031775,-8.780769230769238,-3.4727275641025646
3LE2-09,2023,-123.03192307692306,3.3741109709962203,10.319230769230757,-2.386227564102564
3LE2-10,2008,-12.681923076923056,-1.7522824716267316,-35.720769230769235,-2.6083894098325917
3LE2-10,2009,-102.77192307692306,-0.5765447667087003,22.079230769230776,-2.206144230769231
3LE2-10,2010,-15.811923076923051,-0.7729382093316488,-1.1107692307692218,0.6547724358974358
3LE2-10,2011,21.028076923076924,-1.9404791929382093,-0.5007692307692366,-3.3072275641025644
3LE2-10,2012,50.838076923076954,1.201160151324089,5.90923076923076,4.404585796778978
3LE2-10,2013,23.318076923076944,-1.8285119798234533,44.14923076923077,-3.802394230769231
3LE2-10,2014,146.65807692307692,-1.088184110970996,16.849230769230758,-3.772810897435898
3LE2-10,2015,80.94807692307694,-0.8337578814627982,-66.94076923076923,0.41610576923076925
3LE2-10,2016,-60.181923076923056,0.9208322824716291,-33.15076923076923,1.821032077770714
3LE2-10,2017,-45.951923076923066,-0.42211853720050385,-15.550769230769234,1.6817724358974355
3LE2-10,2018,-11.55192307692306,2.7841109709962204,-64.15076923076923,-2.307394230769231
3LE2-10,2019,46.11807692307693,-1.39949558638083,10.90923076923076,-3.7064775641025642
3LE2-10,2020,-53.02192307692306,0.369520807061793,-78.68076923076924,-0.13442246768383148
3LE2-10,2021,-108.45192307692307,2.194602774274909,39.64923076923077,0.17902243589743572
3LE2-10,2022,20.70807692307693,0.40132408575031775,-8.780769230769238,-3.4727275641025646
3LE2-10,2023,-123.03192307692306,3.3741109709962203,10.319230769230757,-2.386227564102564
3LE2-11,2008,-12.565769230769234,-1.756645649432535,-35.29192307692307,-2.6129706770502223
3LE2-11,2009,-101.40576923076922,-0.5817276166456473,22.758076923076942,-2.215162137105319
3LE2-11,2010,-17.065769230769234,-0.7743505674653193,1.1080769230769363,0.628671196228014
3LE2-11,2011,21.194230769230757,-1.9354981084489289,-1.3919230769230637,-3.313495470438652
3LE2-11,2012,51.434230769230766,1.2045018915510717,5.588076923076926,4.408186347743166
3LE2-11,2013,23.394230769230774,-1.8136948297604043,44.74807692307692,-3.8019954704386523
3LE2-11,2014,146.2242307692308,-1.0887767969735158,16.298076923076934,-3.758995470438652
3LE2-11,2015,85.4042307692308,-0.8213997477931905,-66.44192307692306,0.42942119622801433
3LE2-11,2016,-60.855769230769226,0.9304035308953331,-34.411923076923074,1.824880562619199
3LE2-11,2017,-44.53576923076923,-0.4099243379571256,-16.861923076923063,1.6854211962280146
3LE2-11,2018,-9.765769230769223,2.770895334174025,-60.29192307692307,-2.3104954704386524
3LE2-11,2019,48.74423076923077,-1.415170239596467,10.898076923076928,-3.728495470438652
3LE2-11,2020,-51.42576923076922,0.3723707440100874,-79.24192307692307,-0.1310698506039416
3LE2-11,2021,-111.67576923076923,2.194174022698615,41.70807692307693,0.18933786289468113
3LE2-11,2022,20.454230769230776,0.40335435056746505,-9.30192307692306,-3.464162137105319
3LE2-11,2023,-121.57576923076923,3.3787641866330382,10.598076923076945,-2.400412137105319
3LE2-12,2008,-12.565769230769234,-1.756645649432535,-35.29192307692307,-2.6129706770502223
3LE2-12,2009,-101.40576923076922,-0.5817276166456473,22.758076923076942,-2.215162137105319
3LE2-12,2010,-17.065769230769234,-0.7743505674653193,1.1080769230769363,0.628671196228014
3LE2-12,2011,21.194230769230757,-1.9354981084489289,-1.3919230769230637,-3.313495470438652
3LE2-12,2012,51.434230769230766,1.2045018915510717,5.588076923076926,4.408186347743166
3LE2-12,2013,23.394230769230774,-1.8136948297604043,44.74807692307692,-3.8019954704386523
3LE2-12,2014,146.2242307692308,-1.0887767969735158,16.298076923076934,-3.758995470438652
3LE2-12,2015,85.4042307692308,-0.8213997477931905,-66.44192307692306,0.42942119622801433
3LE2-12,2016,-60.855769230769226,0.9304035308953331,-34.411923076923074,1.824880562619199
3LE2-12,2017,-44.53576923076923,-0.4099243379571256,-16.861923076923063,1.6854211962280146
3LE2-12,2018,-9.765769230769223,2.770895334174025,-60.29192307692307,-2.3104954704386524
3LE2-12,2019,48.74423076923077,-1.415170239596467,10.898076923076928,-3.728495470438652
3LE2-12,2020,-51.42576923076922,0.3723707440100874,-79.24192307692307,-0.1310698506039416
3LE2-12,2021,-111.67576923076923,2.194174022698615,41.70807692307693,0.18933786289468113
3LE2-12,2022,20.454230769230776,0.40335435056746505,-9.30192307692306,-3.464162137105319
3LE2-12,2023,-121.57576923076923,3.3787641866330382,10.598076923076945,-2.400412137105319
3LE2-13,2008,-13.12846153846155,-1.7565573770491802,-35.11384615384617,-2.6165452956134776
3LE2-13,2009,-100.80846153846156,-0.5819672131147513,23.186153846153843,-2.2218855159991526
3LE2-13,2010,-18.808461538461557,-0.7744262295081938,1.0561538461538476,0.6054478173341806
3LE2-13,2011,20.741538461538454,-1.931311475409835,-2.1738461538461706,-3.3201355159991524
3LE2-13,2012,50.96153846153845,1.208524590163936,4.636153846153832,4.412049745708837
3LE2-13,2013,23.101538461538468,-1.802459016393442,45.476153846153835,-3.8051355159991527
3LE2-13,2014,145.25153846153844,-1.0845901639344255,16.206153846153825,-3.7451355159991526
3LE2-13,2015,82.18153846153845,-0.8098360655737693,-66.71384615384616,0.44094781733418076
3LE2-13,2016,-62.70846153846156,0.9447540983606579,-24.223846153846168,1.8329588366179275
3LE2-13,2017,-45.11846153846156,-0.3973770491803279,-15.813846153846157,1.6894478173341807
3LE2-13,2018,-7.678461538461562,2.7637704918032817,-60.993846153846164,-2.3120521826658194
3LE2-13,2019,49.63153846153844,-1.4239344262295077,10.666153846153833,-3.7473855159991527
3LE2-13,2020,-49.508461538461546,0.3781967213114754,-89.21384615384616,-0.12720645263827102
3LE2-13,2021,-110.25846153846155,2.1968852459016404,40.59615384615384,0.19861448400084747
3LE2-13,2022,19.271538461538455,0.40704918032787063,-8.543846153846175,-3.4573021826658192
3LE2-13,2023,-120.76846153846155,3.381803278688526,10.906153846153842,-2.4117188493324857
3LE2-14,2008,-12.746153846153845,-1.7728499369482975,-35.25692307692307,-2.630948611994066
3LE2-14,2009,-100.35615384615384,-0.5959646910466567,22.493076923076927,-2.2339059122695484
3LE2-14,2010,-17.436153846153843,-0.7794073139974778,0.5330769230769192,0.6235940877304516
3LE2-14,2011,21.263846153846146,-1.9303909205548564,-1.9569230769230614,-3.3119892456028817
3LE2-14,2012,50.62384615384616,1.1996090794451462,4.603076923076941,4.40343155329519
3LE2-14,2013,24.533846153846156,-1.8200630517023946,42.64307692307693,-3.8028225789362153
3LE2-14,2014,149.96384615384616,-1.0935056746532155,15.663076923076915,-3.761239245602882
3LE2-14,2015,80.97384615384615,-0.8315384615384609,-66.74692307692307,0.41842742106378505
3LE2-14,2016,-62.31615384615384,0.914691046658259,-26.816923076923075,1.8177290739563468
3LE2-14,2017,-46.90615384615384,-0.4282597730138704,-17.546923076923065,1.6761774210637848
3LE2-14,2018,-11.206153846153853,2.733051702395965,-61.49692307692307,-2.322989245602882
3LE2-14,2019,45.37384615384616,-1.4556368221941973,11.423076923076934,-3.746739245602882
3LE2-14,2020,-50.20615384615385,0.34469104665825867,-92.49692307692308,-0.13937836406018222
3LE2-14,2021,-112.61615384615384,2.165018915510718,38.76307692307694,0.18292742106378457
3LE2-14,2022,18.91384615384615,0.38124842370744005,-7.216923076923081,-3.468739245602882
3LE2-14,2023,-119.65615384615384,3.3628877679697347,11.10307692307694,-2.4111559122695487
3LE2b-01,2008,-18.75115384615384,-1.7790605296343003,-35.125,-2.6361715140919686
3LE2b-01,2009,-92.97115384615384,-0.5956179066834792,23.204999999999984,-2.212635701419792
3LE2b-01,2010,-25.98115384615383,-0.7943064312736468,-2.2150000000000034,0.6657809652468742
3LE2b-01,2011,21.678846153846166,-1.937749054224465,2.0349999999999966,-3.3004690347531254
3LE2b-01,2012,50.51884615384617,1.192250945775534,5.155000000000001,4.389283031362576
3LE2b-01,2013,28.078846153846172,-1.881519546027743,43.91499999999999,-3.8021357014197923
3LE2b-01,2014,146.85884615384614,-1.1115195460277434,16.405,-3.814385701419792
3LE2b-01,2015,85.47884615384615,-0.872339218158892,-69.36500000000001,0.3623642985802076
3LE2b-01,2016,-48.04115384615383,0.8391361916771736,-36.95500000000001,1.7652334445857174
3LE2b-01,2017,-39.16115384615384,-0.4805359394703679,-17.03500000000001,1.6492809652468745
3LE2b-01,2018,-13.361153846153826,2.6906116015132397,-66.26500000000001,-2.3474690347531255
3LE2b-01,2019,32.848846153846154,-1.4770933165195466,8.125,-3.727135701419792
3LE2b-01,2020,-57.17115384615383,0.31667717528373274,-76.465,-0.1590640760754396
3LE2b-01,2021,-103.75115384615384,2.1315952080706175,40.85499999999999,0.13811429858020752
3LE2b-01,2022,18.25884615384618,0.35372635561160237,-8.16500000000002,-3.490552368086459
3LE2b-01,2023,-125.08115384615384,3.3117591424968467,11.905000000000001,-2.3841357014197926
3LE2b-02,2008,-18.606538461538463,-1.757610340479193,-35.86730769230769,-2.6154302288620466
3LE2b-02,2009,-104.91653846153847,-0.5830201765447676,22.40269230769232,-2.1922367026912477
3LE2b-02,2010,-25.166538461538465,-0.7822005044136198,-2.237307692307695,0.6828466306420853
3LE2b-02,2011,21.75346153846155,-1.9535119798234568,2.1726923076923015,-3.305736702691248
3LE2b-02,2012,52.52346153846153,1.1912421185372004,4.802692307692297,4.392173076923077
3LE2b-02,2013,27.353461538461545,-1.8749873896595233,45.6126923076923,-3.801320036024581
3LE2b-02,2014,147.76346153846154,-1.1085939470365709,16.312692307692316,-3.819153369357915
3LE2b-02,2015,86.32346153846154,-0.8648234552332923,-69.16730769230769,0.3722632973087521
3LE2b-02,2016,-54.29653846153846,0.8538650693568712,-37.63730769230769,1.7762226636999365
3LE2b-02,2017,-42.436538461538476,-0.46531525851198197,-16.08730769230769,1.6580132973087522
3LE2b-02,2018,-12.626538461538445,2.740258511979821,-67.0173076923077,-2.331403369357915
3LE2b-02,2019,34.06346153846155,-1.4235119798234557,7.8326923076923265,-3.6974033693579145
3LE2b-02,2020,-55.98653846153846,0.34353720050441083,-77.9373076923077,-0.14964510489510463
3LE2b-02,2021,-100.88653846153846,2.1617339218158875,40.85269230769231,0.14317996397541854
3LE2b-02,2022,19.613461538461536,0.3769798234552333,-10.8573076923077,-3.4871533693579146
3LE2b-02,2023,-126.19653846153845,3.3266519546027737,11.202692307692303,-2.3669033693579147
3LE2b-03,2008,-18.606538461538463,-1.757610340479193,-35.86730769230769,-2.6154302288620466
3LE2b-03,2009,-104.91653846153847,-0.5830201765447676,22.40269230769232,-2.1922367026912477
3LE2b-03,2010,-25.166538461538465,-0.7822005044136198,-2.237307692307695,0.6828466306420853
3LE2b-03,2011,21.75346153846155,-1.9535119798234568,2.1726923076923015,-3.305736702691248
3LE2b-03,2012,52.52346153846153,1.1912421185372004,4.802692307692297,4.392173076923077
3LE2b-03,2013,27.353461538461545,-1.8749873896595233,45.6126923076923,-3.801320036024581
3LE2b-03,2014,147.76346153846154,-1.1085939470365709,16.312692307692316,-3.819153369357915
3LE2b-03,2015,86.32346153846154,-0.8648234552332923,-69.16730769230769,0.3722632973087521
3LE2b-03,2016,-54.29653846153846,0.8538650693568712,-37.63730769230769,1.7762226636999365
3LE2b-03,2017,-42.436538461538476,-0.46531525851198197,-16.08730769230769,1.6580132973087522
3LE2b-03,2018,-12.626538461538445,2.740258511979821,-67.0173076923077,-2.331403369357915
3LE2b-03,2019,34.06346153846155,-1.4235119798234557,7.8326923076923265,-3.6974033693579145
3LE2b-03,2020,-55.98653846153846,0.34353720050441083,-77.9373076923077,-0.14964510489510463
3LE2b-03,2021,-100.88653846153846,2.1617339218158875,40.85269230769231,0.14317996397541854
3LE2b-03,2022,19.613461538461536,0.3769798234552333,-10.8573076923077,-3.4871533693579146
3LE2b-03,2023,-126.19653846153845,3.3266519546027737,11.202692307692303,-2.3669033693579147
3LE2b-04,2008,-18.606538461538463,-1.757610340479193,-35.86730769230769,-2.6154302288620466
3LE2b-04,2009,-104.91653846153847,-0.5830201765447676,22.40269230769232,-2.1922367026912477
3LE2b-04,2010,-25.166538461538465,-0.7822005044136198,-2.237307692307695,0.6828466306420853
3LE2b-04,2011,21.75346153846155,-1.9535119798234568,2.1726923076923015,-3.305736702691248
3LE2b-04,2012,52.52346153846153,1.1912421185372004,4.802692307692297,4.392173076923077
3LE2b-04,2013,27.353461538461545,-1.8749873896595233,45.6126923076923,-3.801320036024581
3LE2b-04,2014,147.76346153846154,-1.1085939470365709,16.312692307692316,-3.819153369357915
3LE2b-04,2015,86.32346153846154,-0.8648234552332923,-69.16730769230769,0.3722632973087521
3LE2b-04,2016,-54.29653846153846,0.8538650693568712,-37.63730769230769,1.7762226636999365
3LE2b-04,2017,-42.436538461538476,-0.46531525851198197,-16.08730769230769,1.6580132973087522
3LE2b-04,2018,-12.626538461538445,2.740258511979821,-67.0173076923077,-2.331403369357915
3LE2b-04,2019,34.06346153846155,-1.4235119798234557,7.8326923076923265,-3.6974033693579145
3LE2b-04,2020,-55.98653846153846,0.34353720050441083,-77.9373076923077,-0.14964510489510463
3LE2b-04,2021,-100.88653846153846,2.1617339218158875,40.85269230769231,0.14317996397541854
3LE2b-04,2022,19.613461538461536,0.3769798234552333,-10.8573076923077,-3.4871533693579146
3LE2b-04,2023,-126.19653846153845,3.3266519546027737,11.202692307692303,-2.3669033693579147
3LE2b-05,2008,-18.606538461538463,-1.757610340479193,-35.86730769230769,-2.6154302288620466
3LE2b-05,2009,-104.91653846153847,-0.5830201765447676,22.40269230769232,-2.1922367026912477
3LE2b-05,2010,-25.166538461538465,-0.7822005044136198,-2.237307692307695,0.6828466306420853
3LE2b-05,2011,21.75346153846155,-1.9535119798234568,2.1726923076923015,-3.305736702691248
3LE2b-05,2012,52.52346153846153,1.1912421185372004,4.802692307692297,4.392173076923077
3LE2b-05,2013,27.353461538461545,-1.8749873896595233,45.6126923076923,-3.801320036024581
3LE2b-05,2014,147.76346153846154,-1.1085939470365709,16.312692307692316,-3.819153369357915
3LE2b-05,2015,86.32346153846154,-0.8648234552332923,-69.16730769230769,0.3722632973087521
3LE2b-05,2016,-54.29653846153846,0.8538650693568712,-37.63730769230769,1.7762226636999365
3LE2b-05,2017,-42.436538461538476,-0.46531525851198197,-16.08730769230769,1.6580132973087522
3LE2b-05,2018,-12.626538461538445,2.740258511979821,-67.0173076923077,-2.331403369357915
3LE2b-05,2019,34.06346153846155,-1.4235119798234557,7.8326923076923265,-3.6974033693579145
3LE2b-05,2020,-55.98653846153846,0.34353720050441083,-77.9373076923077,-0.14964510489510463
3LE2b-05,2021,-100.88653846153846,2.1617339218158875,40.85269230769231,0.14317996397541854
3LE2b-05,2022,19.613461538461536,0.3769798234552333,-10.8573076923077,-3.4871533693579146
3LE2b-05,2023,-126.19653846153845,3.3266519546027737,11.202692307692303,-2.3669033693579147
3LE2b-06,2008,-18.75115384615384,-1.7790605296343003,-35.125,-2.6361715140919686
3LE2b-06,2009,-92.97115384615384,-0.5956179066834792,23.204999999999984,-2.212635701419792
3LE2b-06,2010,-25.98115384615383,-0.7943064312736468,-2.2150000000000034,0.6657809652468742
3LE2b-06,2011,21.678846153846166,-1.937749054224465,2.0349999999999966,-3.3004690347531254
3LE2b-06,2012,50.51884615384617,1.192250945775534,5.155000000000001,4.389283031362576
3LE2b-06,2013,28.078846153846172,-1.881519546027743,43.91499999999999,-3.8021357014197923
3LE2b-06,2014,146.85884615384614,-1.1115195460277434,16.405,-3.814385701419792
3LE2b-06,2015,85.47884615384615,-0.872339218158892,-69.36500000000001,0.3623642985802076
3LE2b-06,2016,-48.04115384615383,0.8391361916771736,-36.95500000000001,1.7652334445857174
3LE2b-06,2017,-39.16115384615384,-0.4805359394703679,-17.03500000000001,1.6492809652468745
3LE2b-06,2018,-13.361153846153826,2.6906116015132397,-66.26500000000001,-2.3474690347531255
3LE2b-06,2019,32.848846153846154,-1.4770933165195466,8.125,-3.727135701419792
3LE2b-06,2020,-57.17115384615383,0.31667717528373274,-76.465,-0.1590640760754396
3LE2b-06,2021,-103.75115384615384,2.1315952080706175,40.85499999999999,0.13811429858020752
3LE2b-06,2022,18.25884615384618,0.35372635561160237,-8.16500000000002,-3.490552368086459
3LE2b-06,2023,-125.08115384615384,3.3117591424968467,11.905000000000001,-2.3841357014197926
3LE2b-07,2008,-18.75115384615384,-1.7790605296343003,-35.125,-2.6361715140919686
3LE2b-07,2009,-92.97115384615384,-0.5956179066834792,23.204999999999984,-2.212635701419792
3LE2b-07,2010,-25.98115384615383,-0.7943064312736468,-2.2150000000000034,0.6657809652468742
3LE2b-07,2011,21.678846153846166,-1.937749054224465,2.0349999999999966,-3.3004690347531254
3LE2b-07,2012,50.51884615384617,1.192250945775534,5.155000000000001,4.389283031362576
3LE2b-07,2013,28.078846153846172,-1.881519546027743,43.91499999999999,-3.8021357014197923
3LE2b-07,2014,146.85884615384614,-1.1115195460277434,16.405,-3.814385701419792
3LE2b-07,2015,85.47884615384615,-0.872339218158892,-69.36500000000001,0.3623642985802076
3LE2b-07,2016,-48.04115384615383,0.8391361916771736,-36.95500000000001,1.7652334445857174
3LE2b-07,2017,-39.16115384615384,-0.4805359394703679,-17.03500000000001,1.6492809652468745
3LE2b-07,2018,-13.361153846153826,2.6906116015132397,-66.26500000000001,-2.3474690347531255
3LE2b-07,2019,32.848846153846154,-1.4770933165195466,8.125,-3.727135701419792
3LE2b-07,2020,-57.17115384615383,0.31667717528373274,-76.465,-0.1590640760754396
3LE2b-07,2021,-103.75115384615384,2.1315952080706175,40.85499999999999,0.13811429858020752
3LE2b-07,2022,18.25884615384618,0.35372635561160237,-8.16500000000002,-3.490552368086459
3LE2b-07,2023,-125.08115384615384,3.3117591424968467,11.905000000000001,-2.3841357014197926
3LE3-01,2008,-15.454230769230776,-1.695233291298866,-21.08884615384615,-2.6051960955710953
3LE3-01,2009,-140.77423076923077,-0.48703656998738865,33.00115384615384,-2.096034938546302
3LE3-01,2010,-26.074230769230752,-0.7290037831021436,14.871153846153845,0.33021506145369806
3LE3-01,2011,16.565769230769234,-1.7862168978562423,1.7511538461538407,-3.3268682718796354
3LE3-01,2012,53.55576923076927,1.3929634300126104,-12.828846153846158,4.544060102776012
3LE3-01,2013,-0.8142307692307611,-1.8721185372005031,60.26115384615386,-3.757034938546302
3LE3-01,2014,157.38576923076926,-1.0117906683480449,27.19115384615384,-3.6223682718796355
3LE3-01,2015,55.47576923076923,-0.7657250945775544,-70.67884615384615,0.43521506145369804
3LE3-01,2016,-60.26423076923075,1.0360781841109699,-44.93884615384616,1.8414981193049376
3LE3-01,2017,-40.77423076923074,-0.3385119798234548,-13.61884615384615,1.7098817281203647
3LE3-01,2018,-0.824230769230752,2.3523076923076935,-56.77884615384616,-2.461534938546302
3LE3-01,2019,57.26576923076925,-1.6735939470365686,21.921153846153857,-3.8671182718796353
3LE3-01,2020,-38.28423076923076,0.5241109709962153,-84.16884615384615,-0.03387378152150866
3LE3-01,2021,-101.06423076923076,2.2293568726355595,45.58115384615385,0.2804650614536981
3LE3-01,2022,0.8657692307692457,0.5529634300126105,-6.0588461538461615,-3.224284938546302
3LE3-01,2023,-135.34423076923076,3.366897856242119,21.161153846153837,-2.454284938546302
3LE3-02,2008,-15.454230769230776,-1.695233291298866,-21.08884615384615,-2.6051960955710953
3LE3-02,2009,-140.77423076923077,-0.48703656998738865,33.00115384615384,-2.096034938546302
3LE3-02,2010,-26.074230769230752,-0.7290037831021436,14.871153846153845,0.33021506145369806
3LE3-02,2011,16.565769230769234,-1.7862168978562423,1.7511538461538407,-3.3268682718796354
3LE3-02,2012,53.55576923076927,1.3929634300126104,-12.828846153846158,4.544060102776012
3LE3-02,2013,-0.8142307692307611,-1.8721185372005031,60.26115384615386,-3.757034938546302
3LE3-02,2014,157.38576923076926,-1.0117906683480449,27.19115384615384,-3.6223682718796355
3LE3-02,2015,55.47576923076923,-0.7657250945775544,-70.67884615384615,0.43521506145369804
3LE3-02,2016,-60.26423076923075,1.0360781841109699,-44.93884615384616,1.8414981193049376
3LE3-02,2017,-40.77423076923074,-0.3385119798234548,-13.61884615384615,1.7098817281203647
3LE3-02,2018,-0.824230769230752,2.3523076923076935,-56.77884615384616,-2.461534938546302
3LE3-02,2019,57.26576923076925,-1.6735939470365686,21.921153846153857,-3.8671182718796353
3LE3-02,2020,-38.28423076923076,0.5241109709962153,-84.16884615384615,-0.03387378152150866
3LE3-02,2021,-101.06423076923076,2.2293568726355595,45.58115384615385,0.2804650614536981
3LE3-02,2022,0.8657692307692457,0.5529634300126105,-6.0588461538461615,-3.224284938546302
3LE3-02,2023,-135.34423076923076,3.366897856242119,21.161153846153837,-2.454284938546302
3LE3-03,2008,-15.454230769230776,-1.695233291298866,-21.08884615384615,-2.6051960955710953
3LE3-03,2009,-140.77423076923077,-0.48703656998738865,33.00115384615384,-2.096034938546302
3LE3-03,2010,-26.074230769230752,-0.7290037831021436,14.871153846153845,0.33021506145369806
3LE3-03,2011,16.565769230769234,-1.7862168978562423,1.7511538461538407,-3.3268682718796354
3LE3-03,2012,53.55576923076927,1.3929634300126104,-12.828846153846158,4.544060102776012
3LE3-03,2013,-0.8142307692307611,-1.8721185372005031,60.26115384615386,-3.757034938546302
3LE3-03,2014,157.38576923076926,-1.0117906683480449,27.19115384615384,-3.6223682718796355
3LE3-03,2015,55.47576923076923,-0.7657250945775544,-70.67884615384615,0.43521506145369804
3LE3-03,2016,-60.26423076923075,1.0360781841109699,-44.93884615384616,1.8414981193049376
3LE3-03,2017,-40.77423076923074,-0.3385119798234548,-13.61884615384615,1.7098817281203647
3LE3-03,2018,-0.824230769230752,2.3523076923076935,-56.77884615384616,-2.461534938546302
3LE3-03,2019,57.26576923076925,-1.6735939470365686,21.921153846153857,-3.8671182718796353
3LE3-03,2020,-38.28423076923076,0.5241109709962153,-84.16884615384615,-0.03387378152150866
3LE3-03,2021,-101.06423076923076,2.2293568726355595,45.58115384615385,0.2804650614536981
3LE3-03,2022,0.8657692307692457,0.5529634300126105,-6.0588461538461615,-3.224284938546302
3LE3-03,2023,-135.34423076923076,3.366897856242119,21.161153846153837,-2.454284938546302
3LE3-04,2008,-15.454230769230776,-1.695233291298866,-21.08884615384615,-2.6051960955710953
3LE3-04,2009,-140.77423076923077,-0.48703656998738865,33.00115384615384,-2.096034938546302
3LE3-04,2010,-26.074230769230752,-0.7290037831021436,14.871153846153845,0.33021506145369806
3LE3-04,2011,16.565769230769234,-1.7862168978562423,1.7511538461538407,-3.3268682718796354
3LE3-04,2012,53.55576923076927,1.3929634300126104,-12.828846153846158,4.544060102776012
3LE3-04,2013,-0.8142307692307611,-1.8721185372005031,60.26115384615386,-3.757034938546302
3LE3-04,2014,157.38576923076926,-1.0117906683480449,27.19115384615384,-3.6223682718796355
3LE3-04,2015,55.47576923076923,-0.7657250945775544,-70.67884615384615,0.43521506145369804
3LE3-04,2016,-60.26423076923075,1.0360781841109699,-44.93884615384616,1.8414981193049376
3LE3-04,2017,-40.77423076923074,-0.3385119798234548,-13.61884615384615,1.7098817281203647
3LE3-04,2018,-0.824230769230752,2.3523076923076935,-56.77884615384616,-2.461534938546302
3LE3-04,2019,57.26576923076925,-1.6735939470365686,21.921153846153857,-3.8671182718796353
3LE3-04,2020,-38.28423076923076,0.5241109709962153,-84.16884615384615,-0.03387378152150866
3LE3-04,2021,-101.06423076923076,2.2293568726355595,45.58115384615385,0.2804650614536981
3LE3-04,2022,0.8657692307692457,0.5529634300126105,-6.0588461538461615,-3.224284938546302
3LE3-04,2023,-135.34423076923076,3.366897856242119,21.161153846153837,-2.454284938546302
3LE3-05,2008,-15.454230769230776,-1.695233291298866,-21.08884615384615,-2.6051960955710953
3LE3-05,2009,-140.77423076923077,-0.48703656998738865,33.00115384615384,-2.096034938546302
3LE3-05,2010,-26.074230769230752,-0.7290037831021436,14.871153846153845,0.33021506145369806
3LE3-05,2011,16.565769230769234,-1.7862168978562423,1.7511538461538407,-3.3268682718796354
3LE3-05,2012,53.55576923076927,1.3929634300126104,-12.828846153846158,4.544060102776012
3LE3-05,2013,-0.8142307692307611,-1.8721185372005031,60.26115384615386,-3.757034938546302
3LE3-05,2014,157.38576923076926,-1.0117906683480449,27.19115384615384,-3.6223682718796355
3LE3-05,2015,55.47576923076923,-0.7657250945775544,-70.67884615384615,0.43521506145369804
3LE3-05,2016,-60.26423076923075,1.0360781841109699,-44.93884615384616,1.8414981193049376
3LE3-05,2017,-40.77423076923074,-0.3385119798234548,-13.61884615384615,1.7098817281203647
3LE3-05,2018,-0.824230769230752,2.3523076923076935,-56.77884615384616,-2.461534938546302
3LE3-05,2019,57.26576923076925,-1.6735939470365686,21.921153846153857,-3.8671182718796353
3LE3-05,2020,-38.28423076923076,0.5241109709962153,-84.16884615384615,-0.03387378152150866
3LE3-05,2021,-101.06423076923076,2.2293568726355595,45.58115384615385,0.2804650614536981
3LE3-05,2022,0.8657692307692457,0.5529634300126105,-6.0588461538461615,-3.224284938546302
3LE3-05,2023,-135.34423076923076,3.366897856242119,21.161153846153837,-2.454284938546302
3LE3-06,2008,-15.454230769230776,-1.695233291298866,-21.08884615384615,-2.6051960955710953
3LE3-06,2009,-140.77423076923077,-0.48703656998738865,33.00115384615384,-2.096034938546302
3LE3-06,2010,-26.074230769230752,-0.7290037831021436,14.871153846153845,0.33021506145369806
3LE3-06,2011,16.565769230769234,-1.7862168978562423,1.7511538461538407,-3.3268682718796354
3LE3-06,2012,53.55576923076927,1.3929634300126104,-12.828846153846158,4.544060102776012
3LE3-06,2013,-0.8142307692307611,-1.8721185372005031,60.26115384615386,-3.757034938546302
3LE3-06,2014,157.38576923076926,-1.0117906683480449,27.19115384615384,-3.6223682718796355
3LE3-06,2015,55.47576923076923,-0.7657250945775544,-70.67884615384615,0.43521506145369804
3LE3-06,2016,-60.26423076923075,1.0360781841109699,-44.93884615384616,1.8414981193049376
3LE3-06,2017,-40.77423076923074,-0.3385119798234548,-13.61884615384615,1.7098817281203647
3LE3-06,2018,-0.824230769230752,2.3523076923076935,-56.77884615384616,-2.461534938546302
3LE3-06,2019,57.26576923076925,-1.6735939470365686,21.921153846153857,-3.8671182718796353
3LE3-06,2020,-38.28423076923076,0.5241109709962153,-84.16884615384615,-0.03387378152150866
3LE3-06,2021,-101.06423076923076,2.2293568726355595,45.58115384615385,0.2804650614536981
3LE3-06,2022,0.8657692307692457,0.5529634300126105,-6.0588461538461615,-3.224284938546302
3LE3-06,2023,-135.34423076923076,3.366897856242119,21.161153846153837,-2.454284938546302
3LE3-07,2008,-15.454230769230776,-1.695233291298866,-21.08884615384615,-2.6051960955710953
3LE3-07,2009,-140.77423076923077,-0.48703656998738865,33.00115384615384,-2.096034938546302
3LE3-07,2010,-26.074230769230752,-0.7290037831021436,14.871153846153845,0.33021506145369806
3LE3-07,2011,16.565769230769234,-1.7862168978562423,1.7511538461538407,-3.3268682718796354
3LE3-07,2012,53.55576923076927,1.3929634300126104,-12.828846153846158,4.544060102776012
3LE3-07,2013,-0.8142307692307611,-1.8721185372005031,60.26115384615386,-3.757034938546302
3LE3-07,2014,157.38576923076926,-1.0117906683480449,27.19115384615384,-3.6223682718796355
3LE3-07,2015,55.47576923076923,-0.7657250945775544,-70.67884615384615,0.43521506145369804
3LE3-07,2016,-60.26423076923075,1.0360781841109699,-44.93884615384616,1.8414981193049376
3LE3-07,2017,-40.77423076923074,-0.3385119798234548,-13.61884615384615,1.7098817281203647
3LE3-07,2018,-0.824230769230752,2.3523076923076935,-56.77884615384616,-2.461534938546302
3LE3-07,2019,57.26576923076925,-1.6735939470365686,21.921153846153857,-3.8671182718796353
3LE3-07,2020,-38.28423076923076,0.5241109709962153,-84.16884615384615,-0.03387378152150866
3LE3-07,2021,-101.06423076923076,2.2293568726355595,45.58115384615385,0.2804650614536981
3LE3-07,2022,0.8657692307692457,0.5529634300126105,-6.0588461538461615,-3.224284938546302
3LE3-07,2023,-135.34423076923076,3.366897856242119,21.161153846153837,-2.454284938546302
3SI2-01,2008,-8.443846153846152,-1.702061790668349,-27.229230769230767,-2.6288579413011233
3SI2-01,2009,-133.52384615384614,-0.4866519546027739,36.13076923076923,-2.181848988133079
3SI2-01,2010,-42.79384615384615,-0.7325535939470385,16.30076923076922,0.28665101186692077
3SI2-01,2011,18.666153846153833,-1.813045397225725,2.910769230769233,-3.3941823214664124
3SI2-01,2012,52.91615384615383,1.370233291298863,-7.579230769230776,4.535852802500529
3SI2-01,2013,25.676153846153852,-1.8081273644388425,66.35076923076923,-3.821765654799746
3SI2-01,2014,153.30615384615382,-0.9966519546027754,24.870769230769213,-3.5630989881330795
3SI2-01,2015,71.49615384615387,-0.7177994955863802,-62.42923076923077,0.4997343452002543
3SI2-01,2016,-67.57384615384615,1.1148234552332923,-36.35923076923078,1.8961833810129267
3SI2-01,2017,-41.743846153846135,-0.28534047919293926,-10.709230769230771,1.7218176785335872
3SI2-01,2018,24.06615384615384,2.50465952080706,-50.10923076923078,-2.4143489881330793
3SI2-01,2019,71.98615384615383,-1.574029003783103,19.690769230769234,-3.8897656547997457
3SI2-01,2020,-25.253846153846155,0.528593947036569,-83.80923076923077,-0.03513893303666027
3SI2-01,2021,-98.23384615384616,2.260397225725093,50.99076923076922,0.3085676785335876
3SI2-01,2022,3.606153846153859,0.5344955863808316,-0.39923076923076906,-3.2662656547997457
3SI2-01,2023,-117.54384615384615,3.4622005044136195,15.280769230769238,-2.5231823214664124
3SI2-02,2008,-8.443846153846152,-1.702061790668349,-27.229230769230767,-2.6288579413011233
3SI2-02,2009,-133.52384615384614,-0.4866519546027739,36.13076923076923,-2.181848988133079
3SI2-02,2010,-42.79384615384615,-0.7325535939470385,16.30076923076922,0.28665101186692077
3SI2-02,2011,18.666153846153833,-1.813045397225725,2.910769230769233,-3.3941823214664124
3SI2-02,2012,52.91615384615383,1.370233291298863,-7.579230769230776,4.535852802500529
3SI2-02,2013,25.676153846153852,-1.8081273644388425,66.35076923076923,-3.821765654799746
3SI2-02,2014,153.30615384615382,-0.9966519546027754,24.870769230769213,-3.5630989881330795
3SI2-02,2015,71.49615384615387,-0.7177994955863802,-62.42923076923077,0.4997343452002543
3SI2-02,2016,-67.57384615384615,1.1148234552332923,-36.35923076923078,1.8961833810129267
3SI2-02,2017,-41.743846153846135,-0.28534047919293926,-10.709230769230771,1.7218176785335872
3SI2-02,2018,24.06615384615384,2.50465952080706,-50.10923076923078,-2.4143489881330793
3SI2-02,2019,71.98615384615383,-1.574029003783103,19.690769230769234,-3.8897656547997457
3SI2-02,2020,-25.253846153846155,0.528593947036569,-83.80923076923077,-0.03513893303666027
3SI2-02,2021,-98.23384615384616,2.260397225725093,50.99076923076922,0.3085676785335876
3SI2-02,2022,3.606153846153859,0.5344955863808316,-0.39923076923076906,-3.2662656547997457
3SI2-02,2023,-117.54384615384615,3.4622005044136195,15.280769230769238,-2.5231823214664124
3SI2-03,2008,-8.443846153846152,-1.702061790668349,-27.229230769230767,-2.6288579413011233
3SI2-03,2009,-133.52384615384614,-0.4866519546027739,36.13076923076923,-2.181848988133079
3SI2-03,2010,-42.79384615384615,-0.7325535939470385,16.30076923076922,0.28665101186692077
3SI2-03,2011,18.666153846153833,-1.813045397225725,2.910769230769233,-3.3941823214664124
3SI2-03,2012,52.91615384615383,1.370233291298863,-7.579230769230776,4.535852802500529
3SI2-03,2013,25.676153846153852,-1.8081273644388425,66.35076923076923,-3.821765654799746
3SI2-03,2014,153.30615384615382,-0.9966519546027754,24.870769230769213,-3.5630989881330795
3SI2-03,2015,71.49615384615387,-0.7177994955863802,-62.42923076923077,0.4997343452002543
3SI2-03,2016,-67.57384615384615,1.1148234552332923,-36.35923076923078,1.8961833810129267
3SI2-03,2017,-41.743846153846135,-0.28534047919293926,-10.709230769230771,1.7218176785335872
3SI2-03,2018,24.06615384615384,2.50465952080706,-50.10923076923078,-2.4143489881330793
3SI2-03,2019,71.98615384615383,-1.574029003783103,19.690769230769234,-3.8897656547997457
3SI2-03,2020,-25.253846153846155,0.528593947036569,-83.80923076923077,-0.03513893303666027
3SI2-03,2021,-98.23384615384616,2.260397225725093,50.99076923076922,0.3085676785335876
3SI2-03,2022,3.606153846153859,0.5344955863808316,-0.39923076923076906,-3.2662656547997457
3SI2-03,2023,-117.54384615384615,3.4622005044136195,15.280769230769238,-2.5231823214664124
3SI2-04,2008,-8.443846153846152,-1.702061790668349,-27.229230769230767,-2.6288579413011233
3SI2-04,2009,-133.52384615384614,-0.4866519546027739,36.13076923076923,-2.181848988133079
3SI2-04,2010,-42.79384615384615,-0.7325535939470385,16.30076923076922,0.28665101186692077
3SI2-04,2011,18.666153846153833,-1.813045397225725,2.910769230769233,-3.3941823214664124
3SI2-04,2012,52.91615384615383,1.370233291298863,-7.579230769230776,4.535852802500529
3SI2-04,2013,25.676153846153852,-1.8081273644388425,66.35076923076923,-3.821765654799746
3SI2-04,2014,153.30615384615382,-0.9966519546027754,24.870769230769213,-3.5630989881330795
3SI2-04,2015,71.49615384615387,-0.7177994955863802,-62.42923076923077,0.4997343452002543
3SI2-04,2016,-67.57384615384615,1.1148234552332923,-36.35923076923078,1.8961833810129267
3SI2-04,2017,-41.743846153846135,-0.28534047919293926,-10.709230769230771,1.7218176785335872
3SI2-04,2018,24.06615384615384,2.50465952080706,-50.10923076923078,-2.4143489881330793
3SI2-04,2019,71.98615384615383,-1.574029003783103,19.690769230769234,-3.8897656547997457
3SI2-04,2020,-25.253846153846155,0.528593947036569,-83.80923076923077,-0.03513893303666027
3SI2-04,2021,-98.23384615384616,2.260397225725093,50.99076923076922,0.3085676785335876
3SI2-04,2022,3.606153846153859,0.5344955863808316,-0.39923076923076906,-3.2662656547997457
3SI2-04,2023,-117.54384615384615,3.4622005044136195,15.280769230769238,-2.5231823214664124
3SI2-05,2008,-8.443846153846152,-1.702061790668349,-27.229230769230767,-2.6288579413011233
3SI2-05,2009,-133.52384615384614,-0.4866519546027739,36.13076923076923,-2.181848988133079
3SI2-05,2010,-42.79384615384615,-0.7325535939470385,16.30076923076922,0.28665101186692077
3SI2-05,2011,18.666153846153833,-1.813045397225725,2.910769230769233,-3.3941823214664124
3SI2-05,2012,52.91615384615383,1.370233291298863,-7.579230769230776,4.535852802500529
3SI2-05,2013,25.676153846153852,-1.8081273644388425,66.35076923076923,-3.821765654799746
3SI2-05,2014,153.30615384615382,-0.9966519546027754,24.870769230769213,-3.5630989881330795
3SI2-05,2015,71.49615384615387,-0.7177994955863802,-62.42923076923077,0.4997343452002543
3SI2-05,2016,-67.57384615384615,1.1148234552332923,-36.35923076923078,1.8961833810129267
3SI2-05,2017,-41.743846153846135,-0.28534047919293926,-10.709230769230771,1.7218176785335872
3SI2-05,2018,24.06615384615384,2.50465952080706,-50.10923076923078,-2.4143489881330793
3SI2-05,2019,71.98615384615383,-1.574029003783103,19.690769230769234,-3.8897656547997457
3SI2-05,2020,-25.253846153846155,0.528593947036569,-83.80923076923077,-0.03513893303666027
3SI2-05,2021,-98.23384615384616,2.260397225725093,50.99076923076922,0.3085676785335876
3SI2-05,2022,3.606153846153859,0.5344955863808316,-0.39923076923076906,-3.2662656547997457
3SI2-05,2023,-117.54384615384615,3.4622005044136195,15.280769230769238,-2.5231823214664124
3SI2-06,2008,-8.443846153846152,-1.702061790668349,-27.229230769230767,-2.6288579413011233
3SI2-06,2009,-133.52384615384614,-0.4866519546027739,36.13076923076923,-2.181848988133079
3SI2-06,2010,-42.79384615384615,-0.7325535939470385,16.30076923076922,0.28665101186692077
3SI2-06,2011,18.666153846153833,-1.813045397225725,2.910769230769233,-3.3941823214664124
3SI2-06,2012,52.91615384615383,1.370233291298863,-7.579230769230776,4.535852802500529
3SI2-06,2013,25.676153846153852,-1.8081273644388425,66.35076923076923,-3.821765654799746
3SI2-06,2014,153.30615384615382,-0.9966519546027754,24.870769230769213,-3.5630989881330795
3SI2-06,2015,71.49615384615387,-0.7177994955863802,-62.42923076923077,0.4997343452002543
3SI2-06,2016,-67.57384615384615,1.1148234552332923,-36.35923076923078,1.8961833810129267
3SI2-06,2017,-41.743846153846135,-0.28534047919293926,-10.709230769230771,1.7218176785335872
3SI2-06,2018,24.06615384615384,2.50465952080706,-50.10923076923078,-2.4143489881330793
3SI2-06,2019,71.98615384615383,-1.574029003783103,19.690769230769234,-3.8897656547997457
3SI2-06,2020,-25.253846153846155,0.528593947036569,-83.80923076923077,-0.03513893303666027
3SI2-06,2021,-98.23384615384616,2.260397225725093,50.99076923076922,0.3085676785335876
3SI2-06,2022,3.606153846153859,0.5344955863808316,-0.39923076923076906,-3.2662656547997457
3SI2-06,2023,-117.54384615384615,3.4622005044136195,15.280769230769238,-2.5231823214664124
3SI3-04,2008,-16.53538461538463,-1.7736633039092062,-16.674230769230775,-2.683455181182454
3SI3-04,2009,-70.03538461538461,-0.6307124842370762,19.025769230769214,-2.405451737656283
3SI3-04,2010,-30.01538461538462,-0.7964501891551059,-7.82423076923078,0.5152149290103836
3SI3-04,2011,15.674615384615379,-1.9618600252206804,-21.05423076923077,-3.395451737656283
3SI3-04,2012,40.92461538461538,1.1679760403530892,25.005769230769232,4.38315638906548
3SI3-04,2013,49.97461538461536,-1.7162862547288782,33.835769230769216,-3.8820350709896165
3SI3-04,2014,129.6646153846154,-1.0716960907944504,4.085769230769216,-3.672951737656283
3SI3-04,2015,53.52461538461537,-0.7971059268600236,-66.10423076923078,0.5192149290103836
3SI3-04,2016,-87.75538461538461,1.0502711223203036,-30.68423076923078,1.9157183725365545
3SI3-04,2017,-2.77538461538461,-0.3239911727616658,-19.494230769230782,1.7097149290103837
3SI3-04,2018,27.914615384615388,2.895189155107186,-51.26423076923078,-2.2647850709896162
3SI3-04,2019,12.904615384615369,-1.3664501891551062,12.985769230769222,-3.8127850709896167
3SI3-04,2020,-60.84538461538463,0.31830390920554663,-80.28423076923077,-0.13791799109980918
3SI3-04,2021,-138.31538461538463,2.175844892812105,15.555769230769215,0.2619649290103836
3SI3-04,2022,12.024615384615373,0.37797604035309007,-6.254230769230773,-3.5308684043229497
3SI3-04,2023,-93.58538461538461,3.443713745271122,8.67576923076922,-2.5345350709896164
3SI3-05,2008,-16.53538461538463,-1.7736633039092062,-16.674230769230775,-2.683455181182454
3SI3-05,2009,-70.03538461538461,-0.6307124842370762,19.025769230769214,-2.405451737656283
3SI3-05,2010,-30.01538461538462,-0.7964501891551059,-7.82423076923078,0.5152149290103836
3SI3-05,2011,15.674615384615379,-1.9618600252206804,-21.05423076923077,-3.395451737656283
3SI3-05,2012,40.92461538461538,1.1679760403530892,25.005769230769232,4.38315638906548
3SI3-05,2013,49.97461538461536,-1.7162862547288782,33.835769230769216,-3.8820350709896165
3SI3-05,2014,129.6646153846154,-1.0716960907944504,4.085769230769216,-3.672951737656283
3SI3-05,2015,53.52461538461537,-0.7971059268600236,-66.10423076923078,0.5192149290103836
3SI3-05,2016,-87.75538461538461,1.0502711223203036,-30.68423076923078,1.9157183725365545
3SI3-05,2017,-2.77538461538461,-0.3239911727616658,-19.494230769230782,1.7097149290103837
3SI3-05,2018,27.914615384615388,2.895189155107186,-51.26423076923078,-2.2647850709896162
3SI3-05,2019,12.904615384615369,-1.3664501891551062,12.985769230769222,-3.8127850709896167
3SI3-05,2020,-60.84538461538463,0.31830390920554663,-80.28423076923077,-0.13791799109980918
3SI3-05,2021,-138.31538461538463,2.175844892812105,15.555769230769215,0.2619649290103836
3SI3-05,2022,12.024615384615373,0.37797604035309007,-6.254230769230773,-3.5308684043229497
3SI3-05,2023,-93.58538461538461,3.443713745271122,8.67576923076922,-2.5345350709896164
3SI3-06,2008,-16.414999999999992,-1.7724968474148817,-16.453846153846158,-2.676742583174401
3SI3-06,2009,-69.26499999999999,-0.631677175283734,19.34615384615384,-2.3936950625132445
3SI3-06,2010,-29.434999999999974,-0.796103404791932,-7.843846153846158,0.5372216041534226
3SI3-06,2011,15.875,-1.9659394703657007,-20.633846153846164,-3.385861729179911
3SI3-06,2012,41.69499999999999,1.1589785624211828,25.416153846153833,4.376728491205764
3SI3-06,2013,48.94500000000002,-1.7162673392181595,34.58615384615382,-3.8763617291799113
3SI3-06,2014,130.89500000000004,-1.0747919293820942,5.046153846153828,-3.687278395846578
3SI3-06,2015,68.98500000000001,-0.7979066834804556,-66.34384615384616,0.5142216041534224
3SI3-06,2016,-87.28499999999998,1.0406179066834795,-29.853846153846163,1.9101995655859292
3SI3-06,2017,-2.8649999999999807,-0.3305296343001274,-20.11384615384617,1.7133049374867557
3SI3-06,2018,28.625,2.9125851197982335,-51.53384615384617,-2.2557783958465776
3SI3-06,2019,11.695000000000022,-1.3480706179066857,12.59615384615384,-3.7934450625132445
3SI3-06,2020,-60.974999999999994,0.323896595208069,-80.26384615384616,-0.1405442360669633
3SI3-06,2021,-138.23499999999999,2.179962168978559,14.616153846153821,0.2537216041534225
3SI3-06,2022,13.66500000000002,0.3814375788146265,-6.883846153846164,-3.538361729179911
3SI3-06,2023,-93.46499999999999,3.4416015132408546,10.776153846153846,-2.5142783958465778
3SI3-07,2008,-16.414999999999992,-1.7724968474148817,-16.453846153846158,-2.676742583174401
3SI3-07,2009,-69.26499999999999,-0.631677175283734,19.34615384615384,-2.3936950625132445
3SI3-07,2010,-29.434999999999974,-0.796103404791932,-7.843846153846158,0.5372216041534226
3SI3-07,2011,15.875,-1.9659394703657007,-20.633846153846164,-3.385861729179911
3SI3-07,2012,41.69499999999999,1.1589785624211828,25.416153846153833,4.376728491205764
3SI3-07,2013,48.94500000000002,-1.7162673392181595,34.58615384615382,-3.8763617291799113
3SI3-07,2014,130.89500000000004,-1.0747919293820942,5.046153846153828,-3.687278395846578
3SI3-07,2015,68.98500000000001,-0.7979066834804556,-66.34384615384616,0.5142216041534224
3SI3-07,2016,-87.28499999999998,1.0406179066834795,-29.853846153846163,1.9101995655859292
3SI3-07,2017,-2.8649999999999807,-0.3305296343001274,-20.11384615384617,1.7133049374867557
3SI3-07,2018,28.625,2.9125851197982335,-51.53384615384617,-2.2557783958465776
3SI3-07,2019,11.695000000000022,-1.3480706179066857,12.59615384615384,-3.7934450625132445
3SI3-07,2020,-60.974999999999994,0.323896595208069,-80.26384615384616,-0.1405442360669633
3SI3-07,2021,-138.23499999999999,2.179962168978559,14.616153846153821,0.2537216041534225
3SI3-07,2022,13.66500000000002,0.3814375788146265,-6.883846153846164,-3.538361729179911
3SI3-07,2023,-93.46499999999999,3.4416015132408546,10.776153846153846,-2.5142783958465778
3SI4-01,2008,-14.685384615384606,-1.85595838587642,-37.39346153846155,-2.698809334604789
3SI4-01,2009,-70.29538461538462,-0.6879255989911712,20.836538461538453,-2.3567707671116764
3SI4-01,2010,-22.505384615384628,-0.8259583858764188,-13.313461538461553,0.7556458995549902
3SI4-01,2011,21.47461538461539,-1.959728877679698,-7.273461538461547,-3.2731041004450097
3SI4-01,2012,54.66461538461539,1.09486128625473,13.786538461538441,4.3172237232464505
3SI4-01,2013,40.824615384615385,-1.8036633039092074,28.926538461538456,-3.801687433778343
3SI4-01,2014,144.51461538461535,-1.1279255989911725,15.436538461538447,-3.8493541004450096
3SI4-01,2015,66.41461538461539,-0.8764501891551078,-67.86346153846155,0.36889589955499047
3SI4-01,2016,-74.39538461538461,0.8312547288776777,-23.773461538461547,1.788876615808434
3SI4-01,2017,-17.215384615384608,-0.5039911727616655,-25.44346153846155,1.6610625662216572
3SI4-01,2018,27.96461538461537,2.7710907944514496,-69.01346153846154,-2.2833541004450097
3SI4-01,2019,-23.705384615384617,-1.473827238335435,4.246538461538449,-3.712687433778343
3SI4-01,2020,-67.93538461538462,0.17715636822194014,-78.22346153846155,-0.21153660733206192
3SI4-01,2021,-130.41538461538462,2.068467843631776,23.116538461538454,0.129312566221657
3SI4-01,2022,37.354615384615386,0.26076292559898917,-6.5134615384615415,-3.614687433778343
3SI4-01,2023,-99.34538461538462,3.2901071878940726,13.716538461538448,-2.387020767111676
3SI4-02,2008,-14.685384615384606,-1.85595838587642,-37.39346153846155,-2.698809334604789
3SI4-02,2009,-70.29538461538462,-0.6879255989911712,20.836538461538453,-2.3567707671116764
3SI4-02,2010,-22.505384615384628,-0.8259583858764188,-13.313461538461553,0.7556458995549902
3SI4-02,2011,21.47461538461539,-1.959728877679698,-7.273461538461547,-3.2731041004450097
3SI4-02,2012,54.66461538461539,1.09486128625473,13.786538461538441,4.3172237232464505
3SI4-02,2013,40.824615384615385,-1.8036633039092074,28.926538461538456,-3.801687433778343
3SI4-02,2014,144.51461538461535,-1.1279255989911725,15.436538461538447,-3.8493541004450096
3SI4-02,2015,66.41461538461539,-0.8764501891551078,-67.86346153846155,0.36889589955499047
3SI4-02,2016,-74.39538461538461,0.8312547288776777,-23.773461538461547,1.788876615808434
3SI4-02,2017,-17.215384615384608,-0.5039911727616655,-25.44346153846155,1.6610625662216572
3SI4-02,2018,27.96461538461537,2.7710907944514496,-69.01346153846154,-2.2833541004450097
3SI4-02,2019,-23.705384615384617,-1.473827238335435,4.246538461538449,-3.712687433778343
3SI4-02,2020,-67.93538461538462,0.17715636822194014,-78.22346153846155,-0.21153660733206192
3SI4-02,2021,-130.41538461538462,2.068467843631776,23.116538461538454,0.129312566221657
3SI4-02,2022,37.354615384615386,0.26076292559898917,-6.5134615384615415,-3.614687433778343
3SI4-02,2023,-99.34538461538462,3.2901071878940726,13.716538461538448,-2.387020767111676
3SI4-03,2008,-14.685384615384606,-1.85595838587642,-37.39346153846155,-2.698809334604789
3SI4-03,2009,-70.29538461538462,-0.6879255989911712,20.836538461538453,-2.3567707671116764
3SI4-03,2010,-22.505384615384628,-0.8259583858764188,-13.313461538461553,0.7556458995549902
3SI4-03,2011,21.47461538461539,-1.959728877679698,-7.273461538461547,-3.2731041004450097
3SI4-03,2012,54.66461538461539,1.09486128625473,13.786538461538441,4.3172237232464505
3SI4-03,2013,40.824615384615385,-1.8036633039092074,28.926538461538456,-3.801687433778343
3SI4-03,2014,144.51461538461535,-1.1279255989911725,15.436538461538447,-3.8493541004450096
3SI4-03,2015,66.41461538461539,-0.8764501891551078,-67.86346153846155,0.36889589955499047
3SI4-03,2016,-74.39538461538461,0.8312547288776777,-23.773461538461547,1.788876615808434
3SI4-03,2017,-17.215384615384608,-0.5039911727616655,-25.44346153846155,1.6610625662216572
3SI4-03,2018,27.96461538461537,2.7710907944514496,-69.01346153846154,-2.2833541004450097
3SI4-03,2019,-23.705384615384617,-1.473827238335435,4.246538461538449,-3.712687433778343
3SI4-03,2020,-67.93538461538462,0.17715636822194014,-78.22346153846155,-0.21153660733206192
3SI4-03,2021,-130.41538461538462,2.068467843631776,23.116538461538454,0.129312566221657
3SI4-03,2022,37.354615384615386,0.26076292559898917,-6.5134615384615415,-3.614687433778343
3SI4-03,2023,-99.34538461538462,3.2901071878940726,13.716538461538448,-2.387020767111676
3SI4-04,2008,-14.685384615384606,-1.85595838587642,-37.39346153846155,-2.698809334604789
3SI4-04,2009,-70.29538461538462,-0.6879255989911712,20.836538461538453,-2.3567707671116764
3SI4-04,2010,-22.505384615384628,-0.8259583858764188,-13.313461538461553,0.7556458995549902
3SI4-04,2011,21.47461538461539,-1.959728877679698,-7.273461538461547,-3.2731041004450097
3SI4-04,2012,54.66461538461539,1.09486128625473,13.786538461538441,4.3172237232464505
3SI4-04,2013,40.824615384615385,-1.8036633039092074,28.926538461538456,-3.801687433778343
3SI4-04,2014,144.51461538461535,-1.1279255989911725,15.436538461538447,-3.8493541004450096
3SI4-04,2015,66.41461538461539,-0.8764501891551078,-67.86346153846155,0.36889589955499047
3SI4-04,2016,-74.39538461538461,0.8312547288776777,-23.773461538461547,1.788876615808434
3SI4-04,2017,-17.215384615384608,-0.5039911727616655,-25.44346153846155,1.6610625662216572
3SI4-04,2018,27.96461538461537,2.7710907944514496,-69.01346153846154,-2.2833541004450097
3SI4-04,2019,-23.705384615384617,-1.473827238335435,4.246538461538449,-3.712687433778343
3SI4-04,2020,-67.93538461538462,0.17715636822194014,-78.22346153846155,-0.21153660733206192
3SI4-04,2021,-130.41538461538462,2.068467843631776,23.116538461538454,0.129312566221657
3SI4-04,2022,37.354615384615386,0.26076292559898917,-6.5134615384615415,-3.614687433778343
3SI4-04,2023,-99.34538461538462,3.2901071878940726,13.716538461538448,-2.387020767111676
3SI4-05,2008,-14.685384615384606,-1.85595838587642,-37.39346153846155,-2.698809334604789
3SI4-05,2009,-70.29538461538462,-0.6879255989911712,20.836538461538453,-2.3567707671116764
3SI4-05,2010,-22.505384615384628,-0.8259583858764188,-13.313461538461553,0.7556458995549902
3SI4-05,2011,21.47461538461539,-1.959728877679698,-7.273461538461547,-3.2731041004450097
3SI4-05,2012,54.66461538461539,1.09486128625473,13.786538461538441,4.3172237232464505
3SI4-05,2013,40.824615384615385,-1.8036633039092074,28.926538461538456,-3.801687433778343
3SI4-05,2014,144.51461538461535,-1.1279255989911725,15.436538461538447,-3.8493541004450096
3SI4-05,2015,66.41461538461539,-0.8764501891551078,-67.86346153846155,0.36889589955499047
3SI4-05,2016,-74.39538461538461,0.8312547288776777,-23.773461538461547,1.788876615808434
3SI4-05,2017,-17.215384615384608,-0.5039911727616655,-25.44346153846155,1.6610625662216572
3SI4-05,2018,27.96461538461537,2.7710907944514496,-69.01346153846154,-2.2833541004450097
3SI4-05,2019,-23.705384615384617,-1.473827238335435,4.246538461538449,-3.712687433778343
3SI4-05,2020,-67.93538461538462,0.17715636822194014,-78.22346153846155,-0.21153660733206192
3SI4-05,2021,-130.41538461538462,2.068467843631776,23.116538461538454,0.129312566221657
3SI4-05,2022,37.354615384615386,0.26076292559898917,-6.5134615384615415,-3.614687433778343
3SI4-05,2023,-99.34538461538462,3.2901071878940726,13.716538461538448,-2.387020767111676
3SI4-10,2008,-14.685384615384606,-1.85595838587642,-37.39346153846155,-2.698809334604789
3SI4-10,2009,-70.29538461538462,-0.6879255989911712,20.836538461538453,-2.3567707671116764
3SI4-10,2010,-22.505384615384628,-0.8259583858764188,-13.313461538461553,0.7556458995549902
3SI4-10,2011,21.47461538461539,-1.959728877679698,-7.273461538461547,-3.2731041004450097
3SI4-10,2012,54.66461538461539,1.09486128625473,13.786538461538441,4.3172237232464505
3SI4-10,2013,40.824615384615385,-1.8036633039092074,28.926538461538456,-3.801687433778343
3SI4-10,2014,144.51461538461535,-1.1279255989911725,15.436538461538447,-3.8493541004450096
3SI4-10,2015,66.41461538461539,-0.8764501891551078,-67.86346153846155,0.36889589955499047
3SI4-10,2016,-74.39538461538461,0.8312547288776777,-23.773461538461547,1.788876615808434
3SI4-10,2017,-17.215384615384608,-0.5039911727616655,-25.44346153846155,1.6610625662216572
3SI4-10,2018,27.96461538461537,2.7710907944514496,-69.01346153846154,-2.2833541004450097
3SI4-10,2019,-23.705384615384617,-1.473827238335435,4.246538461538449,-3.712687433778343
3SI4-10,2020,-67.93538461538462,0.17715636822194014,-78.22346153846155,-0.21153660733206192
3SI4-10,2021,-130.41538461538462,2.068467843631776,23.116538461538454,0.129312566221657
3SI4-10,2022,37.354615384615386,0.26076292559898917,-6.5134615384615415,-3.614687433778343
3SI4-10,2023,-99.34538461538462,3.2901071878940726,13.716538461538448,-2.387020767111676
3SI5-01,2008,-16.446153846153834,-1.8079823455233317,-31.010000000000005,-2.702876748251748
3SI5-01,2009,-90.99615384615385,-0.6269987389659519,25.75999999999999,-2.328418759271032
3SI5-01,2010,-23.956153846153853,-0.809293820933167,-1.5,0.4959979073956351
3SI5-01,2011,20.253846153846155,-1.9025725094577552,-5.450000000000003,-3.3601687592710316
3SI5-01,2012,50.48384615384617,1.2074274905422442,16.819999999999993,4.414726557533376
3SI5-01,2013,32.13384615384615,-1.7942118537200535,39.06,-3.840418759271032
3SI5-01,2014,142.69384615384615,-1.09158890290038,8.460000000000008,-3.699502092604365
3SI5-01,2015,75.93384615384616,-0.8224085750315275,-64.11000000000001,0.4383312407289681
3SI5-01,2016,-80.47615384615384,0.9684110970996187,-24.830000000000013,1.8684455657978383
3SI5-01,2017,-22.64615384615385,-0.4104413619167744,-18.390000000000015,1.6655812407289683
3SI5-01,2018,32.503846153846155,2.627263556116013,-50.56000000000002,-2.3660854259376984
3SI5-01,2019,44.19384615384615,-1.5829003783102173,16.47,-3.879002092604365
3SI5-01,2020,-51.026153846153846,0.2920176544766697,-80.33000000000001,-0.14824864907819446
3SI5-01,2021,-116.06615384615384,2.106771752837325,31.549999999999983,0.19999790739563483
3SI5-01,2022,25.073846153846176,0.3313619167717512,-4.27000000000001,-3.470918759271032
3SI5-01,2023,-108.65615384615384,3.352673392181586,14.719999999999999,-2.511502092604365
3SI5-02,2008,-16.446153846153834,-1.8079823455233317,-31.010000000000005,-2.702876748251748
3SI5-02,2009,-90.99615384615385,-0.6269987389659519,25.75999999999999,-2.328418759271032
3SI5-02,2010,-23.956153846153853,-0.809293820933167,-1.5,0.4959979073956351
3SI5-02,2011,20.253846153846155,-1.9025725094577552,-5.450000000000003,-3.3601687592710316
3SI5-02,2012,50.48384615384617,1.2074274905422442,16.819999999999993,4.414726557533376
3SI5-02,2013,32.13384615384615,-1.7942118537200535,39.06,-3.840418759271032
3SI5-02,2014,142.69384615384615,-1.09158890290038,8.460000000000008,-3.699502092604365
3SI5-02,2015,75.93384615384616,-0.8224085750315275,-64.11000000000001,0.4383312407289681
3SI5-02,2016,-80.47615384615384,0.9684110970996187,-24.830000000000013,1.8684455657978383
3SI5-02,2017,-22.64615384615385,-0.4104413619167744,-18.390000000000015,1.6655812407289683
3SI5-02,2018,32.503846153846155,2.627263556116013,-50.56000000000002,-2.3660854259376984
3SI5-02,2019,44.19384615384615,-1.5829003783102173,16.47,-3.879002092604365
3SI5-02,2020,-51.026153846153846,0.2920176544766697,-80.33000000000001,-0.14824864907819446
3SI5-02,2021,-116.06615384615384,2.106771752837325,31.549999999999983,0.19999790739563483
3SI5-02,2022,25.073846153846176,0.3313619167717512,-4.27000000000001,-3.470918759271032
3SI5-02,2023,-108.65615384615384,3.352673392181586,14.719999999999999,-2.511502092604365
3SI5-04,2008,-16.446153846153834,-1.8079823455233317,-31.010000000000005,-2.702876748251748
3SI5-04,2009,-90.99615384615385,-0.6269987389659519,25.75999999999999,-2.328418759271032
3SI5-04,2010,-23.956153846153853,-0.809293820933167,-1.5,0.4959979073956351
3SI5-04,2011,20.253846153846155,-1.9025725094577552,-5.450000000000003,-3.3601687592710316
3SI5-04,2012,50.48384615384617,1.2074274905422442,16.819999999999993,4.414726557533376
3SI5-04,2013,32.13384615384615,-1.7942118537200535,39.06,-3.840418759271032
3SI5-04,2014,142.69384615384615,-1.09158890290038,8.460000000000008,-3.699502092604365
3SI5-04,2015,75.93384615384616,-0.8224085750315275,-64.11000000000001,0.4383312407289681
3SI5-04,2016,-80.47615384615384,0.9684110970996187,-24.830000000000013,1.8684455657978383
3SI5-04,2017,-22.64615384615385,-0.4104413619167744,-18.390000000000015,1.6655812407289683
3SI5-04,2018,32.503846153846155,2.627263556116013,-50.56000000000002,-2.3660854259376984
3SI5-04,2019,44.19384615384615,-1.5829003783102173,16.47,-3.879002092604365
3SI5-04,2020,-51.026153846153846,0.2920176544766697,-80.33000000000001,-0.14824864907819446
3SI5-04,2021,-116.06615384615384,2.106771752837325,31.549999999999983,0.19999790739563483
3SI5-04,2022,25.073846153846176,0.3313619167717512,-4.27000000000001,-3.470918759271032
3SI5-04,2023,-108.65615384615384,3.352673392181586,14.719999999999999,-2.511502092604365
3SI5-05,2008,-16.446153846153834,-1.8079823455233317,-31.010000000000005,-2.702876748251748
3SI5-05,2009,-90.99615384615385,-0.6269987389659519,25.75999999999999,-2.328418759271032
3SI5-05,2010,-23.956153846153853,-0.809293820933167,-1.5,0.4959979073956351
3SI5-05,2011,20.253846153846155,-1.9025725094577552,-5.450000000000003,-3.3601687592710316
3SI5-05,2012,50.48384615384617,1.2074274905422442,16.819999999999993,4.414726557533376
3SI5-05,2013,32.13384615384615,-1.7942118537200535,39.06,-3.840418759271032
3SI5-05,2014,142.69384615384615,-1.09158890290038,8.460000000000008,-3.699502092604365
3SI5-05,2015,75.93384615384616,-0.8224085750315275,-64.11000000000001,0.4383312407289681
3SI5-05,2016,-80.47615384615384,0.9684110970996187,-24.830000000000013,1.8684455657978383
3SI5-05,2017,-22.64615384615385,-0.4104413619167744,-18.390000000000015,1.6655812407289683
3SI5-05,2018,32.503846153846155,2.627263556116013,-50.56000000000002,-2.3660854259376984
3SI5-05,2019,44.19384615384615,-1.5829003783102173,16.47,-3.879002092604365
3SI5-05,2020,-51.026153846153846,0.2920176544766697,-80.33000000000001,-0.14824864907819446
3SI5-05,2021,-116.06615384615384,2.106771752837325,31.549999999999983,0.19999790739563483
3SI5-05,2022,25.073846153846176,0.3313619167717512,-4.27000000000001,-3.470918759271032
3SI5-05,2023,-108.65615384615384,3.352673392181586,14.719999999999999,-2.511502092604365
3SI5-06,2008,-16.446153846153834,-1.8079823455233317,-31.010000000000005,-2.702876748251748
3SI5-06,2009,-90.99615384615385,-0.6269987389659519,25.75999999999999,-2.328418759271032
3SI5-06,2010,-23.956153846153853,-0.809293820933167,-1.5,0.4959979073956351
3SI5-06,2011,20.253846153846155,-1.9025725094577552,-5.450000000000003,-3.3601687592710316
3SI5-06,2012,50.48384615384617,1.2074274905422442,16.819999999999993,4.414726557533376
3SI5-06,2013,32.13384615384615,-1.7942118537200535,39.06,-3.840418759271032
3SI5-06,2014,142.69384615384615,-1.09158890290038,8.460000000000008,-3.699502092604365
3SI5-06,2015,75.93384615384616,-0.8224085750315275,-64.11000000000001,0.4383312407289681
3SI5-06,2016,-80.47615384615384,0.9684110970996187,-24.830000000000013,1.8684455657978383
3SI5-06,2017,-22.64615384615385,-0.4104413619167744,-18.390000000000015,1.6655812407289683
3SI5-06,2018,32.503846153846155,2.627263556116013,-50.56000000000002,-2.3660854259376984
3SI5-06,2019,44.19384615384615,-1.5829003783102173,16.47,-3.879002092604365
3SI5-06,2020,-51.026153846153846,0.2920176544766697,-80.33000000000001,-0.14824864907819446
3SI5-06,2021,-116.06615384615384,2.106771752837325,31.549999999999983,0.19999790739563483
3SI5-06,2022,25.073846153846176,0.3313619167717512,-4.27000000000001,-3.470918759271032
3SI5-06,2023,-108.65615384615384,3.352673392181586,14.719999999999999,-2.511502092604365
4LE1-01,2008,0.4484615384615438,-1.8546090794451473,-19.506153846153836,-2.4173806420851873
4LE1-01,2009,-117.22153846153847,-0.7798549810844904,3.093846153846158,-2.250759429963975
4LE1-01,2010,-19.751538461538473,-0.9636254728877702,-20.886153846153846,-0.6704260966306421
4LE1-01,2011,71.19846153846154,-2.1639533417402284,17.023846153846165,-3.9310927632973085
4LE1-01,2012,35.40846153846152,1.3347351828499363,22.763846153846146,4.532040845518118
4LE1-01,2013,53.99846153846153,-2.008051702395967,24.16384615384615,-4.409842763297308
4LE1-01,2014,175.4884615384615,-1.1882156368221963,-2.8561538461538447,-3.2260927632973084
4LE1-01,2015,37.178461538461534,-1.0300189155107198,-75.92615384615384,0.6533239033693579
4LE1-01,2016,-111.86153846153846,1.4212925598991148,-22.746153846153845,1.5977433248569617
4LE1-01,2017,10.348461538461521,-0.1177238335435078,-32.826153846153844,1.190907236702691
4LE1-01,2018,-22.16153846153847,2.4632597730138706,-9.916153846153847,-3.0162594299639753
4LE1-01,2019,81.65846153846152,-1.6621500630517048,53.81384615384616,-4.6617594299639755
4LE1-01,2020,-43.86153846153846,0.20621059268600206,-74.58615384615385,-0.4396946916719644
4LE1-01,2021,-91.20153846153846,2.1175220680958375,22.12384615384616,0.3259905700360246
4LE1-01,2022,7.738461538461536,0.40358764186633067,-12.526153846153846,-3.1048427632973086
4LE1-01,2023,-79.76153846153846,3.126210592686,-14.466153846153844,-3.186509429963975
4LE1-02,2008,0.4484615384615438,-1.8546090794451473,-19.506153846153836,-2.4173806420851873
4LE1-02,2009,-117.22153846153847,-0.7798549810844904,3.093846153846158,-2.250759429963975
4LE1-02,2010,-19.751538461538473,-0.9636254728877702,-20.886153846153846,-0.6704260966306421
4LE1-02,2011,71.19846153846154,-2.1639533417402284,17.023846153846165,-3.9310927632973085
4LE1-02,2012,35.40846153846152,1.3347351828499363,22.763846153846146,4.532040845518118
4LE1-02,2013,53.99846153846153,-2.008051702395967,24.16384615384615,-4.409842763297308
4LE1-02,2014,175.4884615384615,-1.1882156368221963,-2.8561538461538447,-3.2260927632973084
4LE1-02,2015,37.178461538461534,-1.0300189155107198,-75.92615384615384,0.6533239033693579
4LE1-02,2016,-111.86153846153846,1.4212925598991148,-22.746153846153845,1.5977433248569617
4LE1-02,2017,10.348461538461521,-0.1177238335435078,-32.826153846153844,1.190907236702691
4LE1-02,2018,-22.16153846153847,2.4632597730138706,-9.916153846153847,-3.0162594299639753
4LE1-02,2019,81.65846153846152,-1.6621500630517048,53.81384615384616,-4.6617594299639755
4LE1-02,2020,-43.86153846153846,0.20621059268600206,-74.58615384615385,-0.4396946916719644
4LE1-02,2021,-91.20153846153846,2.1175220680958375,22.12384615384616,0.3259905700360246
4LE1-02,2022,7.738461538461536,0.40358764186633067,-12.526153846153846,-3.1048427632973086
4LE1-02,2023,-79.76153846153846,3.126210592686,-14.466153846153844,-3.186509429963975
4LE1-03,2008,0.9219230769230649,-1.85983606557377,-19.024230769230783,-2.419544924772197
4LE1-03,2009,-116.04807692307692,-0.7893442622950815,2.5857692307692304,-2.2623913435049796
4LE1-03,2010,-23.068076923076916,-0.9709836065573789,-20.88423076923077,-0.6843080101716463
4LE1-03,2011,72.44192307692308,-2.1780327868852467,16.53576923076922,-3.932974676838313
4LE1-03,2012,31.631923076923073,1.328688524590163,20.57576923076924,4.5307030091121
4LE1-03,2013,56.12192307692308,-2.0114754098360663,23.78576923076922,-4.42239134350498
4LE1-03,2014,173.47192307692305,-1.2014754098360676,-3.214230769230781,-3.223224676838313
4LE1-03,2015,38.30192307692309,-1.0268852459016387,-76.76423076923078,0.6561086564950207
4LE1-03,2016,-112.11807692307693,1.4213114754098335,-22.594230769230776,1.602603835558381
4LE1-03,2017,16.54192307692307,-0.10999999999999943,-33.75423076923077,1.1982753231616874
4LE1-03,2018,-22.878076923076918,2.469999999999999,-10.344230769230776,-3.0048913435049798
4LE1-03,2019,83.19192307692308,-1.658360655737706,52.695769230769216,-4.6655580101716465
4LE1-03,2020,-42.34807692307692,0.20229508196721113,-75.00423076923077,-0.4406193049374867
4LE1-03,2021,-89.99807692307692,2.114262295081968,22.165769230769214,0.3271086564950205
4LE1-03,2022,8.611923076923091,0.40475409836065523,-12.984230769230777,-3.1228913435049797
4LE1-03,2023,-79.19807692307693,3.121639344262295,-18.41423076923077,-3.194724676838313
4LE1-04,2008,0.15307692307692378,-1.848953341740227,-18.264615384615382,-2.4207927527018436
4LE1-04,2009,-116.90692307692308,-0.7763303909205561,3.1153846153846274,-2.2546770502225053
4LE1-04,2010,-23.40692307692308,-0.9609205548549831,-20.264615384615382,-0.6764270502225052
4LE1-04,2011,71.22307692307692,-2.1694451450189156,16.8653846153846,-3.924177050222505
4LE1-04,2012,32.49307692307693,1.337276166456494,19.485384615384604,4.539289891926256
4LE1-04,2013,56.56307692307692,-2.003215636822194,25.1753846153846,-4.412843716889172
4LE1-04,2014,175.50307692307695,-1.185838587641868,-1.6146153846153908,-3.223760383555838
4LE1-04,2015,39.04307692307691,-1.0114123581336685,-76.23461538461538,0.6626562831108282
4LE1-04,2016,-112.44692307692307,1.4290794451450175,-22.61461538461539,1.6106948506039416
4LE1-04,2017,11.603076923076912,-0.09698612862547407,-33.704615384615394,1.215239616444162
4LE1-04,2018,-20.796923076923065,2.4818663303909183,-9.164615384615388,-2.9910103835558384
4LE1-04,2019,84.28307692307692,-1.6438713745271123,53.24538461538462,-4.6503437168891715
4LE1-04,2020,-41.27692307692308,0.22399747793190272,-74.60461538461539,-0.4341811824539099
4LE1-04,2021,-89.99692307692307,2.1298991172761674,21.435384615384592,0.3369062831108285
4LE1-04,2022,13.253076923076918,0.42235813366960784,-16.204615384615394,-3.1207603835558384
4LE1-04,2023,-80.49692307692308,3.1354728877679676,-19.044615384615383,-3.1823437168891715
4LE1-05,2008,0.20269230769230262,-1.845498108448929,-19.18807692307692,-2.4125090856113585
4LE1-05,2009,-117.34730769230771,-0.7650063051702425,2.7919230769230694,-2.2427039891926257
4LE1-05,2010,-19.967307692307713,-0.9541866330390931,-21.28807692307693,-0.6697873225259592
4LE1-05,2011,70.68269230769229,-2.1591046658259785,16.731923076923067,-3.9237039891926258
4LE1-05,2012,35.35269230769231,1.343026481715004,20.79192307692307,4.541457856537402
4LE1-05,2013,55.21269230769229,-2.005498108448929,24.381923076923073,-4.405953989192626
4LE1-05,2014,177.6726923076923,-1.1795964691046663,-2.4180769230769243,-3.2267039891926257
4LE1-05,2015,38.44269230769231,-1.0166456494325367,-76.32807692307692,0.6586293441407074
4LE1-05,2016,-111.9173076923077,1.425485498108447,-22.95807692307693,1.6007140548845094
4LE1-05,2017,11.042692307692306,-0.10795712484237185,-33.46807692307692,1.2021293441407073
4LE1-05,2018,-24.427307692307693,2.4700756620428734,-9.998076923076923,-3.007537322525959
4LE1-05,2019,82.32269230769231,-1.652875157629257,52.13192307692307,-4.645787322525959
4LE1-05,2020,-42.34730769230771,0.217944514501891,-74.87807692307692,-0.4401123913964824
4LE1-05,2021,-90.2173076923077,2.1231904161412345,20.82192307692307,0.330712677474041
4LE1-05,2022,12.972692307692313,0.4138461538461513,-12.93807692307692,-3.109537322525959
4LE1-05,2023,-80.20730769230771,3.1300756620428736,-15.648076923076928,-3.180287322525959
4LE1-06,2008,0.20269230769230262,-1.845498108448929,-19.18807692307692,-2.4125090856113585
4LE1-06,2009,-117.34730769230771,-0.7650063051702425,2.7919230769230694,-2.2427039891926257
4LE1-06,2010,-19.967307692307713,-0.9541866330390931,-21.28807692307693,-0.6697873225259592
4LE1-06,2011,70.68269230769229,-2.1591046658259785,16.731923076923067,-3.9237039891926258
4LE1-06,2012,35.35269230769231,1.343026481715004,20.79192307692307,4.541457856537402
4LE1-06,2013,55.21269230769229,-2.005498108448929,24.381923076923073,-4.405953989192626
4LE1-06,2014,177.6726923076923,-1.1795964691046663,-2.4180769230769243,-3.2267039891926257
4LE1-06,2015,38.44269230769231,-1.0166456494325367,-76.32807692307692,0.6586293441407074
4LE1-06,2016,-111.9173076923077,1.425485498108447,-22.95807692307693,1.6007140548845094
4LE1-06,2017,11.042692307692306,-0.10795712484237185,-33.46807692307692,1.2021293441407073
4LE1-06,2018,-24.427307692307693,2.4700756620428734,-9.998076923076923,-3.007537322525959
4LE1-06,2019,82.32269230769231,-1.652875157629257,52.13192307692307,-4.645787322525959
4LE1-06,2020,-42.34730769230771,0.217944514501891,-74.87807692307692,-0.4401123913964824
4LE1-06,2021,-90.2173076923077,2.1231904161412345,20.82192307692307,0.330712677474041
4LE1-06,2022,12.972692307692313,0.4138461538461513,-12.93807692307692,-3.109537322525959
4LE1-06,2023,-80.20730769230771,3.1300756620428736,-15.648076923076928,-3.180287322525959
4LE1-07,2008,0.20269230769230262,-1.845498108448929,-19.18807692307692,-2.4125090856113585
4LE1-07,2009,-117.34730769230771,-0.7650063051702425,2.7919230769230694,-2.2427039891926257
4LE1-07,2010,-19.967307692307713,-0.9541866330390931,-21.28807692307693,-0.6697873225259592
4LE1-07,2011,70.68269230769229,-2.1591046658259785,16.731923076923067,-3.9237039891926258
4LE1-07,2012,35.35269230769231,1.343026481715004,20.79192307692307,4.541457856537402
4LE1-07,2013,55.21269230769229,-2.005498108448929,24.381923076923073,-4.405953989192626
4LE1-07,2014,177.6726923076923,-1.1795964691046663,-2.4180769230769243,-3.2267039891926257
4LE1-07,2015,38.44269230769231,-1.0166456494325367,-76.32807692307692,0.6586293441407074
4LE1-07,2016,-111.9173076923077,1.425485498108447,-22.95807692307693,1.6007140548845094
4LE1-07,2017,11.042692307692306,-0.10795712484237185,-33.46807692307692,1.2021293441407073
4LE1-07,2018,-24.427307692307693,2.4700756620428734,-9.998076923076923,-3.007537322525959
4LE1-07,2019,82.32269230769231,-1.652875157629257,52.13192307692307,-4.645787322525959
4LE1-07,2020,-42.34730769230771,0.217944514501891,-74.87807692307692,-0.4401123913964824
4LE1-07,2021,-90.2173076923077,2.1231904161412345,20.82192307692307,0.330712677474041
4LE1-07,2022,12.972692307692313,0.4138461538461513,-12.93807692307692,-3.109537322525959
4LE1-07,2023,-80.20730769230771,3.1300756620428736,-15.648076923076928,-3.180287322525959
4LE1-08,2008,0.4484615384615438,-1.8546090794451473,-19.506153846153836,-2.4173806420851873
4LE1-08,2009,-117.22153846153847,-0.7798549810844904,3.093846153846158,-2.250759429963975
4LE1-08,2010,-19.751538461538473,-0.9636254728877702,-20.886153846153846,-0.6704260966306421
4LE1-08,2011,71.19846153846154,-2.1639533417402284,17.023846153846165,-3.9310927632973085
4LE1-08,2012,35.40846153846152,1.3347351828499363,22.763846153846146,4.532040845518118
4LE1-08,2013,53.99846153846153,-2.008051702395967,24.16384615384615,-4.409842763297308
4LE1-08,2014,175.4884615384615,-1.1882156368221963,-2.8561538461538447,-3.2260927632973084
4LE1-08,2015,37.178461538461534,-1.0300189155107198,-75.92615384615384,0.6533239033693579
4LE1-08,2016,-111.86153846153846,1.4212925598991148,-22.746153846153845,1.5977433248569617
4LE1-08,2017,10.348461538461521,-0.1177238335435078,-32.826153846153844,1.190907236702691
4LE1-08,2018,-22.16153846153847,2.4632597730138706,-9.916153846153847,-3.0162594299639753
4LE1-08,2019,81.65846153846152,-1.6621500630517048,53.81384615384616,-4.6617594299639755
4LE1-08,2020,-43.86153846153846,0.20621059268600206,-74.58615384615385,-0.4396946916719644
4LE1-08,2021,-91.20153846153846,2.1175220680958375,22.12384615384616,0.3259905700360246
4LE1-08,2022,7.738461538461536,0.40358764186633067,-12.526153846153846,-3.1048427632973086
4LE1-08,2023,-79.76153846153846,3.126210592686,-14.466153846153844,-3.186509429963975
4LE1-09,2008,0.4484615384615438,-1.8546090794451473,-19.506153846153836,-2.4173806420851873
4LE1-09,2009,-117.22153846153847,-0.7798549810844904,3.093846153846158,-2.250759429963975
4LE1-09,2010,-19.751538461538473,-0.9636254728877702,-20.886153846153846,-0.6704260966306421
4LE1-09,2011,71.19846153846154,-2.1639533417402284,17.023846153846165,-3.9310927632973085
4LE1-09,2012,35.40846153846152,1.3347351828499363,22.763846153846146,4.532040845518118
4LE1-09,2013,53.99846153846153,-2.008051702395967,24.16384615384615,-4.409842763297308
4LE1-09,2014,175.4884615384615,-1.1882156368221963,-2.8561538461538447,-3.2260927632973084
4LE1-09,2015,37.178461538461534,-1.0300189155107198,-75.92615384615384,0.6533239033693579
4LE1-09,2016,-111.86153846153846,1.4212925598991148,-22.746153846153845,1.5977433248569617
4LE1-09,2017,10.348461538461521,-0.1177238335435078,-32.826153846153844,1.190907236702691
4LE1-09,2018,-22.16153846153847,2.4632597730138706,-9.916153846153847,-3.0162594299639753
4LE1-09,2019,81.65846153846152,-1.6621500630517048,53.81384615384616,-4.6617594299639755
4LE1-09,2020,-43.86153846153846,0.20621059268600206,-74.58615384615385,-0.4396946916719644
4LE1-09,2021,-91.20153846153846,2.1175220680958375,22.12384615384616,0.3259905700360246
4LE1-09,2022,7.738461538461536,0.40358764186633067,-12.526153846153846,-3.1048427632973086
4LE1-09,2023,-79.76153846153846,3.126210592686,-14.466153846153844,-3.186509429963975
4LE1-10,2008,0.4484615384615438,-1.8546090794451473,-19.506153846153836,-2.4173806420851873
4LE1-10,2009,-117.22153846153847,-0.7798549810844904,3.093846153846158,-2.250759429963975
4LE1-10,2010,-19.751538461538473,-0.9636254728877702,-20.886153846153846,-0.6704260966306421
4LE1-10,2011,71.19846153846154,-2.1639533417402284,17.023846153846165,-3.9310927632973085
4LE1-10,2012,35.40846153846152,1.3347351828499363,22.763846153846146,4.532040845518118
4LE1-10,2013,53.99846153846153,-2.008051702395967,24.16384615384615,-4.409842763297308
4LE1-10,2014,175.4884615384615,-1.1882156368221963,-2.8561538461538447,-3.2260927632973084
4LE1-10,2015,37.178461538461534,-1.0300189155107198,-75.92615384615384,0.6533239033693579
4LE1-10,2016,-111.86153846153846,1.4212925598991148,-22.746153846153845,1.5977433248569617
4LE1-10,2017,10.348461538461521,-0.1177238335435078,-32.826153846153844,1.190907236702691
4LE1-10,2018,-22.16153846153847,2.4632597730138706,-9.916153846153847,-3.0162594299639753
4LE1-10,2019,81.65846153846152,-1.6621500630517048,53.81384615384616,-4.6617594299639755
4LE1-10,2020,-43.86153846153846,0.20621059268600206,-74.58615384615385,-0.4396946916719644
4LE1-10,2021,-91.20153846153846,2.1175220680958375,22.12384615384616,0.3259905700360246
4LE1-10,2022,7.738461538461536,0.40358764186633067,-12.526153846153846,-3.1048427632973086
4LE1-10,2023,-79.76153846153846,3.126210592686,-14.466153846153844,-3.186509429963975
4LE1-11,2008,0.4484615384615438,-1.8546090794451473,-19.506153846153836,-2.4173806420851873
4LE1-11,2009,-117.22153846153847,-0.7798549810844904,3.093846153846158,-2.250759429963975
4LE1-11,2010,-19.751538461538473,-0.9636254728877702,-20.886153846153846,-0.6704260966306421
4LE1-11,2011,71.19846153846154,-2.1639533417402284,17.023846153846165,-3.9310927632973085
4LE1-11,2012,35.40846153846152,1.3347351828499363,22.763846153846146,4.532040845518118
4LE1-11,2013,53.99846153846153,-2.008051702395967,24.16384615384615,-4.409842763297308
4LE1-11,2014,175.4884615384615,-1.1882156368221963,-2.8561538461538447,-3.2260927632973084
4LE1-11,2015,37.178461538461534,-1.0300189155107198,-75.92615384615384,0.6533239033693579
4LE1-11,2016,-111.86153846153846,1.4212925598991148,-22.746153846153845,1.5977433248569617
4LE1-11,2017,10.348461538461521,-0.1177238335435078,-32.826153846153844,1.190907236702691
4LE1-11,2018,-22.16153846153847,2.4632597730138706,-9.916153846153847,-3.0162594299639753
4LE1-11,2019,81.65846153846152,-1.6621500630517048,53.81384615384616,-4.6617594299639755
4LE1-11,2020,-43.86153846153846,0.20621059268600206,-74.58615384615385,-0.4396946916719644
4LE1-11,2021,-91.20153846153846,2.1175220680958375,22.12384615384616,0.3259905700360246
4LE1-11,2022,7.738461538461536,0.40358764186633067,-12.526153846153846,-3.1048427632973086
4LE1-11,2023,-79.76153846153846,3.126210592686,-14.466153846153844,-3.186509429963975
4LE1-12,2008,0.4484615384615438,-1.8546090794451473,-19.506153846153836,-2.4173806420851873
4LE1-12,2009,-117.22153846153847,-0.7798549810844904,3.093846153846158,-2.250759429963975
4LE1-12,2010,-19.751538461538473,-0.9636254728877702,-20.886153846153846,-0.6704260966306421
4LE1-12,2011,71.19846153846154,-2.1639533417402284,17.023846153846165,-3.9310927632973085
4LE1-12,2012,35.40846153846152,1.3347351828499363,22.763846153846146,4.532040845518118
4LE1-12,2013,53.99846153846153,-2.008051702395967,24.16384615384615,-4.409842763297308
4LE1-12,2014,175.4884615384615,-1.1882156368221963,-2.8561538461538447,-3.2260927632973084
4LE1-12,2015,37.178461538461534,-1.0300189155107198,-75.92615384615384,0.6533239033693579
4LE1-12,2016,-111.86153846153846,1.4212925598991148,-22.746153846153845,1.5977433248569617
4LE1-12,2017,10.348461538461521,-0.1177238335435078,-32.826153846153844,1.190907236702691
4LE1-12,2018,-22.16153846153847,2.4632597730138706,-9.916153846153847,-3.0162594299639753
4LE1-12,2019,81.65846153846152,-1.6621500630517048,53.81384615384616,-4.6617594299639755
4LE1-12,2020,-43.86153846153846,0.20621059268600206,-74.58615384615385,-0.4396946916719644
4LE1-12,2021,-91.20153846153846,2.1175220680958375,22.12384615384616,0.3259905700360246
4LE1-12,2022,7.738461538461536,0.40358764186633067,-12.526153846153846,-3.1048427632973086
4LE1-12,2023,-79.76153846153846,3.126210592686,-14.466153846153844,-3.186509429963975
4LE1-13,2008,0.4484615384615438,-1.8546090794451473,-19.506153846153836,-2.4173806420851873
4LE1-13,2009,-117.22153846153847,-0.7798549810844904,3.093846153846158,-2.250759429963975
4LE1-13,2010,-19.751538461538473,-0.9636254728877702,-20.886153846153846,-0.6704260966306421
4LE1-13,2011,71.19846153846154,-2.1639533417402284,17.023846153846165,-3.9310927632973085
4LE1-13,2012,35.40846153846152,1.3347351828499363,22.763846153846146,4.532040845518118
4LE1-13,2013,53.99846153846153,-2.008051702395967,24.16384615384615,-4.409842763297308
4LE1-13,2014,175.4884615384615,-1.1882156368221963,-2.8561538461538447,-3.2260927632973084
4LE1-13,2015,37.178461538461534,-1.0300189155107198,-75.92615384615384,0.6533239033693579
4LE1-13,2016,-111.86153846153846,1.4212925598991148,-22.746153846153845,1.5977433248569617
4LE1-13,2017,10.348461538461521,-0.1177238335435078,-32.826153846153844,1.190907236702691
4LE1-13,2018,-22.16153846153847,2.4632597730138706,-9.916153846153847,-3.0162594299639753
4LE1-13,2019,81.65846153846152,-1.6621500630517048,53.81384615384616,-4.6617594299639755
4LE1-13,2020,-43.86153846153846,0.20621059268600206,-74.58615384615385,-0.4396946916719644
4LE1-13,2021,-91.20153846153846,2.1175220680958375,22.12384615384616,0.3259905700360246
4LE1-13,2022,7.738461538461536,0.40358764186633067,-12.526153846153846,-3.1048427632973086
4LE1-13,2023,-79.76153846153846,3.126210592686,-14.466153846153844,-3.186509429963975
4LE1-23,2008,0.20269230769230262,-1.845498108448929,-19.18807692307692,-2.4125090856113585
4LE1-23,2009,-117.34730769230771,-0.7650063051702425,2.7919230769230694,-2.2427039891926257
4LE1-23,2010,-19.967307692307713,-0.9541866330390931,-21.28807692307693,-0.6697873225259592
4LE1-23,2011,70.68269230769229,-2.1591046658259785,16.731923076923067,-3.9237039891926258
4LE1-23,2012,35.35269230769231,1.343026481715004,20.79192307692307,4.541457856537402
4LE1-23,2013,55.21269230769229,-2.005498108448929,24.381923076923073,-4.405953989192626
4LE1-23,2014,177.6726923076923,-1.1795964691046663,-2.4180769230769243,-3.2267039891926257
4LE1-23,2015,38.44269230769231,-1.0166456494325367,-76.32807692307692,0.6586293441407074
4LE1-23,2016,-111.9173076923077,1.425485498108447,-22.95807692307693,1.6007140548845094
4LE1-23,2017,11.042692307692306,-0.10795712484237185,-33.46807692307692,1.2021293441407073
4LE1-23,2018,-24.427307692307693,2.4700756620428734,-9.998076923076923,-3.007537322525959
4LE1-23,2019,82.32269230769231,-1.652875157629257,52.13192307692307,-4.645787322525959
4LE1-23,2020,-42.34730769230771,0.217944514501891,-74.87807692307692,-0.4401123913964824
4LE1-23,2021,-90.2173076923077,2.1231904161412345,20.82192307692307,0.330712677474041
4LE1-23,2022,12.972692307692313,0.4138461538461513,-12.93807692307692,-3.109537322525959
4LE1-23,2023,-80.20730769230771,3.1300756620428736,-15.648076923076928,-3.180287322525959
4LE1-25,2008,0.20269230769230262,-1.845498108448929,-19.18807692307692,-2.4125090856113585
4LE1-25,2009,-117.34730769230771,-0.7650063051702425,2.7919230769230694,-2.2427039891926257
4LE1-25,2010,-19.967307692307713,-0.9541866330390931,-21.28807692307693,-0.6697873225259592
4LE1-25,2011,70.68269230769229,-2.1591046658259785,16.731923076923067,-3.9237039891926258
4LE1-25,2012,35.35269230769231,1.343026481715004,20.79192307692307,4.541457856537402
4LE1-25,2013,55.21269230769229,-2.005498108448929,24.381923076923073,-4.405953989192626
4LE1-25,2014,177.6726923076923,-1.1795964691046663,-2.4180769230769243,-3.2267039891926257
4LE1-25,2015,38.44269230769231,-1.0166456494325367,-76.32807692307692,0.6586293441407074
4LE1-25,2016,-111.9173076923077,1.425485498108447,-22.95807692307693,1.6007140548845094
4LE1-25,2017,11.042692307692306,-0.10795712484237185,-33.46807692307692,1.2021293441407073
4LE1-25,2018,-24.427307692307693,2.4700756620428734,-9.998076923076923,-3.007537322525959
4LE1-25,2019,82.32269230769231,-1.652875157629257,52.13192307692307,-4.645787322525959
4LE1-25,2020,-42.34730769230771,0.217944514501891,-74.87807692307692,-0.4401123913964824
4LE1-25,2021,-90.2173076923077,2.1231904161412345,20.82192307692307,0.330712677474041
4LE1-25,2022,12.972692307692313,0.4138461538461513,-12.93807692307692,-3.109537322525959
4LE1-25,2023,-80.20730769230771,3.1300756620428736,-15.648076923076928,-3.180287322525959
4LE2-01,2008,-15.322692307692307,-1.6199117276166461,-23.256923076923087,-2.322519760542488
4LE2-01,2009,-106.77269230769231,-0.453846153846154,16.05307692307693,-1.992986013986014
4LE2-01,2010,2.927307692307693,-0.6835182849936956,-21.006923076923073,-0.41631934731934717
4LE2-01,2011,50.227307692307676,-1.8733543505674675,44.653076923076924,-3.711986013986014
4LE2-01,2012,45.80730769230769,1.5554981084489263,35.3630769230769,4.737149660945115
4LE2-01,2013,72.5173076923077,-1.809747793190418,46.133076923076914,-4.121652680652681
4LE2-01,2014,199.5473076923077,-0.8784363177805794,19.29307692307691,-3.2053193473193473
4LE2-01,2015,45.51730769230767,-0.7249936948297595,-73.21692307692308,0.7316806526806525
4LE2-01,2016,-105.50269230769231,1.6104161412358131,-7.916923076923084,1.7453314791269339
4LE2-01,2017,4.277307692307687,0.0717276166456493,-20.866923076923086,1.5186806526806524
4LE2-01,2018,7.907307692307683,2.651563682219418,-4.43692307692308,-2.7778193473193475
4LE2-01,2019,73.65730769230768,-1.3669609079445166,63.883076923076914,-4.1721526806526805
4LE2-01,2020,-5.662692307692311,0.6769735182849921,-58.02692307692308,-0.10053628946810766
4LE2-01,2021,-101.82269230769232,2.490416141235812,22.993076923076927,0.5265973193473195
4LE2-01,2022,13.707307692307694,0.7830390920554855,-27.336923076923085,-2.867736013986014
4LE2-01,2023,-101.98269230769232,3.40484237074401,-4.106923076923081,-2.849236013986014
4LE2-02,2008,-7.5615384615384755,-1.6211349306431266,-23.042692307692306,-2.312237258953168
4LE2-02,2009,-107.04153846153847,-0.45162673392181674,15.897307692307692,-1.9809390495867767
4LE2-02,2010,4.418461538461543,-0.6765447667087017,-21.572692307692307,-0.43018904958677684
4LE2-02,2011,50.51846153846154,-1.8668726355611582,44.64730769230769,-3.7101890495867766
4LE2-02,2012,46.35846153846154,1.5691929382093335,35.50730769230768,4.752804063360881
4LE2-02,2013,71.17846153846153,-1.8083480453972243,42.8573076923077,-4.126355716253443
4LE2-02,2014,195.97846153846154,-0.8681841109709936,18.6373076923077,-3.19777238292011
4LE2-02,2015,44.468461538461526,-0.720151324085748,-74.25269230769231,0.736060950413223
4LE2-02,2016,-104.74153846153847,1.6288650693568734,-12.122692307692319,1.7408205922865019
4LE2-02,2017,5.31846153846152,0.0854224464060529,-20.342692307692317,1.5168109504132232
4LE2-02,2018,8.128461538461522,2.650832282471626,-6.032692307692315,-2.7891057162534434
4LE2-02,2019,71.00846153846152,-1.365561160151323,62.39730769230769,-4.17427238292011
4LE2-02,2020,-7.651538461538479,0.6737831021437586,-56.902692307692305,-0.10744387052341597
4LE2-02,2021,-101.01153846153846,2.503127364438839,22.257307692307677,0.5334776170798898
4LE2-02,2022,13.798461538461538,0.7877175283732676,-27.482692307692304,-2.8624390495867766
4LE2-02,2023,-99.96153846153847,3.387553593947036,-4.27269230769231,-2.8590223829201102
4LE2-03,2008,-7.5615384615384755,-1.6211349306431266,-23.042692307692306,-2.312237258953168
4LE2-03,2009,-107.04153846153847,-0.45162673392181674,15.897307692307692,-1.9809390495867767
4LE2-03,2010,4.418461538461543,-0.6765447667087017,-21.572692307692307,-0.43018904958677684
4LE2-03,2011,50.51846153846154,-1.8668726355611582,44.64730769230769,-3.7101890495867766
4LE2-03,2012,46.35846153846154,1.5691929382093335,35.50730769230768,4.752804063360881
4LE2-03,2013,71.17846153846153,-1.8083480453972243,42.8573076923077,-4.126355716253443
4LE2-03,2014,195.97846153846154,-0.8681841109709936,18.6373076923077,-3.19777238292011
4LE2-03,2015,44.468461538461526,-0.720151324085748,-74.25269230769231,0.736060950413223
4LE2-03,2016,-104.74153846153847,1.6288650693568734,-12.122692307692319,1.7408205922865019
4LE2-03,2017,5.31846153846152,0.0854224464060529,-20.342692307692317,1.5168109504132232
4LE2-03,2018,8.128461538461522,2.650832282471626,-6.032692307692315,-2.7891057162534434
4LE2-03,2019,71.00846153846152,-1.365561160151323,62.39730769230769,-4.17427238292011
4LE2-03,2020,-7.651538461538479,0.6737831021437586,-56.902692307692305,-0.10744387052341597
4LE2-03,2021,-101.01153846153846,2.503127364438839,22.257307692307677,0.5334776170798898
4LE2-03,2022,13.798461538461538,0.7877175283732676,-27.482692307692304,-2.8624390495867766
4LE2-03,2023,-99.96153846153847,3.387553593947036,-4.27269230769231,-2.8590223829201102
4LE2-04,2008,-15.322692307692307,-1.6199117276166461,-23.256923076923087,-2.322519760542488
4LE2-04,2009,-106.77269230769231,-0.453846153846154,16.05307692307693,-1.992986013986014
4LE2-04,2010,2.927307692307693,-0.6835182849936956,-21.006923076923073,-0.41631934731934717
4LE2-04,2011,50.227307692307676,-1.8733543505674675,44.653076923076924,-3.711986013986014
4LE2-04,2012,45.80730769230769,1.5554981084489263,35.3630769230769,4.737149660945115
4LE2-04,2013,72.5173076923077,-1.809747793190418,46.133076923076914,-4.121652680652681
4LE2-04,2014,199.5473076923077,-0.8784363177805794,19.29307692307691,-3.2053193473193473
4LE2-04,2015,45.51730769230767,-0.7249936948297595,-73.21692307692308,0.7316806526806525
4LE2-04,2016,-105.50269230769231,1.6104161412358131,-7.916923076923084,1.7453314791269339
4LE2-04,2017,4.277307692307687,0.0717276166456493,-20.866923076923086,1.5186806526806524
4LE2-04,2018,7.907307692307683,2.651563682219418,-4.43692307692308,-2.7778193473193475
4LE2-04,2019,73.65730769230768,-1.3669609079445166,63.883076923076914,-4.1721526806526805
4LE2-04,2020,-5.662692307692311,0.6769735182849921,-58.02692307692308,-0.10053628946810766
4LE2-04,2021,-101.82269230769232,2.490416141235812,22.993076923076927,0.5265973193473195
4LE2-04,2022,13.707307692307694,0.7830390920554855,-27.336923076923085,-2.867736013986014
4LE2-04,2023,-101.98269230769232,3.40484237074401,-4.106923076923081,-2.849236013986014
4LE2-05,2008,-15.322692307692307,-1.6199117276166461,-23.256923076923087,-2.322519760542488
4LE2-05,2009,-106.77269230769231,-0.453846153846154,16.05307692307693,-1.992986013986014
4LE2-05,2010,2.927307692307693,-0.6835182849936956,-21.006923076923073,-0.41631934731934717
4LE2-05,2011,50.227307692307676,-1.8733543505674675,44.653076923076924,-3.711986013986014
4LE2-05,2012,45.80730769230769,1.5554981084489263,35.3630769230769,4.737149660945115
4LE2-05,2013,72.5173076923077,-1.809747793190418,46.133076923076914,-4.121652680652681
4LE2-05,2014,199.5473076923077,-0.8784363177805794,19.29307692307691,-3.2053193473193473
4LE2-05,2015,45.51730769230767,-0.7249936948297595,-73.21692307692308,0.7316806526806525
4LE2-05,2016,-105.50269230769231,1.6104161412358131,-7.916923076923084,1.7453314791269339
4LE2-05,2017,4.277307692307687,0.0717276166456493,-20.866923076923086,1.5186806526806524
4LE2-05,2018,7.907307692307683,2.651563682219418,-4.43692307692308,-2.7778193473193475
4LE2-05,2019,73.65730769230768,-1.3669609079445166,63.883076923076914,-4.1721526806526805
4LE2-05,2020,-5.662692307692311,0.6769735182849921,-58.02692307692308,-0.10053628946810766
4LE2-05,2021,-101.82269230769232,2.490416141235812,22.993076923076927,0.5265973193473195
4LE2-05,2022,13.707307692307694,0.7830390920554855,-27.336923076923085,-2.867736013986014
4LE2-05,2023,-101.98269230769232,3.40484237074401,-4.106923076923081,-2.849236013986014
4LE2-06,2008,-15.322692307692307,-1.6199117276166461,-23.256923076923087,-2.322519760542488
4LE2-06,2009,-106.77269230769231,-0.453846153846154,16.05307692307693,-1.992986013986014
4LE2-06,2010,2.927307692307693,-0.6835182849936956,-21.006923076923073,-0.41631934731934717
4LE2-06,2011,50.227307692307676,-1.8733543505674675,44.653076923076924,-3.711986013986014
4LE2-06,2012,45.80730769230769,1.5554981084489263,35.3630769230769,4.737149660945115
4LE2-06,2013,72.5173076923077,-1.809747793190418,46.133076923076914,-4.121652680652681
4LE2-06,2014,199.5473076923077,-0.8784363177805794,19.29307692307691,-3.2053193473193473
4LE2-06,2015,45.51730769230767,-0.7249936948297595,-73.21692307692308,0.7316806526806525
4LE2-06,2016,-105.50269230769231,1.6104161412358131,-7.916923076923084,1.7453314791269339
4LE2-06,2017,4.277307692307687,0.0717276166456493,-20.866923076923086,1.5186806526806524
4LE2-06,2018,7.907307692307683,2.651563682219418,-4.43692307692308,-2.7778193473193475
4LE2-06,2019,73.65730769230768,-1.3669609079445166,63.883076923076914,-4.1721526806526805
4LE2-06,2020,-5.662692307692311,0.6769735182849921,-58.02692307692308,-0.10053628946810766
4LE2-06,2021,-101.82269230769232,2.490416141235812,22.993076923076927,0.5265973193473195
4LE2-06,2022,13.707307692307694,0.7830390920554855,-27.336923076923085,-2.867736013986014
4LE2-06,2023,-101.98269230769232,3.40484237074401,-4.106923076923081,-2.849236013986014
4LE2-07,2008,-15.322692307692307,-1.6199117276166461,-23.256923076923087,-2.322519760542488
4LE2-07,2009,-106.77269230769231,-0.453846153846154,16.05307692307693,-1.992986013986014
4LE2-07,2010,2.927307692307693,-0.6835182849936956,-21.006923076923073,-0.41631934731934717
4LE2-07,2011,50.227307692307676,-1.8733543505674675,44.653076923076924,-3.711986013986014
4LE2-07,2012,45.80730769230769,1.5554981084489263,35.3630769230769,4.737149660945115
4LE2-07,2013,72.5173076923077,-1.809747793190418,46.133076923076914,-4.121652680652681
4LE2-07,2014,199.5473076923077,-0.8784363177805794,19.29307692307691,-3.2053193473193473
4LE2-07,2015,45.51730769230767,-0.7249936948297595,-73.21692307692308,0.7316806526806525
4LE2-07,2016,-105.50269230769231,1.6104161412358131,-7.916923076923084,1.7453314791269339
4LE2-07,2017,4.277307692307687,0.0717276166456493,-20.866923076923086,1.5186806526806524
4LE2-07,2018,7.907307692307683,2.651563682219418,-4.43692307692308,-2.7778193473193475
4LE2-07,2019,73.65730769230768,-1.3669609079445166,63.883076923076914,-4.1721526806526805
4LE2-07,2020,-5.662692307692311,0.6769735182849921,-58.02692307692308,-0.10053628946810766
4LE2-07,2021,-101.82269230769232,2.490416141235812,22.993076923076927,0.5265973193473195
4LE2-07,2022,13.707307692307694,0.7830390920554855,-27.336923076923085,-2.867736013986014
4LE2-07,2023,-101.98269230769232,3.40484237074401,-4.106923076923081,-2.849236013986014
4LE2-08,2008,-14.737307692307695,-1.635189155107188,-23.541538461538465,-2.336101557533376
4LE2-08,2009,-106.67730769230769,-0.4697793190416135,15.418461538461543,-2.0151917779190507
4LE2-08,2010,0.8426923076923174,-0.6999432534678434,-21.31153846153846,-0.43319177791905084
4LE2-08,2011,50.552692307692325,-1.8930580075662036,43.02846153846153,-3.725108444585717
4LE2-08,2012,44.42269230769233,1.544155107187894,34.89846153846153,4.723485219326128
4LE2-08,2013,73.0426923076923,-1.8130580075662053,44.39846153846153,-4.143525111252384
4LE2-08,2014,201.58269230769233,-0.8920744010088271,18.708461538461535,-3.202191777919051
4LE2-08,2015,44.282692307692315,-0.7297793190416151,-74.43153846153845,0.7358082220809496
4LE2-08,2016,-109.27730769230769,1.6010403530895339,-11.311538461538461,1.7381959631277812
4LE2-08,2017,3.4826923076923038,0.06628625472887606,-21.601538461538453,1.5066415554142827
4LE2-08,2018,6.252692307692314,2.6500567465321545,-5.301538461538456,-2.787775111252384
4LE2-08,2019,74.8926923076923,-1.376008827238337,57.718461538461526,-4.195108444585717
4LE2-08,2020,-3.5773076923076985,0.6936633039092044,-58.60153846153847,-0.10791973935155763
4LE2-08,2021,-102.29730769230768,2.4813682219419917,23.198461538461544,0.5203915554142826
4LE2-08,2022,13.1426923076923,0.7964501891551059,-27.381538461538454,-2.8722751112523843
4LE2-08,2023,-99.41730769230769,3.4018600252206816,-6.28153846153846,-2.8731084445857173
4LE2-09,2008,-14.737307692307695,-1.635189155107188,-23.541538461538465,-2.336101557533376
4LE2-09,2009,-106.67730769230769,-0.4697793190416135,15.418461538461543,-2.0151917779190507
4LE2-09,2010,0.8426923076923174,-0.6999432534678434,-21.31153846153846,-0.43319177791905084
4LE2-09,2011,50.552692307692325,-1.8930580075662036,43.02846153846153,-3.725108444585717
4LE2-09,2012,44.42269230769233,1.544155107187894,34.89846153846153,4.723485219326128
4LE2-09,2013,73.0426923076923,-1.8130580075662053,44.39846153846153,-4.143525111252384
4LE2-09,2014,201.58269230769233,-0.8920744010088271,18.708461538461535,-3.202191777919051
4LE2-09,2015,44.282692307692315,-0.7297793190416151,-74.43153846153845,0.7358082220809496
4LE2-09,2016,-109.27730769230769,1.6010403530895339,-11.311538461538461,1.7381959631277812
4LE2-09,2017,3.4826923076923038,0.06628625472887606,-21.601538461538453,1.5066415554142827
4LE2-09,2018,6.252692307692314,2.6500567465321545,-5.301538461538456,-2.787775111252384
4LE2-09,2019,74.8926923076923,-1.376008827238337,57.718461538461526,-4.195108444585717
4LE2-09,2020,-3.5773076923076985,0.6936633039092044,-58.60153846153847,-0.10791973935155763
4LE2-09,2021,-102.29730769230768,2.4813682219419917,23.198461538461544,0.5203915554142826
4LE2-09,2022,13.1426923076923,0.7964501891551059,-27.381538461538454,-2.8722751112523843
4LE2-09,2023,-99.41730769230769,3.4018600252206816,-6.28153846153846,-2.8731084445857173
4LE2-10,2008,-14.737307692307695,-1.635189155107188,-23.541538461538465,-2.336101557533376
4LE2-10,2009,-106.67730769230769,-0.4697793190416135,15.418461538461543,-2.0151917779190507
4LE2-10,2010,0.8426923076923174,-0.6999432534678434,-21.31153846153846,-0.43319177791905084
4LE2-10,2011,50.552692307692325,-1.8930580075662036,43.02846153846153,-3.725108444585717
4LE2-10,2012,44.42269230769233,1.544155107187894,34.89846153846153,4.723485219326128
4LE2-10,2013,73.0426923076923,-1.8130580075662053,44.39846153846153,-4.143525111252384
4LE2-10,2014,201.58269230769233,-0.8920744010088271,18.708461538461535,-3.202191777919051
4LE2-10,2015,44.282692307692315,-0.7297793190416151,-74.43153846153845,0.7358082220809496
4LE2-10,2016,-109.27730769230769,1.6010403530895339,-11.311538461538461,1.7381959631277812
4LE2-10,2017,3.4826923076923038,0.06628625472887606,-21.601538461538453,1.5066415554142827
4LE2-10,2018,6.252692307692314,2.6500567465321545,-5.301538461538456,-2.787775111252384
4LE2-10,2019,74.8926923076923,-1.376008827238337,57.718461538461526,-4.195108444585717
4LE2-10,2020,-3.5773076923076985,0.6936633039092044,-58.60153846153847,-0.10791973935155763
4LE2-10,2021,-102.29730769230768,2.4813682219419917,23.198461538461544,0.5203915554142826
4LE2-10,2022,13.1426923076923,0.7964501891551059,-27.381538461538454,-2.8722751112523843
4LE2-10,2023,-99.41730769230769,3.4018600252206816,-6.28153846153846,-2.8731084445857173
4LE2-11,2008,-15.16153846153847,-1.636488020176543,-23.473076923076917,-2.346863000635728
4LE2-11,2009,-111.01153846153846,-0.47402900378310164,15.766923076923092,-2.028527601186692
4LE2-11,2010,-0.6715384615384608,-0.7066519546027727,-20.653076923076924,-0.4227776011866924
4LE2-11,2011,50.53846153846155,-1.8984552332912976,42.94692307692307,-3.7266109345200253
4LE2-11,2012,54.10846153846154,1.5335119798234587,35.18692307692308,4.710905594405594
4LE2-11,2013,74.33846153846153,-1.8123896595208038,47.066923076923075,-4.1413609345200255
4LE2-11,2014,202.74846153846153,-0.8999306431273624,18.596923076923076,-3.207777601186692
4LE2-11,2015,45.01846153846154,-0.7330453972257231,-73.51307692307691,0.7321390654799744
4LE2-11,2016,-109.98153846153846,1.5966267339218163,-10.973076923076917,1.7482609663064208
4LE2-11,2017,3.128461538461522,0.06433165195460333,-22.193076923076916,1.5141390654799745
4LE2-11,2018,5.458461538461535,2.660725094577554,-1.503076923076918,-2.771444267853359
4LE2-11,2019,74.08846153846153,-1.3750126103404767,58.26692307692309,-4.1919442678533585
4LE2-11,2020,-4.43153846153848,0.6889218158890316,-59.17307692307692,-0.10636713286713295
4LE2-11,2021,-102.62153846153846,2.4751513240857506,23.586923076923085,0.5167223988133078
4LE2-11,2022,13.138461538461542,0.7967906683480486,-27.603076923076912,-2.8756109345200254
4LE2-11,2023,-101.22153846153847,3.417118537200505,-6.473076923076917,-2.866694267853359
4LE2-12,2008,-14.737307692307695,-1.635189155107188,-23.541538461538465,-2.336101557533376
4LE2-12,2009,-106.67730769230769,-0.4697793190416135,15.418461538461543,-2.0151917779190507
4LE2-12,2010,0.8426923076923174,-0.6999432534678434,-21.31153846153846,-0.43319177791905084
4LE2-12,2011,50.552692307692325,-1.8930580075662036,43.02846153846153,-3.725108444585717
4LE2-12,2012,44.42269230769233,1.544155107187894,34.89846153846153,4.723485219326128
4LE2-12,2013,73.0426923076923,-1.8130580075662053,44.39846153846153,-4.143525111252384
4LE2-12,2014,201.58269230769233,-0.8920744010088271,18.708461538461535,-3.202191777919051
4LE2-12,2015,44.282692307692315,-0.7297793190416151,-74.43153846153845,0.7358082220809496
4LE2-12,2016,-109.27730769230769,1.6010403530895339,-11.311538461538461,1.7381959631277812
4LE2-12,2017,3.4826923076923038,0.06628625472887606,-21.601538461538453,1.5066415554142827
4LE2-12,2018,6.252692307692314,2.6500567465321545,-5.301538461538456,-2.787775111252384
4LE2-12,2019,74.8926923076923,-1.376008827238337,57.718461538461526,-4.195108444585717
4LE2-12,2020,-3.5773076923076985,0.6936633039092044,-58.60153846153847,-0.10791973935155763
4LE2-12,2021,-102.29730769230768,2.4813682219419917,23.198461538461544,0.5203915554142826
4LE2-12,2022,13.1426923076923,0.7964501891551059,-27.381538461538454,-2.8722751112523843
4LE2-12,2023,-99.41730769230769,3.4018600252206816,-6.28153846153846,-2.8731084445857173
4LE2-13,2008,-14.737307692307695,-1.635189155107188,-23.541538461538465,-2.336101557533376
4LE2-13,2009,-106.67730769230769,-0.4697793190416135,15.418461538461543,-2.0151917779190507
4LE2-13,2010,0.8426923076923174,-0.6999432534678434,-21.31153846153846,-0.43319177791905084
4LE2-13,2011,50.552692307692325,-1.8930580075662036,43.02846153846153,-3.725108444585717
4LE2-13,2012,44.42269230769233,1.544155107187894,34.89846153846153,4.723485219326128
4LE2-13,2013,73.0426923076923,-1.8130580075662053,44.39846153846153,-4.143525111252384
4LE2-13,2014,201.58269230769233,-0.8920744010088271,18.708461538461535,-3.202191777919051
4LE2-13,2015,44.282692307692315,-0.7297793190416151,-74.43153846153845,0.7358082220809496
4LE2-13,2016,-109.27730769230769,1.6010403530895339,-11.311538461538461,1.7381959631277812
4LE2-13,2017,3.4826923076923038,0.06628625472887606,-21.601538461538453,1.5066415554142827
4LE2-13,2018,6.252692307692314,2.6500567465321545,-5.301538461538456,-2.787775111252384
4LE2-13,2019,74.8926923076923,-1.376008827238337,57.718461538461526,-4.195108444585717
4LE2-13,2020,-3.5773076923076985,0.6936633039092044,-58.60153846153847,-0.10791973935155763
4LE2-13,2021,-102.29730769230768,2.4813682219419917,23.198461538461544,0.5203915554142826
4LE2-13,2022,13.1426923076923,0.7964501891551059,-27.381538461538454,-2.8722751112523843
4LE2-13,2023,-99.41730769230769,3.4018600252206816,-6.28153846153846,-2.8731084445857173
4LE2-14,2008,-14.737307692307695,-1.635189155107188,-23.541538461538465,-2.336101557533376
4LE2-14,2009,-106.67730769230769,-0.4697793190416135,15.418461538461543,-2.0151917779190507
4LE2-14,2010,0.8426923076923174,-0.6999432534678434,-21.31153846153846,-0.43319177791905084
4LE2-14,2011,50.552692307692325,-1.8930580075662036,43.02846153846153,-3.725108444585717
4LE2-14,2012,44.42269230769233,1.544155107187894,34.89846153846153,4.723485219326128
4LE2-14,2013,73.0426923076923,-1.8130580075662053,44.39846153846153,-4.143525111252384
4LE2-14,2014,201.58269230769233,-0.8920744010088271,18.708461538461535,-3.202191777919051
4LE2-14,2015,44.282692307692315,-0.7297793190416151,-74.43153846153845,0.7358082220809496
4LE2-14,2016,-109.27730769230769,1.6010403530895339,-11.311538461538461,1.7381959631277812
4LE2-14,2017,3.4826923076923038,0.06628625472887606,-21.601538461538453,1.5066415554142827
4LE2-14,2018,6.252692307692314,2.6500567465321545,-5.301538461538456,-2.787775111252384
4LE2-14,2019,74.8926923076923,-1.376008827238337,57.718461538461526,-4.195108444585717
4LE2-14,2020,-3.5773076923076985,0.6936633039092044,-58.60153846153847,-0.10791973935155763
4LE2-14,2021,-102.29730769230768,2.4813682219419917,23.198461538461544,0.5203915554142826
4LE2-14,2022,13.1426923076923,0.7964501891551059,-27.381538461538454,-2.8722751112523843
4LE2-14,2023,-99.41730769230769,3.4018600252206816,-6.28153846153846,-2.8731084445857173
4LE2-15,2008,-14.737307692307695,-1.635189155107188,-23.541538461538465,-2.336101557533376
4LE2-15,2009,-106.67730769230769,-0.4697793190416135,15.418461538461543,-2.0151917779190507
4LE2-15,2010,0.8426923076923174,-0.6999432534678434,-21.31153846153846,-0.43319177791905084
4LE2-15,2011,50.552692307692325,-1.8930580075662036,43.02846153846153,-3.725108444585717
4LE2-15,2012,44.42269230769233,1.544155107187894,34.89846153846153,4.723485219326128
4LE2-15,2013,73.0426923076923,-1.8130580075662053,44.39846153846153,-4.143525111252384
4LE2-15,2014,201.58269230769233,-0.8920744010088271,18.708461538461535,-3.202191777919051
4LE2-15,2015,44.282692307692315,-0.7297793190416151,-74.43153846153845,0.7358082220809496
4LE2-15,2016,-109.27730769230769,1.6010403530895339,-11.311538461538461,1.7381959631277812
4LE2-15,2017,3.4826923076923038,0.06628625472887606,-21.601538461538453,1.5066415554142827
4LE2-15,2018,6.252692307692314,2.6500567465321545,-5.301538461538456,-2.787775111252384
4LE2-15,2019,74.8926923076923,-1.376008827238337,57.718461538461526,-4.195108444585717
4LE2-15,2020,-3.5773076923076985,0.6936633039092044,-58.60153846153847,-0.10791973935155763
4LE2-15,2021,-102.29730769230768,2.4813682219419917,23.198461538461544,0.5203915554142826
4LE2-15,2022,13.1426923076923,0.7964501891551059,-27.381538461538454,-2.8722751112523843
4LE2-15,2023,-99.41730769230769,3.4018600252206816,-6.28153846153846,-2.8731084445857173
4LE2-16,2008,-14.737307692307695,-1.635189155107188,-23.541538461538465,-2.336101557533376
4LE2-16,2009,-106.67730769230769,-0.4697793190416135,15.418461538461543,-2.0151917779190507
4LE2-16,2010,0.8426923076923174,-0.6999432534678434,-21.31153846153846,-0.43319177791905084
4LE2-16,2011,50.552692307692325,-1.8930580075662036,43.02846153846153,-3.725108444585717
4LE2-16,2012,44.42269230769233,1.544155107187894,34.89846153846153,4.723485219326128
4LE2-16,2013,73.0426923076923,-1.8130580075662053,44.39846153846153,-4.143525111252384
4LE2-16,2014,201.58269230769233,-0.8920744010088271,18.708461538461535,-3.202191777919051
4LE2-16,2015,44.282692307692315,-0.7297793190416151,-74.43153846153845,0.7358082220809496
4LE2-16,2016,-109.27730769230769,1.6010403530895339,-11.311538461538461,1.7381959631277812
4LE2-16,2017,3.4826923076923038,0.06628625472887606,-21.601538461538453,1.5066415554142827
4LE2-16,2018,6.252692307692314,2.6500567465321545,-5.301538461538456,-2.787775111252384
4LE2-16,2019,74.8926923076923,-1.376008827238337,57.718461538461526,-4.195108444585717
4LE2-16,2020,-3.5773076923076985,0.6936633039092044,-58.60153846153847,-0.10791973935155763
4LE2-16,2021,-102.29730769230768,2.4813682219419917,23.198461538461544,0.5203915554142826
4LE2-16,2022,13.1426923076923,0.7964501891551059,-27.381538461538454,-2.8722751112523843
4LE2-16,2023,-99.41730769230769,3.4018600252206816,-6.28153846153846,-2.8731084445857173
4LE2-17,2008,-14.737307692307695,-1.635189155107188,-23.541538461538465,-2.336101557533376
4LE2-17,2009,-106.67730769230769,-0.4697793190416135,15.418461538461543,-2.0151917779190507
4LE2-17,2010,0.8426923076923174,-0.6999432534678434,-21.31153846153846,-0.43319177791905084
4LE2-17,2011,50.552692307692325,-1.8930580075662036,43.02846153846153,-3.725108444585717
4LE2-17,2012,44.42269230769233,1.544155107187894,34.89846153846153,4.723485219326128
4LE2-17,2013,73.0426923076923,-1.8130580075662053,44.39846153846153,-4.143525111252384
4LE2-17,2014,201.58269230769233,-0.8920744010088271,18.708461538461535,-3.202191777919051
4LE2-17,2015,44.282692307692315,-0.7297793190416151,-74.43153846153845,0.7358082220809496
4LE2-17,2016,-109.27730769230769,1.6010403530895339,-11.311538461538461,1.7381959631277812
4LE2-17,2017,3.4826923076923038,0.06628625472887606,-21.601538461538453,1.5066415554142827
4LE2-17,2018,6.252692307692314,2.6500567465321545,-5.301538461538456,-2.787775111252384
4LE2-17,2019,74.8926923076923,-1.376008827238337,57.718461538461526,-4.195108444585717
4LE2-17,2020,-3.5773076923076985,0.6936633039092044,-58.60153846153847,-0.10791973935155763
4LE2-17,2021,-102.29730769230768,2.4813682219419917,23.198461538461544,0.5203915554142826
4LE2-17,2022,13.1426923076923,0.7964501891551059,-27.381538461538454,-2.8722751112523843
4LE2-17,2023,-99.41730769230769,3.4018600252206816,-6.28153846153846,-2.8731084445857173
4LE2-18,2008,-14.737307692307695,-1.635189155107188,-23.541538461538465,-2.336101557533376
4LE2-18,2009,-106.67730769230769,-0.4697793190416135,15.418461538461543,-2.0151917779190507
4LE2-18,2010,0.8426923076923174,-0.6999432534678434,-21.31153846153846,-0.43319177791905084
4LE2-18,2011,50.552692307692325,-1.8930580075662036,43.02846153846153,-3.725108444585717
4LE2-18,2012,44.42269230769233,1.544155107187894,34.89846153846153,4.723485219326128
4LE2-18,2013,73.0426923076923,-1.8130580075662053,44.39846153846153,-4.143525111252384
4LE2-18,2014,201.58269230769233,-0.8920744010088271,18.708461538461535,-3.202191777919051
4LE2-18,2015,44.282692307692315,-0.7297793190416151,-74.43153846153845,0.7358082220809496
4LE2-18,2016,-109.27730769230769,1.6010403530895339,-11.311538461538461,1.7381959631277812
4LE2-18,2017,3.4826923076923038,0.06628625472887606,-21.601538461538453,1.5066415554142827
4LE2-18,2018,6.252692307692314,2.6500567465321545,-5.301538461538456,-2.787775111252384
4LE2-18,2019,74.8926923076923,-1.376008827238337,57.718461538461526,-4.195108444585717
4LE2-18,2020,-3.5773076923076985,0.6936633039092044,-58.60153846153847,-0.10791973935155763
4LE2-18,2021,-102.29730769230768,2.4813682219419917,23.198461538461544,0.5203915554142826
4LE2-18,2022,13.1426923076923,0.7964501891551059,-27.381538461538454,-2.8722751112523843
4LE2-18,2023,-99.41730769230769,3.4018600252206816,-6.28153846153846,-2.8731084445857173
4LE2-25,2008,-15.16153846153847,-1.636488020176543,-23.473076923076917,-2.346863000635728
4LE2-25,2009,-111.01153846153846,-0.47402900378310164,15.766923076923092,-2.028527601186692
4LE2-25,2010,-0.6715384615384608,-0.7066519546027727,-20.653076923076924,-0.4227776011866924
4LE2-25,2011,50.53846153846155,-1.8984552332912976,42.94692307692307,-3.7266109345200253
4LE2-25,2012,54.10846153846154,1.5335119798234587,35.18692307692308,4.710905594405594
4LE2-25,2013,74.33846153846153,-1.8123896595208038,47.066923076923075,-4.1413609345200255
4LE2-25,2014,202.74846153846153,-0.8999306431273624,18.596923076923076,-3.207777601186692
4LE2-25,2015,45.01846153846154,-0.7330453972257231,-73.51307692307691,0.7321390654799744
4LE2-25,2016,-109.98153846153846,1.5966267339218163,-10.973076923076917,1.7482609663064208
4LE2-25,2017,3.128461538461522,0.06433165195460333,-22.193076923076916,1.5141390654799745
4LE2-25,2018,5.458461538461535,2.660725094577554,-1.503076923076918,-2.771444267853359
4LE2-25,2019,74.08846153846153,-1.3750126103404767,58.26692307692309,-4.1919442678533585
4LE2-25,2020,-4.43153846153848,0.6889218158890316,-59.17307692307692,-0.10636713286713295
4LE2-25,2021,-102.62153846153846,2.4751513240857506,23.586923076923085,0.5167223988133078
4LE2-25,2022,13.138461538461542,0.7967906683480486,-27.603076923076912,-2.8756109345200254
4LE2-25,2023,-101.22153846153847,3.417118537200505,-6.473076923076917,-2.866694267853359
4LE2-27,2008,-15.16153846153847,-1.636488020176543,-23.473076923076917,-2.346863000635728
4LE2-27,2009,-111.01153846153846,-0.47402900378310164,15.766923076923092,-2.028527601186692
4LE2-27,2010,-0.6715384615384608,-0.7066519546027727,-20.653076923076924,-0.4227776011866924
4LE2-27,2011,50.53846153846155,-1.8984552332912976,42.94692307692307,-3.7266109345200253
4LE2-27,2012,54.10846153846154,1.5335119798234587,35.18692307692308,4.710905594405594
4LE2-27,2013,74.33846153846153,-1.8123896595208038,47.066923076923075,-4.1413609345200255
4LE2-27,2014,202.74846153846153,-0.8999306431273624,18.596923076923076,-3.207777601186692
4LE2-27,2015,45.01846153846154,-0.7330453972257231,-73.51307692307691,0.7321390654799744
4LE2-27,2016,-109.98153846153846,1.5966267339218163,-10.973076923076917,1.7482609663064208
4LE2-27,2017,3.128461538461522,0.06433165195460333,-22.193076923076916,1.5141390654799745
4LE2-27,2018,5.458461538461535,2.660725094577554,-1.503076923076918,-2.771444267853359
4LE2-27,2019,74.08846153846153,-1.3750126103404767,58.26692307692309,-4.1919442678533585
4LE2-27,2020,-4.43153846153848,0.6889218158890316,-59.17307692307692,-0.10636713286713295
4LE2-27,2021,-102.62153846153846,2.4751513240857506,23.586923076923085,0.5167223988133078
4LE2-27,2022,13.138461538461542,0.7967906683480486,-27.603076923076912,-2.8756109345200254
4LE2-27,2023,-101.22153846153847,3.417118537200505,-6.473076923076917,-2.866694267853359
4LE2-36,2008,-15.322692307692307,-1.6199117276166461,-23.256923076923087,-2.322519760542488
4LE2-36,2009,-106.77269230769231,-0.453846153846154,16.05307692307693,-1.992986013986014
4LE2-36,2010,2.927307692307693,-0.6835182849936956,-21.006923076923073,-0.41631934731934717
4LE2-36,2011,50.227307692307676,-1.8733543505674675,44.653076923076924,-3.711986013986014
4LE2-36,2012,45.80730769230769,1.5554981084489263,35.3630769230769,4.737149660945115
4LE2-36,2013,72.5173076923077,-1.809747793190418,46.133076923076914,-4.121652680652681
4LE2-36,2014,199.5473076923077,-0.8784363177805794,19.29307692307691,-3.2053193473193473
4LE2-36,2015,45.51730769230767,-0.7249936948297595,-73.21692307692308,0.7316806526806525
4LE2-36,2016,-105.50269230769231,1.6104161412358131,-7.916923076923084,1.7453314791269339
4LE2-36,2017,4.277307692307687,0.0717276166456493,-20.866923076923086,1.5186806526806524
4LE2-36,2018,7.907307692307683,2.651563682219418,-4.43692307692308,-2.7778193473193475
4LE2-36,2019,73.65730769230768,-1.3669609079445166,63.883076923076914,-4.1721526806526805
4LE2-36,2020,-5.662692307692311,0.6769735182849921,-58.02692307692308,-0.10053628946810766
4LE2-36,2021,-101.82269230769232,2.490416141235812,22.993076923076927,0.5265973193473195
4LE2-36,2022,13.707307692307694,0.7830390920554855,-27.336923076923085,-2.867736013986014
4LE2-36,2023,-101.98269230769232,3.40484237074401,-4.106923076923081,-2.849236013986014
4LE2-42,2008,-15.322692307692307,-1.6199117276166461,-23.256923076923087,-2.322519760542488
4LE2-42,2009,-106.77269230769231,-0.453846153846154,16.05307692307693,-1.992986013986014
4LE2-42,2010,2.927307692307693,-0.6835182849936956,-21.006923076923073,-0.41631934731934717
4LE2-42,2011,50.227307692307676,-1.8733543505674675,44.653076923076924,-3.711986013986014
4LE2-42,2012,45.80730769230769,1.5554981084489263,35.3630769230769,4.737149660945115
4LE2-42,2013,72.5173076923077,-1.809747793190418,46.133076923076914,-4.121652680652681
4LE2-42,2014,199.5473076923077,-0.8784363177805794,19.29307692307691,-3.2053193473193473
4LE2-42,2015,45.51730769230767,-0.7249936948297595,-73.21692307692308,0.7316806526806525
4LE2-42,2016,-105.50269230769231,1.6104161412358131,-7.916923076923084,1.7453314791269339
4LE2-42,2017,4.277307692307687,0.0717276166456493,-20.866923076923086,1.5186806526806524
4LE2-42,2018,7.907307692307683,2.651563682219418,-4.43692307692308,-2.7778193473193475
4LE2-42,2019,73.65730769230768,-1.3669609079445166,63.883076923076914,-4.1721526806526805
4LE2-42,2020,-5.662692307692311,0.6769735182849921,-58.02692307692308,-0.10053628946810766
4LE2-42,2021,-101.82269230769232,2.490416141235812,22.993076923076927,0.5265973193473195
4LE2-42,2022,13.707307692307694,0.7830390920554855,-27.336923076923085,-2.867736013986014
4LE2-42,2023,-101.98269230769232,3.40484237074401,-4.106923076923081,-2.849236013986014
4LE2-45,2008,-7.5615384615384755,-1.6211349306431266,-23.042692307692306,-2.312237258953168
4LE2-45,2009,-107.04153846153847,-0.45162673392181674,15.897307692307692,-1.9809390495867767
4LE2-45,2010,4.418461538461543,-0.6765447667087017,-21.572692307692307,-0.43018904958677684
4LE2-45,2011,50.51846153846154,-1.8668726355611582,44.64730769230769,-3.7101890495867766
4LE2-45,2012,46.35846153846154,1.5691929382093335,35.50730769230768,4.752804063360881
4LE2-45,2013,71.17846153846153,-1.8083480453972243,42.8573076923077,-4.126355716253443
4LE2-45,2014,195.97846153846154,-0.8681841109709936,18.6373076923077,-3.19777238292011
4LE2-45,2015,44.468461538461526,-0.720151324085748,-74.25269230769231,0.736060950413223
4LE2-45,2016,-104.74153846153847,1.6288650693568734,-12.122692307692319,1.7408205922865019
4LE2-45,2017,5.31846153846152,0.0854224464060529,-20.342692307692317,1.5168109504132232
4LE2-45,2018,8.128461538461522,2.650832282471626,-6.032692307692315,-2.7891057162534434
4LE2-45,2019,71.00846153846152,-1.365561160151323,62.39730769230769,-4.17427238292011
4LE2-45,2020,-7.651538461538479,0.6737831021437586,-56.902692307692305,-0.10744387052341597
4LE2-45,2021,-101.01153846153846,2.503127364438839,22.257307692307677,0.5334776170798898
4LE2-45,2022,13.798461538461538,0.7877175283732676,-27.482692307692304,-2.8624390495867766
4LE2-45,2023,-99.96153846153847,3.387553593947036,-4.27269230769231,-2.8590223829201102
4LE2-52,2008,-17.330384615384617,-1.6073707440100904,-23.675769230769234,-2.314500821148548
4LE2-52,2009,-108.03038461538462,-0.4455674653215631,16.19423076923077,-1.97605247404111
4LE2-52,2010,4.029615384615397,-0.6783543505674672,-20.66576923076923,-0.3956358073744437
4LE2-52,2011,48.949615384615385,-1.8642559899117295,45.93423076923078,-3.705469140707777
4LE2-52,2012,46.449615384615385,1.5550882723833546,36.48423076923076,4.738722319347319
4LE2-52,2013,71.04961538461538,-1.8163871374527112,47.21423076923075,-4.098885807374444
4LE2-52,2014,196.28961538461542,-0.878190416141237,18.844230769230776,-3.216469140707777
4LE2-52,2015,40.28961538461539,-0.7196658259773017,-71.88576923076923,0.7301141926255563
4LE2-52,2016,-101.88038461538461,1.6039407313997458,-8.955769230769235,1.7496314102564106
4LE2-52,2017,3.1296153846153913,0.06279319041614073,-20.845769230769235,1.5281141926255564
4LE2-52,2018,8.679615384615374,2.6421374527112214,-4.225769230769231,-2.7667191407077767
4LE2-52,2019,71.32961538461538,-1.3783543505674665,62.88423076923077,-4.15355247404111
4LE2-52,2020,-8.470384615384603,0.6501702395964664,-58.37576923076924,-0.09648429222292831
4LE2-52,2021,-101.47038461538462,2.480170239596468,23.19423076923077,0.5213641926255566
4LE2-52,2022,12.789615384615388,0.7637767969735165,-24.885769230769228,-2.860969140707777
4LE2-52,2023,-103.24038461538461,3.4063997477931878,-4.795769230769238,-2.81805247404111
4LE2-74,2008,-7.5615384615384755,-1.6211349306431266,-23.042692307692306,-2.312237258953168
4LE2-74,2009,-107.04153846153847,-0.45162673392181674,15.897307692307692,-1.9809390495867767
4LE2-74,2010,4.418461538461543,-0.6765447667087017,-21.572692307692307,-0.43018904958677684
4LE2-74,2011,50.51846153846154,-1.8668726355611582,44.64730769230769,-3.7101890495867766
4LE2-74,2012,46.35846153846154,1.5691929382093335,35.50730769230768,4.752804063360881
4LE2-74,2013,71.17846153846153,-1.8083480453972243,42.8573076923077,-4.126355716253443
4LE2-74,2014,195.97846153846154,-0.8681841109709936,18.6373076923077,-3.19777238292011
4LE2-74,2015,44.468461538461526,-0.720151324085748,-74.25269230769231,0.736060950413223
4LE2-74,2016,-104.74153846153847,1.6288650693568734,-12.122692307692319,1.7408205922865019
4LE2-74,2017,5.31846153846152,0.0854224464060529,-20.342692307692317,1.5168109504132232
4LE2-74,2018,8.128461538461522,2.650832282471626,-6.032692307692315,-2.7891057162534434
4LE2-74,2019,71.00846153846152,-1.365561160151323,62.39730769230769,-4.17427238292011
4LE2-74,2020,-7.651538461538479,0.6737831021437586,-56.902692307692305,-0.10744387052341597
4LE2-74,2021,-101.01153846153846,2.503127364438839,22.257307692307677,0.5334776170798898
4LE2-74,2022,13.798461538461538,0.7877175283732676,-27.482692307692304,-2.8624390495867766
4LE2-74,2023,-99.96153846153847,3.387553593947036,-4.27269230769231,-2.8590223829201102
4LE2-82,2008,-15.322692307692307,-1.6199117276166461,-23.256923076923087,-2.322519760542488
4LE2-82,2009,-106.77269230769231,-0.453846153846154,16.05307692307693,-1.992986013986014
4LE2-82,2010,2.927307692307693,-0.6835182849936956,-21.006923076923073,-0.41631934731934717
4LE2-82,2011,50.227307692307676,-1.8733543505674675,44.653076923076924,-3.711986013986014
4LE2-82,2012,45.80730769230769,1.5554981084489263,35.3630769230769,4.737149660945115
4LE2-82,2013,72.5173076923077,-1.809747793190418,46.133076923076914,-4.121652680652681
4LE2-82,2014,199.5473076923077,-0.8784363177805794,19.29307692307691,-3.2053193473193473
4LE2-82,2015,45.51730769230767,-0.7249936948297595,-73.21692307692308,0.7316806526806525
4LE2-82,2016,-105.50269230769231,1.6104161412358131,-7.916923076923084,1.7453314791269339
4LE2-82,2017,4.277307692307687,0.0717276166456493,-20.866923076923086,1.5186806526806524
4LE2-82,2018,7.907307692307683,2.651563682219418,-4.43692307692308,-2.7778193473193475
4LE2-82,2019,73.65730769230768,-1.3669609079445166,63.883076923076914,-4.1721526806526805
4LE2-82,2020,-5.662692307692311,0.6769735182849921,-58.02692307692308,-0.10053628946810766
4LE2-82,2021,-101.82269230769232,2.490416141235812,22.993076923076927,0.5265973193473195
4LE2-82,2022,13.707307692307694,0.7830390920554855,-27.336923076923085,-2.867736013986014
4LE2-82,2023,-101.98269230769232,3.40484237074401,-4.106923076923081,-2.849236013986014
4LE2-84,2008,-15.726923076923072,-1.6222005044136196,-23.163846153846166,-2.3319469696969697
4LE2-84,2009,-106.42692307692309,-0.457118537200504,16.296153846153828,-2.004204545454545
4LE2-84,2010,1.2930769230769101,-0.6887578814627986,-20.503846153846155,-0.4105378787878786
4LE2-84,2011,50.163076923076915,-1.8779382093316528,44.32615384615383,-3.713371212121212
4LE2-84,2012,45.28307692307692,1.5479634300126115,35.36615384615385,4.727557162534436
4LE2-84,2013,73.93307692307692,-1.807774274905423,48.38615384615383,-4.121871212121212
4LE2-84,2014,202.8330769230769,-0.8831841109709941,19.756153846153836,-3.2080378787878785
4LE2-84,2015,46.24307692307693,-0.7262988650693565,-72.98384615384616,0.7307121212121213
4LE2-84,2016,-106.61692307692309,1.6023896595208065,-7.583846153846153,1.7513588154269977
4LE2-84,2017,3.6730769230769056,0.06763556116015224,-21.323846153846162,1.5245454545454544
4LE2-84,2018,6.79307692307691,2.6574716267339227,-3.9638461538461627,-2.766787878787879
4LE2-84,2019,75.9930769230769,-1.362528373266077,58.196153846153834,-4.169871212121212
4LE2-84,2020,-3.8969230769230876,0.6907503152585122,-58.523846153846165,-0.09169903581267214
4LE2-84,2021,-102.07692307692308,2.488455233291301,23.266153846153827,0.5248787878787882
4LE2-84,2022,13.583076923076902,0.7899306431273665,-27.503846153846155,-2.870871212121212
4LE2-84,2023,-100.38692307692308,3.418127364438842,-4.083846153846153,-2.8467045454545454
4LE2-85,2008,-15.726923076923072,-1.6222005044136196,-23.163846153846166,-2.3319469696969697
4LE2-85,2009,-106.42692307692309,-0.457118537200504,16.296153846153828,-2.004204545454545
4LE2-85,2010,1.2930769230769101,-0.6887578814627986,-20.503846153846155,-0.4105378787878786
4LE2-85,2011,50.163076923076915,-1.8779382093316528,44.32615384615383,-3.713371212121212
4LE2-85,2012,45.28307692307692,1.5479634300126115,35.36615384615385,4.727557162534436
4LE2-85,2013,73.93307692307692,-1.807774274905423,48.38615384615383,-4.121871212121212
4LE2-85,2014,202.8330769230769,-0.8831841109709941,19.756153846153836,-3.2080378787878785
4LE2-85,2015,46.24307692307693,-0.7262988650693565,-72.98384615384616,0.7307121212121213
4LE2-85,2016,-106.61692307692309,1.6023896595208065,-7.583846153846153,1.7513588154269977
4LE2-85,2017,3.6730769230769056,0.06763556116015224,-21.323846153846162,1.5245454545454544
4LE2-85,2018,6.79307692307691,2.6574716267339227,-3.9638461538461627,-2.766787878787879
4LE2-85,2019,75.9930769230769,-1.362528373266077,58.196153846153834,-4.169871212121212
4LE2-85,2020,-3.8969230769230876,0.6907503152585122,-58.523846153846165,-0.09169903581267214
4LE2-85,2021,-102.07692307692308,2.488455233291301,23.266153846153827,0.5248787878787882
4LE2-85,2022,13.583076923076902,0.7899306431273665,-27.503846153846155,-2.870871212121212
4LE2-85,2023,-100.38692307692308,3.418127364438842,-4.083846153846153,-2.8467045454545454
4LE2b-01,2008,-12.812307692307712,-1.645529634300125,-22.97615384615385,-2.3407885145157876
4LE2b-01,2009,-110.2623076923077,-0.47913619167717414,15.473846153846168,-2.033436586141132
4LE2b-01,2010,-0.03230769230771102,-0.7070050441361886,-20.97615384615385,-0.45660325280779857
4LE2b-01,2011,52.4876923076923,-1.9032345523329113,41.70384615384616,-3.7356032528077985
4LE2b-01,2012,54.1776923076923,1.5423392181588902,35.22384615384617,4.721112311930494
4LE2b-01,2013,75.18769230769232,-1.808972257250943,45.72384615384614,-4.167936586141132
4LE2b-01,2014,202.9776923076923,-0.896677175283731,18.393846153846155,-3.1903532528077987
4LE2b-01,2015,38.19769230769231,-0.7309394703656977,-74.36615384615385,0.7422300805255344
4LE2b-01,2016,-110.7123076923077,1.618240857503153,-9.176153846153852,1.7423519813519808
4LE2b-01,2017,4.377692307692314,0.08151954602774225,-21.64615384615385,1.5058134138588684
4LE2b-01,2018,6.24769230769229,2.669552332912989,5.843846153846144,-2.7883532528077986
4LE2b-01,2019,74.80769230769232,-1.3773329129886491,58.71384615384615,-4.218436586141132
4LE2b-01,2020,-4.192307692307708,0.6844703656998767,-58.25615384615385,-0.12665628311082866
4LE2b-01,2021,-100.8323076923077,2.4762736443883995,19.133846153846164,0.5169800805255349
4LE2b-01,2022,13.807692307692292,0.8092244640605308,-29.446153846153848,-2.881269919474465
4LE2b-01,2023,-100.0623076923077,3.3949621689785623,-6.076153846153844,-2.906269919474465
4LE2b-02,2008,-12.884230769230783,-1.645163934426229,-23.394230769230774,-2.354947393515575
4LE2b-02,2009,-109.59423076923078,-0.4845081967213112,16.14576923076922,-2.048990781945327
4LE2b-02,2010,7.335769230769216,-0.7166393442622976,-20.44423076923077,-0.4390741152786606
4LE2b-02,2011,52.835769230769216,-1.9105737704918049,40.92576923076922,-3.738407448611994
4LE2b-02,2012,54.89576923076922,1.5258196721311457,34.87576923076924,4.701250953591863
4LE2b-02,2013,76.90576923076924,-1.8102459016393446,48.355769230769226,-4.160490781945327
4LE2b-02,2014,204.4457692307692,-0.9086065573770483,17.72576923076923,-3.201907448611994
4LE2b-02,2015,45.95576923076922,-0.7404098360655738,-72.99423076923077,0.7335092180546727
4LE2b-02,2016,-111.00423076923077,1.604836065573771,-9.16423076923077,1.7507550858232679
4LE2b-02,2017,3.8557692307692264,0.06975409836065438,-20.954230769230776,1.5101758847213396
4LE2b-02,2018,6.275769230769242,2.6772950819672126,5.505769230769232,-2.7706574486119937
4LE2b-02,2019,74.50576923076923,-1.3720491803278705,58.61576923076922,-4.214157448611994
4LE2b-02,2020,-1.1842307692307656,0.6699180327868852,-59.294230769230765,-0.12354243483788929
4LE2b-02,2021,-100.40423076923076,2.474999999999998,19.635769230769228,0.5152592180546729
4LE2b-02,2022,14.495769230769241,0.7889344262295062,-29.064230769230775,-2.8922407819453273
4LE2b-02,2023,-100.58423076923077,3.4138524590163932,-6.4042307692307645,-2.889657448611994
4LE2b-03,2008,-12.884230769230783,-1.645163934426229,-23.394230769230774,-2.354947393515575
4LE2b-03,2009,-109.59423076923078,-0.4845081967213112,16.14576923076922,-2.048990781945327
4LE2b-03,2010,7.335769230769216,-0.7166393442622976,-20.44423076923077,-0.4390741152786606
4LE2b-03,2011,52.835769230769216,-1.9105737704918049,40.92576923076922,-3.738407448611994
4LE2b-03,2012,54.89576923076922,1.5258196721311457,34.87576923076924,4.701250953591863
4LE2b-03,2013,76.90576923076924,-1.8102459016393446,48.355769230769226,-4.160490781945327
4LE2b-03,2014,204.4457692307692,-0.9086065573770483,17.72576923076923,-3.201907448611994
4LE2b-03,2015,45.95576923076922,-0.7404098360655738,-72.99423076923077,0.7335092180546727
4LE2b-03,2016,-111.00423076923077,1.604836065573771,-9.16423076923077,1.7507550858232679
4LE2b-03,2017,3.8557692307692264,0.06975409836065438,-20.954230769230776,1.5101758847213396
4LE2b-03,2018,6.275769230769242,2.6772950819672126,5.505769230769232,-2.7706574486119937
4LE2b-03,2019,74.50576923076923,-1.3720491803278705,58.61576923076922,-4.214157448611994
4LE2b-03,2020,-1.1842307692307656,0.6699180327868852,-59.294230769230765,-0.12354243483788929
4LE2b-03,2021,-100.40423076923076,2.474999999999998,19.635769230769228,0.5152592180546729
4LE2b-03,2022,14.495769230769241,0.7889344262295062,-29.064230769230775,-2.8922407819453273
4LE2b-03,2023,-100.58423076923077,3.4138524590163932,-6.4042307692307645,-2.889657448611994
4LE2b-04,2008,-12.884230769230783,-1.645163934426229,-23.394230769230774,-2.354947393515575
4LE2b-04,2009,-109.59423076923078,-0.4845081967213112,16.14576923076922,-2.048990781945327
4LE2b-04,2010,7.335769230769216,-0.7166393442622976,-20.44423076923077,-0.4390741152786606
4LE2b-04,2011,52.835769230769216,-1.9105737704918049,40.92576923076922,-3.738407448611994
4LE2b-04,2012,54.89576923076922,1.5258196721311457,34.87576923076924,4.701250953591863
4LE2b-04,2013,76.90576923076924,-1.8102459016393446,48.355769230769226,-4.160490781945327
4LE2b-04,2014,204.4457692307692,-0.9086065573770483,17.72576923076923,-3.201907448611994
4LE2b-04,2015,45.95576923076922,-0.7404098360655738,-72.99423076923077,0.7335092180546727
4LE2b-04,2016,-111.00423076923077,1.604836065573771,-9.16423076923077,1.7507550858232679
4LE2b-04,2017,3.8557692307692264,0.06975409836065438,-20.954230769230776,1.5101758847213396
4LE2b-04,2018,6.275769230769242,2.6772950819672126,5.505769230769232,-2.7706574486119937
4LE2b-04,2019,74.50576923076923,-1.3720491803278705,58.61576923076922,-4.214157448611994
4LE2b-04,2020,-1.1842307692307656,0.6699180327868852,-59.294230769230765,-0.12354243483788929
4LE2b-04,2021,-100.40423076923076,2.474999999999998,19.635769230769228,0.5152592180546729
4LE2b-04,2022,14.495769230769241,0.7889344262295062,-29.064230769230775,-2.8922407819453273
4LE2b-04,2023,-100.58423076923077,3.4138524590163932,-6.4042307692307645,-2.889657448611994
4LE2b-05,2008,-12.884230769230783,-1.645163934426229,-23.394230769230774,-2.354947393515575
4LE2b-05,2009,-109.59423076923078,-0.4845081967213112,16.14576923076922,-2.048990781945327
4LE2b-05,2010,7.335769230769216,-0.7166393442622976,-20.44423076923077,-0.4390741152786606
4LE2b-05,2011,52.835769230769216,-1.9105737704918049,40.92576923076922,-3.738407448611994
4LE2b-05,2012,54.89576923076922,1.5258196721311457,34.87576923076924,4.701250953591863
4LE2b-05,2013,76.90576923076924,-1.8102459016393446,48.355769230769226,-4.160490781945327
4LE2b-05,2014,204.4457692307692,-0.9086065573770483,17.72576923076923,-3.201907448611994
4LE2b-05,2015,45.95576923076922,-0.7404098360655738,-72.99423076923077,0.7335092180546727
4LE2b-05,2016,-111.00423076923077,1.604836065573771,-9.16423076923077,1.7507550858232679
4LE2b-05,2017,3.8557692307692264,0.06975409836065438,-20.954230769230776,1.5101758847213396
4LE2b-05,2018,6.275769230769242,2.6772950819672126,5.505769230769232,-2.7706574486119937
4LE2b-05,2019,74.50576923076923,-1.3720491803278705,58.61576923076922,-4.214157448611994
4LE2b-05,2020,-1.1842307692307656,0.6699180327868852,-59.294230769230765,-0.12354243483788929
4LE2b-05,2021,-100.40423076923076,2.474999999999998,19.635769230769228,0.5152592180546729
4LE2b-05,2022,14.495769230769241,0.7889344262295062,-29.064230769230775,-2.8922407819453273
4LE2b-05,2023,-100.58423076923077,3.4138524590163932,-6.4042307692307645,-2.889657448611994
4LE2b-06,2008,-12.884230769230783,-1.645163934426229,-23.394230769230774,-2.354947393515575
4LE2b-06,2009,-109.59423076923078,-0.4845081967213112,16.14576923076922,-2.048990781945327
4LE2b-06,2010,7.335769230769216,-0.7166393442622976,-20.44423076923077,-0.4390741152786606
4LE2b-06,2011,52.835769230769216,-1.9105737704918049,40.92576923076922,-3.738407448611994
4LE2b-06,2012,54.89576923076922,1.5258196721311457,34.87576923076924,4.701250953591863
4LE2b-06,2013,76.90576923076924,-1.8102459016393446,48.355769230769226,-4.160490781945327
4LE2b-06,2014,204.4457692307692,-0.9086065573770483,17.72576923076923,-3.201907448611994
4LE2b-06,2015,45.95576923076922,-0.7404098360655738,-72.99423076923077,0.7335092180546727
4LE2b-06,2016,-111.00423076923077,1.604836065573771,-9.16423076923077,1.7507550858232679
4LE2b-06,2017,3.8557692307692264,0.06975409836065438,-20.954230769230776,1.5101758847213396
4LE2b-06,2018,6.275769230769242,2.6772950819672126,5.505769230769232,-2.7706574486119937
4LE2b-06,2019,74.50576923076923,-1.3720491803278705,58.61576923076922,-4.214157448611994
4LE2b-06,2020,-1.1842307692307656,0.6699180327868852,-59.294230769230765,-0.12354243483788929
4LE2b-06,2021,-100.40423076923076,2.474999999999998,19.635769230769228,0.5152592180546729
4LE2b-06,2022,14.495769230769241,0.7889344262295062,-29.064230769230775,-2.8922407819453273
4LE2b-06,2023,-100.58423076923077,3.4138524590163932,-6.4042307692307645,-2.889657448611994
4LE2b-07,2008,-12.884230769230783,-1.645163934426229,-23.394230769230774,-2.354947393515575
4LE2b-07,2009,-109.59423076923078,-0.4845081967213112,16.14576923076922,-2.048990781945327
4LE2b-07,2010,7.335769230769216,-0.7166393442622976,-20.44423076923077,-0.4390741152786606
4LE2b-07,2011,52.835769230769216,-1.9105737704918049,40.92576923076922,-3.738407448611994
4LE2b-07,2012,54.89576923076922,1.5258196721311457,34.87576923076924,4.701250953591863
4LE2b-07,2013,76.90576923076924,-1.8102459016393446,48.355769230769226,-4.160490781945327
4LE2b-07,2014,204.4457692307692,-0.9086065573770483,17.72576923076923,-3.201907448611994
4LE2b-07,2015,45.95576923076922,-0.7404098360655738,-72.99423076923077,0.7335092180546727
4LE2b-07,2016,-111.00423076923077,1.604836065573771,-9.16423076923077,1.7507550858232679
4LE2b-07,2017,3.8557692307692264,0.06975409836065438,-20.954230769230776,1.5101758847213396
4LE2b-07,2018,6.275769230769242,2.6772950819672126,5.505769230769232,-2.7706574486119937
4LE2b-07,2019,74.50576923076923,-1.3720491803278705,58.61576923076922,-4.214157448611994
4LE2b-07,2020,-1.1842307692307656,0.6699180327868852,-59.294230769230765,-0.12354243483788929
4LE2b-07,2021,-100.40423076923076,2.474999999999998,19.635769230769228,0.5152592180546729
4LE2b-07,2022,14.495769230769241,0.7889344262295062,-29.064230769230775,-2.8922407819453273
4LE2b-07,2023,-100.58423076923077,3.4138524590163932,-6.4042307692307645,-2.889657448611994
4LE2b-08,2008,-14.928846153846138,-1.6374527112232045,-23.641153846153856,-2.357255589107862
4LE2b-08,2009,-110.49884615384615,-0.4792559899117279,15.878846153846169,-2.0413217048103416
4LE2b-08,2010,6.571153846153862,-0.7135182849936967,-20.291153846153847,-0.41265503814367444
4LE2b-08,2011,51.111153846153854,-1.9040100882723827,41.72884615384616,-3.728071704810341
4LE2b-08,2012,54.72115384615387,1.5223833543505663,34.738846153846154,4.69852953485908
4LE2b-08,2013,75.89115384615386,-1.8115510718789416,48.93884615384614,-4.138738371477008
4LE2b-08,2014,204.29115384615386,-0.907452711223204,18.238846153846154,-3.2127383714770077
4LE2b-08,2015,46.43115384615385,-0.73810844892812,-72.56115384615384,0.7286782951896589
4LE2b-08,2016,-109.39884615384614,1.5918915510718783,-10.751153846153855,1.7577857332061875
4LE2b-08,2017,3.3111538461538714,0.06058007566204182,-23.081153846153853,1.5220116285229919
4LE2b-08,2018,5.701153846153858,2.6709079445145,-1.5111538461538458,-2.7559050381436747
4LE2b-08,2019,73.99115384615385,-1.3717150063051697,58.35884615384616,-4.1889883714770075
4LE2b-08,2020,-2.4088461538461274,0.6848423707440112,-59.85115384615385,-0.10394980398389508
4LE2b-08,2021,-100.76884615384614,2.4718915510718773,22.89884615384615,0.5150949618563252
4LE2b-08,2022,13.811153846153871,0.7930390920554835,-28.221153846153854,-2.8840717048103413
4LE2b-08,2023,-101.61884615384614,3.432219419924337,-6.441153846153853,-2.8601550381436747
4LE2b-09,2008,-14.928846153846138,-1.6374527112232045,-23.641153846153856,-2.357255589107862
4LE2b-09,2009,-110.49884615384615,-0.4792559899117279,15.878846153846169,-2.0413217048103416
4LE2b-09,2010,6.571153846153862,-0.7135182849936967,-20.291153846153847,-0.41265503814367444
4LE2b-09,2011,51.111153846153854,-1.9040100882723827,41.72884615384616,-3.728071704810341
4LE2b-09,2012,54.72115384615387,1.5223833543505663,34.738846153846154,4.69852953485908
4LE2b-09,2013,75.89115384615386,-1.8115510718789416,48.93884615384614,-4.138738371477008
4LE2b-09,2014,204.29115384615386,-0.907452711223204,18.238846153846154,-3.2127383714770077
4LE2b-09,2015,46.43115384615385,-0.73810844892812,-72.56115384615384,0.7286782951896589
4LE2b-09,2016,-109.39884615384614,1.5918915510718783,-10.751153846153855,1.7577857332061875
4LE2b-09,2017,3.3111538461538714,0.06058007566204182,-23.081153846153853,1.5220116285229919
4LE2b-09,2018,5.701153846153858,2.6709079445145,-1.5111538461538458,-2.7559050381436747
4LE2b-09,2019,73.99115384615385,-1.3717150063051697,58.35884615384616,-4.1889883714770075
4LE2b-09,2020,-2.4088461538461274,0.6848423707440112,-59.85115384615385,-0.10394980398389508
4LE2b-09,2021,-100.76884615384614,2.4718915510718773,22.89884615384615,0.5150949618563252
4LE2b-09,2022,13.811153846153871,0.7930390920554835,-28.221153846153854,-2.8840717048103413
4LE2b-09,2023,-101.61884615384614,3.432219419924337,-6.441153846153853,-2.8601550381436747
4LE2b-10,2008,-14.928846153846138,-1.6374527112232045,-23.641153846153856,-2.357255589107862
4LE2b-10,2009,-110.49884615384615,-0.4792559899117279,15.878846153846169,-2.0413217048103416
4LE2b-10,2010,6.571153846153862,-0.7135182849936967,-20.291153846153847,-0.41265503814367444
4LE2b-10,2011,51.111153846153854,-1.9040100882723827,41.72884615384616,-3.728071704810341
4LE2b-10,2012,54.72115384615387,1.5223833543505663,34.738846153846154,4.69852953485908
4LE2b-10,2013,75.89115384615386,-1.8115510718789416,48.93884615384614,-4.138738371477008
4LE2b-10,2014,204.29115384615386,-0.907452711223204,18.238846153846154,-3.2127383714770077
4LE2b-10,2015,46.43115384615385,-0.73810844892812,-72.56115384615384,0.7286782951896589
4LE2b-10,2016,-109.39884615384614,1.5918915510718783,-10.751153846153855,1.7577857332061875
4LE2b-10,2017,3.3111538461538714,0.06058007566204182,-23.081153846153853,1.5220116285229919
4LE2b-10,2018,5.701153846153858,2.6709079445145,-1.5111538461538458,-2.7559050381436747
4LE2b-10,2019,73.99115384615385,-1.3717150063051697,58.35884615384616,-4.1889883714770075
4LE2b-10,2020,-2.4088461538461274,0.6848423707440112,-59.85115384615385,-0.10394980398389508
4LE2b-10,2021,-100.76884615384614,2.4718915510718773,22.89884615384615,0.5150949618563252
4LE2b-10,2022,13.811153846153871,0.7930390920554835,-28.221153846153854,-2.8840717048103413
4LE2b-10,2023,-101.61884615384614,3.432219419924337,-6.441153846153853,-2.8601550381436747
4LE2b-11,2008,-15.16153846153847,-1.636488020176543,-23.473076923076917,-2.346863000635728
4LE2b-11,2009,-111.01153846153846,-0.47402900378310164,15.766923076923092,-2.028527601186692
4LE2b-11,2010,-0.6715384615384608,-0.7066519546027727,-20.653076923076924,-0.4227776011866924
4LE2b-11,2011,50.53846153846155,-1.8984552332912976,42.94692307692307,-3.7266109345200253
4LE2b-11,2012,54.10846153846154,1.5335119798234587,35.18692307692308,4.710905594405594
4LE2b-11,2013,74.33846153846153,-1.8123896595208038,47.066923076923075,-4.1413609345200255
4LE2b-11,2014,202.74846153846153,-0.8999306431273624,18.596923076923076,-3.207777601186692
4LE2b-11,2015,45.01846153846154,-0.7330453972257231,-73.51307692307691,0.7321390654799744
4LE2b-11,2016,-109.98153846153846,1.5966267339218163,-10.973076923076917,1.7482609663064208
4LE2b-11,2017,3.128461538461522,0.06433165195460333,-22.193076923076916,1.5141390654799745
4LE2b-11,2018,5.458461538461535,2.660725094577554,-1.503076923076918,-2.771444267853359
4LE2b-11,2019,74.08846153846153,-1.3750126103404767,58.26692307692309,-4.1919442678533585
4LE2b-11,2020,-4.43153846153848,0.6889218158890316,-59.17307692307692,-0.10636713286713295
4LE2b-11,2021,-102.62153846153846,2.4751513240857506,23.586923076923085,0.5167223988133078
4LE2b-11,2022,13.138461538461542,0.7967906683480486,-27.603076923076912,-2.8756109345200254
4LE2b-11,2023,-101.22153846153847,3.417118537200505,-6.473076923076917,-2.866694267853359
4LE2b-12,2008,-14.928846153846138,-1.6374527112232045,-23.641153846153856,-2.357255589107862
4LE2b-12,2009,-110.49884615384615,-0.4792559899117279,15.878846153846169,-2.0413217048103416
4LE2b-12,2010,6.571153846153862,-0.7135182849936967,-20.291153846153847,-0.41265503814367444
4LE2b-12,2011,51.111153846153854,-1.9040100882723827,41.72884615384616,-3.728071704810341
4LE2b-12,2012,54.72115384615387,1.5223833543505663,34.738846153846154,4.69852953485908
4LE2b-12,2013,75.89115384615386,-1.8115510718789416,48.93884615384614,-4.138738371477008
4LE2b-12,2014,204.29115384615386,-0.907452711223204,18.238846153846154,-3.2127383714770077
4LE2b-12,2015,46.43115384615385,-0.73810844892812,-72.56115384615384,0.7286782951896589
4LE2b-12,2016,-109.39884615384614,1.5918915510718783,-10.751153846153855,1.7577857332061875
4LE2b-12,2017,3.3111538461538714,0.06058007566204182,-23.081153846153853,1.5220116285229919
4LE2b-12,2018,5.701153846153858,2.6709079445145,-1.5111538461538458,-2.7559050381436747
4LE2b-12,2019,73.99115384615385,-1.3717150063051697,58.35884615384616,-4.1889883714770075
4LE2b-12,2020,-2.4088461538461274,0.6848423707440112,-59.85115384615385,-0.10394980398389508
4LE2b-12,2021,-100.76884615384614,2.4718915510718773,22.89884615384615,0.5150949618563252
4LE2b-12,2022,13.811153846153871,0.7930390920554835,-28.221153846153854,-2.8840717048103413
4LE2b-12,2023,-101.61884615384614,3.432219419924337,-6.441153846153853,-2.8601550381436747
4LE2b-13,2008,-15.16153846153847,-1.636488020176543,-23.473076923076917,-2.346863000635728
4LE2b-13,2009,-111.01153846153846,-0.47402900378310164,15.766923076923092,-2.028527601186692
4LE2b-13,2010,-0.6715384615384608,-0.7066519546027727,-20.653076923076924,-0.4227776011866924
4LE2b-13,2011,50.53846153846155,-1.8984552332912976,42.94692307692307,-3.7266109345200253
4LE2b-13,2012,54.10846153846154,1.5335119798234587,35.18692307692308,4.710905594405594
4LE2b-13,2013,74.33846153846153,-1.8123896595208038,47.066923076923075,-4.1413609345200255
4LE2b-13,2014,202.74846153846153,-0.8999306431273624,18.596923076923076,-3.207777601186692
4LE2b-13,2015,45.01846153846154,-0.7330453972257231,-73.51307692307691,0.7321390654799744
4LE2b-13,2016,-109.98153846153846,1.5966267339218163,-10.973076923076917,1.7482609663064208
4LE2b-13,2017,3.128461538461522,0.06433165195460333,-22.193076923076916,1.5141390654799745
4LE2b-13,2018,5.458461538461535,2.660725094577554,-1.503076923076918,-2.771444267853359
4LE2b-13,2019,74.08846153846153,-1.3750126103404767,58.26692307692309,-4.1919442678533585
4LE2b-13,2020,-4.43153846153848,0.6889218158890316,-59.17307692307692,-0.10636713286713295
4LE2b-13,2021,-102.62153846153846,2.4751513240857506,23.586923076923085,0.5167223988133078
4LE2b-13,2022,13.138461538461542,0.7967906683480486,-27.603076923076912,-2.8756109345200254
4LE2b-13,2023,-101.22153846153847,3.417118537200505,-6.473076923076917,-2.866694267853359
4LE2b-14,2008,-15.16153846153847,-1.636488020176543,-23.473076923076917,-2.346863000635728
4LE2b-14,2009,-111.01153846153846,-0.47402900378310164,15.766923076923092,-2.028527601186692
4LE2b-14,2010,-0.6715384615384608,-0.7066519546027727,-20.653076923076924,-0.4227776011866924
4LE2b-14,2011,50.53846153846155,-1.8984552332912976,42.94692307692307,-3.7266109345200253
4LE2b-14,2012,54.10846153846154,1.5335119798234587,35.18692307692308,4.710905594405594
4LE2b-14,2013,74.33846153846153,-1.8123896595208038,47.066923076923075,-4.1413609345200255
4LE2b-14,2014,202.74846153846153,-0.8999306431273624,18.596923076923076,-3.207777601186692
4LE2b-14,2015,45.01846153846154,-0.7330453972257231,-73.51307692307691,0.7321390654799744
4LE2b-14,2016,-109.98153846153846,1.5966267339218163,-10.973076923076917,1.7482609663064208
4LE2b-14,2017,3.128461538461522,0.06433165195460333,-22.193076923076916,1.5141390654799745
4LE2b-14,2018,5.458461538461535,2.660725094577554,-1.503076923076918,-2.771444267853359
4LE2b-14,2019,74.08846153846153,-1.3750126103404767,58.26692307692309,-4.1919442678533585
4LE2b-14,2020,-4.43153846153848,0.6889218158890316,-59.17307692307692,-0.10636713286713295
4LE2b-14,2021,-102.62153846153846,2.4751513240857506,23.586923076923085,0.5167223988133078
4LE2b-14,2022,13.138461538461542,0.7967906683480486,-27.603076923076912,-2.8756109345200254
4LE2b-14,2023,-101.22153846153847,3.417118537200505,-6.473076923076917,-2.866694267853359
4LE4-01,2008,69.63269230769231,-1.8970996216897866,-20.90692307692308,-2.5264601080737443
4LE4-01,2009,-107.9873076923077,-0.9011979823455221,6.67307692307692,-2.457554460690824
4LE4-01,2010,-24.6373076923077,-1.0461160151324087,-0.9669230769230808,-0.6265544606908242
4LE4-01,2011,64.5126923076923,-2.2702143757881466,14.963076923076912,-4.001637794024157
4LE4-01,2012,22.472692307692313,1.2047036569987384,20.503076923076904,4.428002701843612
4LE4-01,2013,92.36269230769233,-1.9579192938209324,32.99307692307691,-4.4289711273574905
4LE4-01,2014,179.93269230769232,-1.2051324085750323,-5.786923076923088,-3.1941377940241575
4LE4-01,2015,32.8926923076923,-1.0659520807061789,-72.29692307692308,0.671278872642509
4LE4-01,2016,-106.88730769230769,1.4048675914249706,-14.786923076923074,1.632713445645264
4LE4-01,2017,6.492692307692295,-0.09218158890289985,-29.026923076923083,1.2100288726425092
4LE4-01,2018,-4.867307692307691,2.621424968474148,-23.93692307692308,-2.946971127357491
4LE4-01,2019,89.36269230769233,-1.5874274905422432,58.90307692307691,-4.633721127357491
4LE4-01,2020,-48.47730769230769,0.25240857503152725,-88.14692307692309,-0.38910473617291785
4LE4-01,2021,-113.42730769230769,2.2240479192938203,28.92307692307692,0.4142788726425093
4LE4-01,2022,7.9626923076922935,0.46044136191677154,-6.586923076923085,-3.1418877940241576
4LE4-01,2023,-81.35730769230769,3.2707692307692326,-10.416923076923084,-3.1996377940241576
4LE4-02,2008,69.63269230769231,-1.8970996216897866,-20.90692307692308,-2.5264601080737443
4LE4-02,2009,-107.9873076923077,-0.9011979823455221,6.67307692307692,-2.457554460690824
4LE4-02,2010,-24.6373076923077,-1.0461160151324087,-0.9669230769230808,-0.6265544606908242
4LE4-02,2011,64.5126923076923,-2.2702143757881466,14.963076923076912,-4.001637794024157
4LE4-02,2012,22.472692307692313,1.2047036569987384,20.503076923076904,4.428002701843612
4LE4-02,2013,92.36269230769233,-1.9579192938209324,32.99307692307691,-4.4289711273574905
4LE4-02,2014,179.93269230769232,-1.2051324085750323,-5.786923076923088,-3.1941377940241575
4LE4-02,2015,32.8926923076923,-1.0659520807061789,-72.29692307692308,0.671278872642509
4LE4-02,2016,-106.88730769230769,1.4048675914249706,-14.786923076923074,1.632713445645264
4LE4-02,2017,6.492692307692295,-0.09218158890289985,-29.026923076923083,1.2100288726425092
4LE4-02,2018,-4.867307692307691,2.621424968474148,-23.93692307692308,-2.946971127357491
4LE4-02,2019,89.36269230769233,-1.5874274905422432,58.90307692307691,-4.633721127357491
4LE4-02,2020,-48.47730769230769,0.25240857503152725,-88.14692307692309,-0.38910473617291785
4LE4-02,2021,-113.42730769230769,2.2240479192938203,28.92307692307692,0.4142788726425093
4LE4-02,2022,7.9626923076922935,0.46044136191677154,-6.586923076923085,-3.1418877940241576
4LE4-02,2023,-81.35730769230769,3.2707692307692326,-10.416923076923084,-3.1996377940241576
4LE4-03,2008,68.35461538461536,-1.8998360655737692,-20.881538461538454,-2.526085478915024
4LE4-03,2009,-108.31538461538463,-0.9026229508196728,6.438461538461539,-2.460135754397118
4LE4-03,2010,-24.80538461538464,-1.0503278688524595,-0.9715384615384579,-0.6221357543971182
4LE4-03,2011,64.31461538461537,-2.2570491803278685,14.688461538461539,-4.004719087730451
4LE4-03,2012,22.304615384615374,1.2119672131147539,22.628461538461536,4.429121132655223
4LE4-03,2013,89.75461538461539,-1.9493442622950816,33.15846153846154,-4.418635754397118
4LE4-03,2014,180.10461538461536,-1.1903278688524601,-5.401538461538465,-3.1875524210637844
4LE4-03,2015,31.95461538461538,-1.0657377049180319,-74.77153846153846,0.6750309122695488
4LE4-03,2016,-106.97538461538463,1.410327868852459,-13.53153846153846,1.6334186533163804
4LE4-03,2017,6.6246153846153675,-0.08934426229508219,-36.68153846153845,1.2012809122695485
4LE4-03,2018,-15.515384615384619,2.6198360655737716,-22.961538461538453,-2.9578024210637848
4LE4-03,2019,90.23461538461535,-1.5906557377049175,59.66846153846156,-4.640635754397118
4LE4-03,2020,-49.22538461538463,0.24934426229508233,-87.97153846153846,-0.39575490040262773
4LE4-03,2021,-113.89538461538463,2.2291803278688533,30.338461538461544,0.41644757893621565
4LE4-03,2022,6.664615384615388,0.45655737704917954,-6.171538461538461,-3.131969087730451
4LE4-03,2023,-81.78538461538463,3.2772131147540975,-9.801538461538456,-3.1987190877304514
4LE4-04,2008,68.35461538461536,-1.8998360655737692,-20.881538461538454,-2.526085478915024
4LE4-04,2009,-108.31538461538463,-0.9026229508196728,6.438461538461539,-2.460135754397118
4LE4-04,2010,-24.80538461538464,-1.0503278688524595,-0.9715384615384579,-0.6221357543971182
4LE4-04,2011,64.31461538461537,-2.2570491803278685,14.688461538461539,-4.004719087730451
4LE4-04,2012,22.304615384615374,1.2119672131147539,22.628461538461536,4.429121132655223
4LE4-04,2013,89.75461538461539,-1.9493442622950816,33.15846153846154,-4.418635754397118
4LE4-04,2014,180.10461538461536,-1.1903278688524601,-5.401538461538465,-3.1875524210637844
4LE4-04,2015,31.95461538461538,-1.0657377049180319,-74.77153846153846,0.6750309122695488
4LE4-04,2016,-106.97538461538463,1.410327868852459,-13.53153846153846,1.6334186533163804
4LE4-04,2017,6.6246153846153675,-0.08934426229508219,-36.68153846153845,1.2012809122695485
4LE4-04,2018,-15.515384615384619,2.6198360655737716,-22.961538461538453,-2.9578024210637848
4LE4-04,2019,90.23461538461535,-1.5906557377049175,59.66846153846156,-4.640635754397118
4LE4-04,2020,-49.22538461538463,0.24934426229508233,-87.97153846153846,-0.39575490040262773
4LE4-04,2021,-113.89538461538463,2.2291803278688533,30.338461538461544,0.41644757893621565
4LE4-04,2022,6.664615384615388,0.45655737704917954,-6.171538461538461,-3.131969087730451
4LE4-04,2023,-81.78538461538463,3.2772131147540975,-9.801538461538456,-3.1987190877304514
4LE4-05,2008,69.63269230769231,-1.8970996216897866,-20.90692307692308,-2.5264601080737443
4LE4-05,2009,-107.9873076923077,-0.9011979823455221,6.67307692307692,-2.457554460690824
4LE4-05,2010,-24.6373076923077,-1.0461160151324087,-0.9669230769230808,-0.6265544606908242
4LE4-05,2011,64.5126923076923,-2.2702143757881466,14.963076923076912,-4.001637794024157
4LE4-05,2012,22.472692307692313,1.2047036569987384,20.503076923076904,4.428002701843612
4LE4-05,2013,92.36269230769233,-1.9579192938209324,32.99307692307691,-4.4289711273574905
4LE4-05,2014,179.93269230769232,-1.2051324085750323,-5.786923076923088,-3.1941377940241575
4LE4-05,2015,32.8926923076923,-1.0659520807061789,-72.29692307692308,0.671278872642509
4LE4-05,2016,-106.88730769230769,1.4048675914249706,-14.786923076923074,1.632713445645264
4LE4-05,2017,6.492692307692295,-0.09218158890289985,-29.026923076923083,1.2100288726425092
4LE4-05,2018,-4.867307692307691,2.621424968474148,-23.93692307692308,-2.946971127357491
4LE4-05,2019,89.36269230769233,-1.5874274905422432,58.90307692307691,-4.633721127357491
4LE4-05,2020,-48.47730769230769,0.25240857503152725,-88.14692307692309,-0.38910473617291785
4LE4-05,2021,-113.42730769230769,2.2240479192938203,28.92307692307692,0.4142788726425093
4LE4-05,2022,7.9626923076922935,0.46044136191677154,-6.586923076923085,-3.1418877940241576
4LE4-05,2023,-81.35730769230769,3.2707692307692326,-10.416923076923084,-3.1996377940241576
4LE4-06,2008,68.35461538461536,-1.8998360655737692,-20.881538461538454,-2.526085478915024
4LE4-06,2009,-108.31538461538463,-0.9026229508196728,6.438461538461539,-2.460135754397118
4LE4-06,2010,-24.80538461538464,-1.0503278688524595,-0.9715384615384579,-0.6221357543971182
4LE4-06,2011,64.31461538461537,-2.2570491803278685,14.688461538461539,-4.004719087730451
4LE4-06,2012,22.304615384615374,1.2119672131147539,22.628461538461536,4.429121132655223
4LE4-06,2013,89.75461538461539,-1.9493442622950816,33.15846153846154,-4.418635754397118
4LE4-06,2014,180.10461538461536,-1.1903278688524601,-5.401538461538465,-3.1875524210637844
4LE4-06,2015,31.95461538461538,-1.0657377049180319,-74.77153846153846,0.6750309122695488
4LE4-06,2016,-106.97538461538463,1.410327868852459,-13.53153846153846,1.6334186533163804
4LE4-06,2017,6.6246153846153675,-0.08934426229508219,-36.68153846153845,1.2012809122695485
4LE4-06,2018,-15.515384615384619,2.6198360655737716,-22.961538461538453,-2.9578024210637848
4LE4-06,2019,90.23461538461535,-1.5906557377049175,59.66846153846156,-4.640635754397118
4LE4-06,2020,-49.22538461538463,0.24934426229508233,-87.97153846153846,-0.39575490040262773
4LE4-06,2021,-113.89538461538463,2.2291803278688533,30.338461538461544,0.41644757893621565
4LE4-06,2022,6.664615384615388,0.45655737704917954,-6.171538461538461,-3.131969087730451
4LE4-06,2023,-81.78538461538463,3.2772131147540975,-9.801538461538456,-3.1987190877304514
4LE4-07,2008,68.35461538461536,-1.8998360655737692,-20.881538461538454,-2.526085478915024
4LE4-07,2009,-108.31538461538463,-0.9026229508196728,6.438461538461539,-2.460135754397118
4LE4-07,2010,-24.80538461538464,-1.0503278688524595,-0.9715384615384579,-0.6221357543971182
4LE4-07,2011,64.31461538461537,-2.2570491803278685,14.688461538461539,-4.004719087730451
4LE4-07,2012,22.304615384615374,1.2119672131147539,22.628461538461536,4.429121132655223
4LE4-07,2013,89.75461538461539,-1.9493442622950816,33.15846153846154,-4.418635754397118
4LE4-07,2014,180.10461538461536,-1.1903278688524601,-5.401538461538465,-3.1875524210637844
4LE4-07,2015,31.95461538461538,-1.0657377049180319,-74.77153846153846,0.6750309122695488
4LE4-07,2016,-106.97538461538463,1.410327868852459,-13.53153846153846,1.6334186533163804
4LE4-07,2017,6.6246153846153675,-0.08934426229508219,-36.68153846153845,1.2012809122695485
4LE4-07,2018,-15.515384615384619,2.6198360655737716,-22.961538461538453,-2.9578024210637848
4LE4-07,2019,90.23461538461535,-1.5906557377049175,59.66846153846156,-4.640635754397118
4LE4-07,2020,-49.22538461538463,0.24934426229508233,-87.97153846153846,-0.39575490040262773
4LE4-07,2021,-113.89538461538463,2.2291803278688533,30.338461538461544,0.41644757893621565
4LE4-07,2022,6.664615384615388,0.45655737704917954,-6.171538461538461,-3.131969087730451
4LE4-07,2023,-81.78538461538463,3.2772131147540975,-9.801538461538456,-3.1987190877304514
4LE4-08,2008,68.35461538461536,-1.8998360655737692,-20.881538461538454,-2.526085478915024
4LE4-08,2009,-108.31538461538463,-0.9026229508196728,6.438461538461539,-2.460135754397118
4LE4-08,2010,-24.80538461538464,-1.0503278688524595,-0.9715384615384579,-0.6221357543971182
4LE4-08,2011,64.31461538461537,-2.2570491803278685,14.688461538461539,-4.004719087730451
4LE4-08,2012,22.304615384615374,1.2119672131147539,22.628461538461536,4.429121132655223
4LE4-08,2013,89.75461538461539,-1.9493442622950816,33.15846153846154,-4.418635754397118
4LE4-08,2014,180.10461538461536,-1.1903278688524601,-5.401538461538465,-3.1875524210637844
4LE4-08,2015,31.95461538461538,-1.0657377049180319,-74.77153846153846,0.6750309122695488
4LE4-08,2016,-106.97538461538463,1.410327868852459,-13.53153846153846,1.6334186533163804
4LE4-08,2017,6.6246153846153675,-0.08934426229508219,-36.68153846153845,1.2012809122695485
4LE4-08,2018,-15.515384615384619,2.6198360655737716,-22.961538461538453,-2.9578024210637848
4LE4-08,2019,90.23461538461535,-1.5906557377049175,59.66846153846156,-4.640635754397118
4LE4-08,2020,-49.22538461538463,0.24934426229508233,-87.97153846153846,-0.39575490040262773
4LE4-08,2021,-113.89538461538463,2.2291803278688533,30.338461538461544,0.41644757893621565
4LE4-08,2022,6.664615384615388,0.45655737704917954,-6.171538461538461,-3.131969087730451
4LE4-08,2023,-81.78538461538463,3.2772131147540975,-9.801538461538456,-3.1987190877304514
4LE4-09,2008,68.34769230769231,-1.9057629255989923,-20.66115384615385,-2.5251854471286292
4LE4-09,2009,-107.4623076923077,-0.9118284993694843,6.418846153846161,-2.4667219485060397
4LE4-09,2010,-24.302307692307693,-1.0577301387137439,-0.8411538461538441,-0.6278886151727061
4LE4-09,2011,64.9276923076923,-2.2534678436317783,14.568846153846167,-4.0102219485060395
4LE4-09,2012,21.207692307692298,1.2139092055485499,22.708846153846153,4.429360007416825
4LE4-09,2013,88.00769230769231,-1.9480580075662033,32.998846153846145,-4.4149719485060395
4LE4-09,2014,179.99769230769232,-1.1860907944514487,-6.201153846153844,-3.1803886151727063
4LE4-09,2015,32.21769230769229,-1.0688776796973514,-74.72115384615384,0.6774447181606273
4LE4-09,2016,-106.6623076923077,1.4124337957124844,-12.261153846153846,1.6329963710531894
4LE4-09,2017,7.807692307692292,-0.09002522068095686,-35.451153846153844,1.1925280514939605
4LE4-09,2018,-14.442307692307708,2.615056746532158,-22.10115384615385,-2.967888615172706
4LE4-09,2019,92.47769230769228,-1.599041614123582,60.59884615384617,-4.655055281839373
4LE4-09,2020,-48.83230769230771,0.2386633039092061,-87.62115384615385,-0.40667305043441404
4LE4-09,2021,-109.30230769230769,2.226040353089534,33.34884615384614,0.41419471816062714
4LE4-09,2022,6.177692307692297,0.4489911727616658,-3.531153846153842,-3.1307219485060394
4LE4-09,2023,-81.0523076923077,3.274073139974778,-9.021153846153851,-3.205055281839373
4LE4-10,2008,68.34769230769231,-1.9057629255989923,-20.66115384615385,-2.5251854471286292
4LE4-10,2009,-107.4623076923077,-0.9118284993694843,6.418846153846161,-2.4667219485060397
4LE4-10,2010,-24.302307692307693,-1.0577301387137439,-0.8411538461538441,-0.6278886151727061
4LE4-10,2011,64.9276923076923,-2.2534678436317783,14.568846153846167,-4.0102219485060395
4LE4-10,2012,21.207692307692298,1.2139092055485499,22.708846153846153,4.429360007416825
4LE4-10,2013,88.00769230769231,-1.9480580075662033,32.998846153846145,-4.4149719485060395
4LE4-10,2014,179.99769230769232,-1.1860907944514487,-6.201153846153844,-3.1803886151727063
4LE4-10,2015,32.21769230769229,-1.0688776796973514,-74.72115384615384,0.6774447181606273
4LE4-10,2016,-106.6623076923077,1.4124337957124844,-12.261153846153846,1.6329963710531894
4LE4-10,2017,7.807692307692292,-0.09002522068095686,-35.451153846153844,1.1925280514939605
4LE4-10,2018,-14.442307692307708,2.615056746532158,-22.10115384615385,-2.967888615172706
4LE4-10,2019,92.47769230769228,-1.599041614123582,60.59884615384617,-4.655055281839373
4LE4-10,2020,-48.83230769230771,0.2386633039092061,-87.62115384615385,-0.40667305043441404
4LE4-10,2021,-109.30230769230769,2.226040353089534,33.34884615384614,0.41419471816062714
4LE4-10,2022,6.177692307692297,0.4489911727616658,-3.531153846153842,-3.1307219485060394
4LE4-10,2023,-81.0523076923077,3.274073139974778,-9.021153846153851,-3.205055281839373
4LE4-11,2008,68.35461538461536,-1.8998360655737692,-20.881538461538454,-2.526085478915024
4LE4-11,2009,-108.31538461538463,-0.9026229508196728,6.438461538461539,-2.460135754397118
4LE4-11,2010,-24.80538461538464,-1.0503278688524595,-0.9715384615384579,-0.6221357543971182
4LE4-11,2011,64.31461538461537,-2.2570491803278685,14.688461538461539,-4.004719087730451
4LE4-11,2012,22.304615384615374,1.2119672131147539,22.628461538461536,4.429121132655223
4LE4-11,2013,89.75461538461539,-1.9493442622950816,33.15846153846154,-4.418635754397118
4LE4-11,2014,180.10461538461536,-1.1903278688524601,-5.401538461538465,-3.1875524210637844
4LE4-11,2015,31.95461538461538,-1.0657377049180319,-74.77153846153846,0.6750309122695488
4LE4-11,2016,-106.97538461538463,1.410327868852459,-13.53153846153846,1.6334186533163804
4LE4-11,2017,6.6246153846153675,-0.08934426229508219,-36.68153846153845,1.2012809122695485
4LE4-11,2018,-15.515384615384619,2.6198360655737716,-22.961538461538453,-2.9578024210637848
4LE4-11,2019,90.23461538461535,-1.5906557377049175,59.66846153846156,-4.640635754397118
4LE4-11,2020,-49.22538461538463,0.24934426229508233,-87.97153846153846,-0.39575490040262773
4LE4-11,2021,-113.89538461538463,2.2291803278688533,30.338461538461544,0.41644757893621565
4LE4-11,2022,6.664615384615388,0.45655737704917954,-6.171538461538461,-3.131969087730451
4LE4-11,2023,-81.78538461538463,3.2772131147540975,-9.801538461538456,-3.1987190877304514
4LE4-18,2008,68.35461538461536,-1.8998360655737692,-20.881538461538454,-2.526085478915024
4LE4-18,2009,-108.31538461538463,-0.9026229508196728,6.438461538461539,-2.460135754397118
4LE4-18,2010,-24.80538461538464,-1.0503278688524595,-0.9715384615384579,-0.6221357543971182
4LE4-18,2011,64.31461538461537,-2.2570491803278685,14.688461538461539,-4.004719087730451
4LE4-18,2012,22.304615384615374,1.2119672131147539,22.628461538461536,4.429121132655223
4LE4-18,2013,89.75461538461539,-1.9493442622950816,33.15846153846154,-4.418635754397118
4LE4-18,2014,180.10461538461536,-1.1903278688524601,-5.401538461538465,-3.1875524210637844
4LE4-18,2015,31.95461538461538,-1.0657377049180319,-74.77153846153846,0.6750309122695488
4LE4-18,2016,-106.97538461538463,1.410327868852459,-13.53153846153846,1.6334186533163804
4LE4-18,2017,6.6246153846153675,-0.08934426229508219,-36.68153846153845,1.2012809122695485
4LE4-18,2018,-15.515384615384619,2.6198360655737716,-22.961538461538453,-2.9578024210637848
4LE4-18,2019,90.23461538461535,-1.5906557377049175,59.66846153846156,-4.640635754397118
4LE4-18,2020,-49.22538461538463,0.24934426229508233,-87.97153846153846,-0.39575490040262773
4LE4-18,2021,-113.89538461538463,2.2291803278688533,30.338461538461544,0.41644757893621565
4LE4-18,2022,6.664615384615388,0.45655737704917954,-6.171538461538461,-3.131969087730451
4LE4-18,2023,-81.78538461538463,3.2772131147540975,-9.801538461538456,-3.1987190877304514
4SI2-01,2008,6.367692307692323,-1.453581336696093,-9.868846153846135,-2.3455177209154483
4SI2-01,2009,-105.7823076923077,-0.3765321563682207,-11.02884615384616,-1.1993889330366603
4SI2-01,2010,49.8276923076923,-0.5025977301387137,-28.198846153846148,-0.14963893303666032
4SI2-01,2011,43.21769230769232,-1.6539092055485511,60.881153846153865,-3.3179722663699938
4SI2-01,2012,110.93769230769232,1.7536317780580077,22.22115384615384,5.013242609663065
4SI2-01,2013,45.5776923076923,-2.132761664564942,26.73115384615386,-3.4402222663699935
4SI2-01,2014,180.49769230769232,-0.8580075662042894,5.99115384615385,-3.2552222663699935
4SI2-01,2015,61.41769230769228,-0.6898108448928113,-84.76884615384614,0.6981110669633397
4SI2-01,2016,-13.072307692307703,1.0952711223203018,-22.668846153846147,1.6386145104895107
4SI2-01,2017,-39.97230769230768,0.04035308953341499,-10.938846153846157,1.90761106696334
4SI2-01,2018,96.46769230769229,1.9874022698612848,-6.768846153846141,-2.9448055997033267
4SI2-01,2019,90.91769230769228,-1.7327616645649435,122.08115384615388,-3.5167222663699937
4SI2-01,2020,-24.7323076923077,0.5188776796973507,-10.928846153846138,0.29985417991099794
4SI2-01,2021,-110.3223076923077,2.1767465321563684,25.54115384615386,0.4525277336300064
4SI2-01,2022,1.6776923076923254,0.8842875157629244,32.27115384615385,-2.503805599703327
4SI2-01,2023,-63.80230769230769,3.04658259773014,50.31115384615384,-2.1538889330366606
4SI2-02,2008,6.367692307692323,-1.453581336696093,-9.868846153846135,-2.3455177209154483
4SI2-02,2009,-105.7823076923077,-0.3765321563682207,-11.02884615384616,-1.1993889330366603
4SI2-02,2010,49.8276923076923,-0.5025977301387137,-28.198846153846148,-0.14963893303666032
4SI2-02,2011,43.21769230769232,-1.6539092055485511,60.881153846153865,-3.3179722663699938
4SI2-02,2012,110.93769230769232,1.7536317780580077,22.22115384615384,5.013242609663065
4SI2-02,2013,45.5776923076923,-2.132761664564942,26.73115384615386,-3.4402222663699935
4SI2-02,2014,180.49769230769232,-0.8580075662042894,5.99115384615385,-3.2552222663699935
4SI2-02,2015,61.41769230769228,-0.6898108448928113,-84.76884615384614,0.6981110669633397
4SI2-02,2016,-13.072307692307703,1.0952711223203018,-22.668846153846147,1.6386145104895107
4SI2-02,2017,-39.97230769230768,0.04035308953341499,-10.938846153846157,1.90761106696334
4SI2-02,2018,96.46769230769229,1.9874022698612848,-6.768846153846141,-2.9448055997033267
4SI2-02,2019,90.91769230769228,-1.7327616645649435,122.08115384615388,-3.5167222663699937
4SI2-02,2020,-24.7323076923077,0.5188776796973507,-10.928846153846138,0.29985417991099794
4SI2-02,2021,-110.3223076923077,2.1767465321563684,25.54115384615386,0.4525277336300064
4SI2-02,2022,1.6776923076923254,0.8842875157629244,32.27115384615385,-2.503805599703327
4SI2-02,2023,-63.80230769230769,3.04658259773014,50.31115384615384,-2.1538889330366606
4SI2-03,2008,6.367692307692323,-1.453581336696093,-9.868846153846135,-2.3455177209154483
4SI2-03,2009,-105.7823076923077,-0.3765321563682207,-11.02884615384616,-1.1993889330366603
4SI2-03,2010,49.8276923076923,-0.5025977301387137,-28.198846153846148,-0.14963893303666032
4SI2-03,2011,43.21769230769232,-1.6539092055485511,60.881153846153865,-3.3179722663699938
4SI2-03,2012,110.93769230769232,1.7536317780580077,22.22115384615384,5.013242609663065
4SI2-03,2013,45.5776923076923,-2.132761664564942,26.73115384615386,-3.4402222663699935
4SI2-03,2014,180.49769230769232,-0.8580075662042894,5.99115384615385,-3.2552222663699935
4SI2-03,2015,61.41769230769228,-0.6898108448928113,-84.76884615384614,0.6981110669633397
4SI2-03,2016,-13.072307692307703,1.0952711223203018,-22.668846153846147,1.6386145104895107
4SI2-03,2017,-39.97230769230768,0.04035308953341499,-10.938846153846157,1.90761106696334
4SI2-03,2018,96.46769230769229,1.9874022698612848,-6.768846153846141,-2.9448055997033267
4SI2-03,2019,90.91769230769228,-1.7327616645649435,122.08115384615388,-3.5167222663699937
4SI2-03,2020,-24.7323076923077,0.5188776796973507,-10.928846153846138,0.29985417991099794
4SI2-03,2021,-110.3223076923077,2.1767465321563684,25.54115384615386,0.4525277336300064
4SI2-03,2022,1.6776923076923254,0.8842875157629244,32.27115384615385,-2.503805599703327
4SI2-03,2023,-63.80230769230769,3.04658259773014,50.31115384615384,-2.1538889330366606
4SI2-04,2008,6.367692307692323,-1.453581336696093,-9.868846153846135,-2.3455177209154483
4SI2-04,2009,-105.7823076923077,-0.3765321563682207,-11.02884615384616,-1.1993889330366603
4SI2-04,2010,49.8276923076923,-0.5025977301387137,-28.198846153846148,-0.14963893303666032
4SI2-04,2011,43.21769230769232,-1.6539092055485511,60.881153846153865,-3.3179722663699938
4SI2-04,2012,110.93769230769232,1.7536317780580077,22.22115384615384,5.013242609663065
4SI2-04,2013,45.5776923076923,-2.132761664564942,26.73115384615386,-3.4402222663699935
4SI2-04,2014,180.49769230769232,-0.8580075662042894,5.99115384615385,-3.2552222663699935
4SI2-04,2015,61.41769230769228,-0.6898108448928113,-84.76884615384614,0.6981110669633397
4SI2-04,2016,-13.072307692307703,1.0952711223203018,-22.668846153846147,1.6386145104895107
4SI2-04,2017,-39.97230769230768,0.04035308953341499,-10.938846153846157,1.90761106696334
4SI2-04,2018,96.46769230769229,1.9874022698612848,-6.768846153846141,-2.9448055997033267
4SI2-04,2019,90.91769230769228,-1.7327616645649435,122.08115384615388,-3.5167222663699937
4SI2-04,2020,-24.7323076923077,0.5188776796973507,-10.928846153846138,0.29985417991099794
4SI2-04,2021,-110.3223076923077,2.1767465321563684,25.54115384615386,0.4525277336300064
4SI2-04,2022,1.6776923076923254,0.8842875157629244,32.27115384615385,-2.503805599703327
4SI2-04,2023,-63.80230769230769,3.04658259773014,50.31115384615384,-2.1538889330366606
4SI2-05,2008,6.367692307692323,-1.453581336696093,-9.868846153846135,-2.3455177209154483
4SI2-05,2009,-105.7823076923077,-0.3765321563682207,-11.02884615384616,-1.1993889330366603
4SI2-05,2010,49.8276923076923,-0.5025977301387137,-28.198846153846148,-0.14963893303666032
4SI2-05,2011,43.21769230769232,-1.6539092055485511,60.881153846153865,-3.3179722663699938
4SI2-05,2012,110.93769230769232,1.7536317780580077,22.22115384615384,5.013242609663065
4SI2-05,2013,45.5776923076923,-2.132761664564942,26.73115384615386,-3.4402222663699935
4SI2-05,2014,180.49769230769232,-0.8580075662042894,5.99115384615385,-3.2552222663699935
4SI2-05,2015,61.41769230769228,-0.6898108448928113,-84.76884615384614,0.6981110669633397
4SI2-05,2016,-13.072307692307703,1.0952711223203018,-22.668846153846147,1.6386145104895107
4SI2-05,2017,-39.97230769230768,0.04035308953341499,-10.938846153846157,1.90761106696334
4SI2-05,2018,96.46769230769229,1.9874022698612848,-6.768846153846141,-2.9448055997033267
4SI2-05,2019,90.91769230769228,-1.7327616645649435,122.08115384615388,-3.5167222663699937
4SI2-05,2020,-24.7323076923077,0.5188776796973507,-10.928846153846138,0.29985417991099794
4SI2-05,2021,-110.3223076923077,2.1767465321563684,25.54115384615386,0.4525277336300064
4SI2-05,2022,1.6776923076923254,0.8842875157629244,32.27115384615385,-2.503805599703327
4SI2-05,2023,-63.80230769230769,3.04658259773014,50.31115384615384,-2.1538889330366606
4SI2-06,2008,6.367692307692323,-1.453581336696093,-9.868846153846135,-2.3455177209154483
4SI2-06,2009,-105.7823076923077,-0.3765321563682207,-11.02884615384616,-1.1993889330366603
4SI2-06,2010,49.8276923076923,-0.5025977301387137,-28.198846153846148,-0.14963893303666032
4SI2-06,2011,43.21769230769232,-1.6539092055485511,60.881153846153865,-3.3179722663699938
4SI2-06,2012,110.93769230769232,1.7536317780580077,22.22115384615384,5.013242609663065
4SI2-06,2013,45.5776923076923,-2.132761664564942,26.73115384615386,-3.4402222663699935
4SI2-06,2014,180.49769230769232,-0.8580075662042894,5.99115384615385,-3.2552222663699935
4SI2-06,2015,61.41769230769228,-0.6898108448928113,-84.76884615384614,0.6981110669633397
4SI2-06,2016,-13.072307692307703,1.0952711223203018,-22.668846153846147,1.6386145104895107
4SI2-06,2017,-39.97230769230768,0.04035308953341499,-10.938846153846157,1.90761106696334
4SI2-06,2018,96.46769230769229,1.9874022698612848,-6.768846153846141,-2.9448055997033267
4SI2-06,2019,90.91769230769228,-1.7327616645649435,122.08115384615388,-3.5167222663699937
4SI2-06,2020,-24.7323076923077,0.5188776796973507,-10.928846153846138,0.29985417991099794
4SI2-06,2021,-110.3223076923077,2.1767465321563684,25.54115384615386,0.4525277336300064
4SI2-06,2022,1.6776923076923254,0.8842875157629244,32.27115384615385,-2.503805599703327
4SI2-06,2023,-63.80230769230769,3.04658259773014,50.31115384615384,-2.1538889330366606
4SI2-07,2008,6.367692307692323,-1.453581336696093,-9.868846153846135,-2.3455177209154483
4SI2-07,2009,-105.7823076923077,-0.3765321563682207,-11.02884615384616,-1.1993889330366603
4SI2-07,2010,49.8276923076923,-0.5025977301387137,-28.198846153846148,-0.14963893303666032
4SI2-07,2011,43.21769230769232,-1.6539092055485511,60.881153846153865,-3.3179722663699938
4SI2-07,2012,110.93769230769232,1.7536317780580077,22.22115384615384,5.013242609663065
4SI2-07,2013,45.5776923076923,-2.132761664564942,26.73115384615386,-3.4402222663699935
4SI2-07,2014,180.49769230769232,-0.8580075662042894,5.99115384615385,-3.2552222663699935
4SI2-07,2015,61.41769230769228,-0.6898108448928113,-84.76884615384614,0.6981110669633397
4SI2-07,2016,-13.072307692307703,1.0952711223203018,-22.668846153846147,1.6386145104895107
4SI2-07,2017,-39.97230769230768,0.04035308953341499,-10.938846153846157,1.90761106696334
4SI2-07,2018,96.46769230769229,1.9874022698612848,-6.768846153846141,-2.9448055997033267
4SI2-07,2019,90.91769230769228,-1.7327616645649435,122.08115384615388,-3.5167222663699937
4SI2-07,2020,-24.7323076923077,0.5188776796973507,-10.928846153846138,0.29985417991099794
4SI2-07,2021,-110.3223076923077,2.1767465321563684,25.54115384615386,0.4525277336300064
4SI2-07,2022,1.6776923076923254,0.8842875157629244,32.27115384615385,-2.503805599703327
4SI2-07,2023,-63.80230769230769,3.04658259773014,50.31115384615384,-2.1538889330366606
4SI3-01,2008,24.727307692307704,-1.4888146279949552,-41.83269230769231,-2.2183875291375292
4SI3-01,2009,-121.55269230769231,-0.37504413619167565,-0.22269230769231285,-1.5106244437380802
4SI3-01,2010,39.00730769230768,-0.5748802017654491,-17.612692307692313,-0.20412444373808025
4SI3-01,2011,60.217307692307685,-1.725044136191677,22.997307692307686,-3.457791110404747
4SI3-01,2012,135.23730769230767,1.7141361916771736,23.14730769230769,4.939959578300487
4SI3-01,2013,111.42730769230772,-1.9886506935687258,57.42730769230769,-3.694791110404747
4SI3-01,2014,172.7673076923077,-0.8216015132408572,19.457307692307694,-3.2394577770714137
4SI3-01,2015,65.52730769230769,-0.6689785624211844,-73.01269230769232,0.7149588895952532
4SI3-01,2016,-43.522692307692296,1.3790542244640598,-5.822692307692321,1.688141396482305
4SI3-01,2017,-19.532692307692315,0.07069356872635524,-34.32269230769232,1.75062555626192
4SI3-01,2018,83.56730769230771,2.3200378310214376,31.14730769230769,-2.8187911104047467
4SI3-01,2019,66.7673076923077,-1.56701134930643,96.82730769230767,-3.66412444373808
4SI3-01,2020,-15.452692307692303,0.5805296343001274,-43.94269230769231,0.17938106590379288
4SI3-01,2021,-110.4526923076923,2.342824716267341,20.777307692307687,0.5142922229285865
4SI3-01,2022,29.57730769230767,0.8146279949558632,7.497307692307686,-2.6200411104047467
4SI3-01,2023,-11.712692307692294,3.2918411097099636,17.917307692307674,-2.352291110404747
4SI3-02,2008,24.727307692307704,-1.4888146279949552,-41.83269230769231,-2.2183875291375292
4SI3-02,2009,-121.55269230769231,-0.37504413619167565,-0.22269230769231285,-1.5106244437380802
4SI3-02,2010,39.00730769230768,-0.5748802017654491,-17.612692307692313,-0.20412444373808025
4SI3-02,2011,60.217307692307685,-1.725044136191677,22.997307692307686,-3.457791110404747
4SI3-02,2012,135.23730769230767,1.7141361916771736,23.14730769230769,4.939959578300487
4SI3-02,2013,111.42730769230772,-1.9886506935687258,57.42730769230769,-3.694791110404747
4SI3-02,2014,172.7673076923077,-0.8216015132408572,19.457307692307694,-3.2394577770714137
4SI3-02,2015,65.52730769230769,-0.6689785624211844,-73.01269230769232,0.7149588895952532
4SI3-02,2016,-43.522692307692296,1.3790542244640598,-5.822692307692321,1.688141396482305
4SI3-02,2017,-19.532692307692315,0.07069356872635524,-34.32269230769232,1.75062555626192
4SI3-02,2018,83.56730769230771,2.3200378310214376,31.14730769230769,-2.8187911104047467
4SI3-02,2019,66.7673076923077,-1.56701134930643,96.82730769230767,-3.66412444373808
4SI3-02,2020,-15.452692307692303,0.5805296343001274,-43.94269230769231,0.17938106590379288
4SI3-02,2021,-110.4526923076923,2.342824716267341,20.777307692307687,0.5142922229285865
4SI3-02,2022,29.57730769230767,0.8146279949558632,7.497307692307686,-2.6200411104047467
4SI3-02,2023,-11.712692307692294,3.2918411097099636,17.917307692307674,-2.352291110404747
4SI3-03,2008,24.727307692307704,-1.4888146279949552,-41.83269230769231,-2.2183875291375292
4SI3-03,2009,-121.55269230769231,-0.37504413619167565,-0.22269230769231285,-1.5106244437380802
4SI3-03,2010,39.00730769230768,-0.5748802017654491,-17.612692307692313,-0.20412444373808025
4SI3-03,2011,60.217307692307685,-1.725044136191677,22.997307692307686,-3.457791110404747
4SI3-03,2012,135.23730769230767,1.7141361916771736,23.14730769230769,4.939959578300487
4SI3-03,2013,111.42730769230772,-1.9886506935687258,57.42730769230769,-3.694791110404747
4SI3-03,2014,172.7673076923077,-0.8216015132408572,19.457307692307694,-3.2394577770714137
4SI3-03,2015,65.52730769230769,-0.6689785624211844,-73.01269230769232,0.7149588895952532
4SI3-03,2016,-43.522692307692296,1.3790542244640598,-5.822692307692321,1.688141396482305
4SI3-03,2017,-19.532692307692315,0.07069356872635524,-34.32269230769232,1.75062555626192
4SI3-03,2018,83.56730769230771,2.3200378310214376,31.14730769230769,-2.8187911104047467
4SI3-03,2019,66.7673076923077,-1.56701134930643,96.82730769230767,-3.66412444373808
4SI3-03,2020,-15.452692307692303,0.5805296343001274,-43.94269230769231,0.17938106590379288
4SI3-03,2021,-110.4526923076923,2.342824716267341,20.777307692307687,0.5142922229285865
4SI3-03,2022,29.57730769230767,0.8146279949558632,7.497307692307686,-2.6200411104047467
4SI3-03,2023,-11.712692307692294,3.2918411097099636,17.917307692307674,-2.352291110404747
4SI3-04,2008,24.727307692307704,-1.4888146279949552,-41.83269230769231,-2.2183875291375292
4SI3-04,2009,-121.55269230769231,-0.37504413619167565,-0.22269230769231285,-1.5106244437380802
4SI3-04,2010,39.00730769230768,-0.5748802017654491,-17.612692307692313,-0.20412444373808025
4SI3-04,2011,60.217307692307685,-1.725044136191677,22.997307692307686,-3.457791110404747
4SI3-04,2012,135.23730769230767,1.7141361916771736,23.14730769230769,4.939959578300487
4SI3-04,2013,111.42730769230772,-1.9886506935687258,57.42730769230769,-3.694791110404747
4SI3-04,2014,172.7673076923077,-0.8216015132408572,19.457307692307694,-3.2394577770714137
4SI3-04,2015,65.52730769230769,-0.6689785624211844,-73.01269230769232,0.7149588895952532
4SI3-04,2016,-43.522692307692296,1.3790542244640598,-5.822692307692321,1.688141396482305
4SI3-04,2017,-19.532692307692315,0.07069356872635524,-34.32269230769232,1.75062555626192
4SI3-04,2018,83.56730769230771,2.3200378310214376,31.14730769230769,-2.8187911104047467
4SI3-04,2019,66.7673076923077,-1.56701134930643,96.82730769230767,-3.66412444373808
4SI3-04,2020,-15.452692307692303,0.5805296343001274,-43.94269230769231,0.17938106590379288
4SI3-04,2021,-110.4526923076923,2.342824716267341,20.777307692307687,0.5142922229285865
4SI3-04,2022,29.57730769230767,0.8146279949558632,7.497307692307686,-2.6200411104047467
4SI3-04,2023,-11.712692307692294,3.2918411097099636,17.917307692307674,-2.352291110404747
4SI4-01,2008,-24.8273076923077,-1.3380895334174028,-18.438846153846157,-2.749331585081585
4SI4-01,2009,-102.8273076923077,-0.7653026481715024,-10.74884615384616,-1.1037730451366818
4SI4-01,2010,61.482692307692304,-0.5253026481715004,-9.148846153846137,-0.4610230451366819
4SI4-01,2011,47.202692307692274,-1.4067780580075677,27.02115384615385,-3.202689711803348
4SI4-01,2012,83.21269230769232,1.8856809583858762,16.151153846153846,4.673643621529984
4SI4-01,2013,49.60269230769231,-1.9428436317780609,87.41115384615384,-2.9797730451366817
4SI4-01,2014,163.26269230769228,-0.9759583858764209,28.151153846153846,-3.647356378470015
4SI4-01,2015,29.762692307692276,-1.063499369482976,-79.59884615384615,0.2541436215299848
4SI4-01,2016,50.84269230769232,0.5040416141235795,12.171153846153857,1.0021560182242002
4SI4-01,2017,-22.87730769230771,-0.3323518284993696,-0.7988461538461422,1.575226954863318
4SI4-01,2018,203.0526923076923,1.495025220680958,8.26115384615386,-3.580856378470015
4SI4-01,2019,41.47269230769231,-2.3307124842370754,126.69115384615387,-3.8144397118033484
4SI4-01,2020,90.09269230769232,0.30633669609079206,3.6111538461538544,-0.0510671222716681
4SI4-01,2021,-95.0773076923077,1.4748612862547255,-25.78884615384615,0.10472695486331807
4SI4-01,2022,-88.71730769230771,0.7807629255989887,40.151153846153846,-2.449106378470015
4SI4-01,2023,34.502692307692286,2.141090794451447,55.76115384615386,-2.055856378470015
4SI4-02,2008,-23.726153846153835,-1.3463240857503145,-19.341538461538477,-2.7543153475312563
4SI4-02,2009,-101.23615384615384,-0.7692749054224457,-17.12153846153845,-1.1125557056579782
4SI4-02,2010,63.213846153846134,-0.5335372005044121,-9.87153846153845,-0.45772237232464486
4SI4-02,2011,48.81384615384616,-1.4192749054224478,26.198461538461544,-3.217805705657978
4SI4-02,2012,84.24384615384616,1.8730201765447667,14.62846153846155,4.6579987020555205
4SI4-02,2013,48.87384615384616,-1.9518978562421196,86.29846153846151,-2.9961390389913114
4SI4-02,2014,167.40384615384613,-0.985504413619168,30.798461538461538,-3.6623890389913116
4SI4-02,2015,31.063846153846157,-1.0673076923076934,-80.43153846153847,0.24694429434202192
4SI4-02,2016,51.64384615384614,0.4948234552332913,10.62846153846155,1.0034532475100657
4SI4-02,2017,-21.776153846153846,-0.34206179066834963,-1.2615384615384642,1.5746942943420215
4SI4-02,2018,205.62384615384616,1.4856431273644404,5.078461538461539,-3.578305705657978
4SI4-02,2019,43.72384615384618,-2.3374716267339224,125.22846153846152,-3.821972372324645
4SI4-02,2020,93.09384615384613,0.3079382093316525,1.6184615384615313,-0.05464592604365315
4SI4-02,2021,-93.72615384615384,1.4735119798234564,-26.321538461538466,0.10511096100868844
4SI4-02,2022,-88.91615384615383,0.770561160151324,39.228461538461545,-2.465639038991312
4SI4-02,2023,35.41384615384618,2.144167717528372,55.478461538461545,-2.068222372324645
4SI4-03,2008,-23.726153846153835,-1.3463240857503145,-19.341538461538477,-2.7543153475312563
4SI4-03,2009,-101.23615384615384,-0.7692749054224457,-17.12153846153845,-1.1125557056579782
4SI4-03,2010,63.213846153846134,-0.5335372005044121,-9.87153846153845,-0.45772237232464486
4SI4-03,2011,48.81384615384616,-1.4192749054224478,26.198461538461544,-3.217805705657978
4SI4-03,2012,84.24384615384616,1.8730201765447667,14.62846153846155,4.6579987020555205
4SI4-03,2013,48.87384615384616,-1.9518978562421196,86.29846153846151,-2.9961390389913114
4SI4-03,2014,167.40384615384613,-0.985504413619168,30.798461538461538,-3.6623890389913116
4SI4-03,2015,31.063846153846157,-1.0673076923076934,-80.43153846153847,0.24694429434202192
4SI4-03,2016,51.64384615384614,0.4948234552332913,10.62846153846155,1.0034532475100657
4SI4-03,2017,-21.776153846153846,-0.34206179066834963,-1.2615384615384642,1.5746942943420215
4SI4-03,2018,205.62384615384616,1.4856431273644404,5.078461538461539,-3.578305705657978
4SI4-03,2019,43.72384615384618,-2.3374716267339224,125.22846153846152,-3.821972372324645
4SI4-03,2020,93.09384615384613,0.3079382093316525,1.6184615384615313,-0.05464592604365315
4SI4-03,2021,-93.72615384615384,1.4735119798234564,-26.321538461538466,0.10511096100868844
4SI4-03,2022,-88.91615384615383,0.770561160151324,39.228461538461545,-2.465639038991312
4SI4-03,2023,35.41384615384618,2.144167717528372,55.478461538461545,-2.068222372324645
4SI4-04,2008,-23.726153846153835,-1.3463240857503145,-19.341538461538477,-2.7543153475312563
4SI4-04,2009,-101.23615384615384,-0.7692749054224457,-17.12153846153845,-1.1125557056579782
4SI4-04,2010,63.213846153846134,-0.5335372005044121,-9.87153846153845,-0.45772237232464486
4SI4-04,2011,48.81384615384616,-1.4192749054224478,26.198461538461544,-3.217805705657978
4SI4-04,2012,84.24384615384616,1.8730201765447667,14.62846153846155,4.6579987020555205
4SI4-04,2013,48.87384615384616,-1.9518978562421196,86.29846153846151,-2.9961390389913114
4SI4-04,2014,167.40384615384613,-0.985504413619168,30.798461538461538,-3.6623890389913116
4SI4-04,2015,31.063846153846157,-1.0673076923076934,-80.43153846153847,0.24694429434202192
4SI4-04,2016,51.64384615384614,0.4948234552332913,10.62846153846155,1.0034532475100657
4SI4-04,2017,-21.776153846153846,-0.34206179066834963,-1.2615384615384642,1.5746942943420215
4SI4-04,2018,205.62384615384616,1.4856431273644404,5.078461538461539,-3.578305705657978
4SI4-04,2019,43.72384615384618,-2.3374716267339224,125.22846153846152,-3.821972372324645
4SI4-04,2020,93.09384615384613,0.3079382093316525,1.6184615384615313,-0.05464592604365315
4SI4-04,2021,-93.72615384615384,1.4735119798234564,-26.321538461538466,0.10511096100868844
4SI4-04,2022,-88.91615384615383,0.770561160151324,39.228461538461545,-2.465639038991312
4SI4-04,2023,35.41384615384618,2.144167717528372,55.478461538461545,-2.068222372324645
4SI4-05,2008,-23.726153846153835,-1.3463240857503145,-19.341538461538477,-2.7543153475312563
4SI4-05,2009,-101.23615384615384,-0.7692749054224457,-17.12153846153845,-1.1125557056579782
4SI4-05,2010,63.213846153846134,-0.5335372005044121,-9.87153846153845,-0.45772237232464486
4SI4-05,2011,48.81384615384616,-1.4192749054224478,26.198461538461544,-3.217805705657978
4SI4-05,2012,84.24384615384616,1.8730201765447667,14.62846153846155,4.6579987020555205
4SI4-05,2013,48.87384615384616,-1.9518978562421196,86.29846153846151,-2.9961390389913114
4SI4-05,2014,167.40384615384613,-0.985504413619168,30.798461538461538,-3.6623890389913116
4SI4-05,2015,31.063846153846157,-1.0673076923076934,-80.43153846153847,0.24694429434202192
4SI4-05,2016,51.64384615384614,0.4948234552332913,10.62846153846155,1.0034532475100657
4SI4-05,2017,-21.776153846153846,-0.34206179066834963,-1.2615384615384642,1.5746942943420215
4SI4-05,2018,205.62384615384616,1.4856431273644404,5.078461538461539,-3.578305705657978
4SI4-05,2019,43.72384615384618,-2.3374716267339224,125.22846153846152,-3.821972372324645
4SI4-05,2020,93.09384615384613,0.3079382093316525,1.6184615384615313,-0.05464592604365315
4SI4-05,2021,-93.72615384615384,1.4735119798234564,-26.321538461538466,0.10511096100868844
4SI4-05,2022,-88.91615384615383,0.770561160151324,39.228461538461545,-2.465639038991312
4SI4-05,2023,35.41384615384618,2.144167717528372,55.478461538461545,-2.068222372324645
4SI4-06,2008,-23.726153846153835,-1.3463240857503145,-19.341538461538477,-2.7543153475312563
4SI4-06,2009,-101.23615384615384,-0.7692749054224457,-17.12153846153845,-1.1125557056579782
4SI4-06,2010,63.213846153846134,-0.5335372005044121,-9.87153846153845,-0.45772237232464486
4SI4-06,2011,48.81384615384616,-1.4192749054224478,26.198461538461544,-3.217805705657978
4SI4-06,2012,84.24384615384616,1.8730201765447667,14.62846153846155,4.6579987020555205
4SI4-06,2013,48.87384615384616,-1.9518978562421196,86.29846153846151,-2.9961390389913114
4SI4-06,2014,167.40384615384613,-0.985504413619168,30.798461538461538,-3.6623890389913116
4SI4-06,2015,31.063846153846157,-1.0673076923076934,-80.43153846153847,0.24694429434202192
4SI4-06,2016,51.64384615384614,0.4948234552332913,10.62846153846155,1.0034532475100657
4SI4-06,2017,-21.776153846153846,-0.34206179066834963,-1.2615384615384642,1.5746942943420215
4SI4-06,2018,205.62384615384616,1.4856431273644404,5.078461538461539,-3.578305705657978
4SI4-06,2019,43.72384615384618,-2.3374716267339224,125.22846153846152,-3.821972372324645
4SI4-06,2020,93.09384615384613,0.3079382093316525,1.6184615384615313,-0.05464592604365315
4SI4-06,2021,-93.72615384615384,1.4735119798234564,-26.321538461538466,0.10511096100868844
4SI4-06,2022,-88.91615384615383,0.770561160151324,39.228461538461545,-2.465639038991312
4SI4-06,2023,35.41384615384618,2.144167717528372,55.478461538461545,-2.068222372324645
4SI4-07,2008,-23.726153846153835,-1.3463240857503145,-19.341538461538477,-2.7543153475312563
4SI4-07,2009,-101.23615384615384,-0.7692749054224457,-17.12153846153845,-1.1125557056579782
4SI4-07,2010,63.213846153846134,-0.5335372005044121,-9.87153846153845,-0.45772237232464486
4SI4-07,2011,48.81384615384616,-1.4192749054224478,26.198461538461544,-3.217805705657978
4SI4-07,2012,84.24384615384616,1.8730201765447667,14.62846153846155,4.6579987020555205
4SI4-07,2013,48.87384615384616,-1.9518978562421196,86.29846153846151,-2.9961390389913114
4SI4-07,2014,167.40384615384613,-0.985504413619168,30.798461538461538,-3.6623890389913116
4SI4-07,2015,31.063846153846157,-1.0673076923076934,-80.43153846153847,0.24694429434202192
4SI4-07,2016,51.64384615384614,0.4948234552332913,10.62846153846155,1.0034532475100657
4SI4-07,2017,-21.776153846153846,-0.34206179066834963,-1.2615384615384642,1.5746942943420215
4SI4-07,2018,205.62384615384616,1.4856431273644404,5.078461538461539,-3.578305705657978
4SI4-07,2019,43.72384615384618,-2.3374716267339224,125.22846153846152,-3.821972372324645
4SI4-07,2020,93.09384615384613,0.3079382093316525,1.6184615384615313,-0.05464592604365315
4SI4-07,2021,-93.72615384615384,1.4735119798234564,-26.321538461538466,0.10511096100868844
4SI4-07,2022,-88.91615384615383,0.770561160151324,39.228461538461545,-2.465639038991312
4SI4-07,2023,35.41384615384618,2.144167717528372,55.478461538461545,-2.068222372324645
4SI4-08,2008,-23.726153846153835,-1.3463240857503145,-19.341538461538477,-2.7543153475312563
4SI4-08,2009,-101.23615384615384,-0.7692749054224457,-17.12153846153845,-1.1125557056579782
4SI4-08,2010,63.213846153846134,-0.5335372005044121,-9.87153846153845,-0.45772237232464486
4SI4-08,2011,48.81384615384616,-1.4192749054224478,26.198461538461544,-3.217805705657978
4SI4-08,2012,84.24384615384616,1.8730201765447667,14.62846153846155,4.6579987020555205
4SI4-08,2013,48.87384615384616,-1.9518978562421196,86.29846153846151,-2.9961390389913114
4SI4-08,2014,167.40384615384613,-0.985504413619168,30.798461538461538,-3.6623890389913116
4SI4-08,2015,31.063846153846157,-1.0673076923076934,-80.43153846153847,0.24694429434202192
4SI4-08,2016,51.64384615384614,0.4948234552332913,10.62846153846155,1.0034532475100657
4SI4-08,2017,-21.776153846153846,-0.34206179066834963,-1.2615384615384642,1.5746942943420215
4SI4-08,2018,205.62384615384616,1.4856431273644404,5.078461538461539,-3.578305705657978
4SI4-08,2019,43.72384615384618,-2.3374716267339224,125.22846153846152,-3.821972372324645
4SI4-08,2020,93.09384615384613,0.3079382093316525,1.6184615384615313,-0.05464592604365315
4SI4-08,2021,-93.72615384615384,1.4735119798234564,-26.321538461538466,0.10511096100868844
4SI4-08,2022,-88.91615384615383,0.770561160151324,39.228461538461545,-2.465639038991312
4SI4-08,2023,35.41384615384618,2.144167717528372,55.478461538461545,-2.068222372324645
4SI4-09,2008,-23.726153846153835,-1.3463240857503145,-19.341538461538477,-2.7543153475312563
4SI4-09,2009,-101.23615384615384,-0.7692749054224457,-17.12153846153845,-1.1125557056579782
4SI4-09,2010,63.213846153846134,-0.5335372005044121,-9.87153846153845,-0.45772237232464486
4SI4-09,2011,48.81384615384616,-1.4192749054224478,26.198461538461544,-3.217805705657978
4SI4-09,2012,84.24384615384616,1.8730201765447667,14.62846153846155,4.6579987020555205
4SI4-09,2013,48.87384615384616,-1.9518978562421196,86.29846153846151,-2.9961390389913114
4SI4-09,2014,167.40384615384613,-0.985504413619168,30.798461538461538,-3.6623890389913116
4SI4-09,2015,31.063846153846157,-1.0673076923076934,-80.43153846153847,0.24694429434202192
4SI4-09,2016,51.64384615384614,0.4948234552332913,10.62846153846155,1.0034532475100657
4SI4-09,2017,-21.776153846153846,-0.34206179066834963,-1.2615384615384642,1.5746942943420215
4SI4-09,2018,205.62384615384616,1.4856431273644404,5.078461538461539,-3.578305705657978
4SI4-09,2019,43.72384615384618,-2.3374716267339224,125.22846153846152,-3.821972372324645
4SI4-09,2020,93.09384615384613,0.3079382093316525,1.6184615384615313,-0.05464592604365315
4SI4-09,2021,-93.72615384615384,1.4735119798234564,-26.321538461538466,0.10511096100868844
4SI4-09,2022,-88.91615384615383,0.770561160151324,39.228461538461545,-2.465639038991312
4SI4-09,2023,35.41384615384618,2.144167717528372,55.478461538461545,-2.068222372324645
4SI5-01,2008,-23.818076923076916,-1.2133543505674638,-20.713846153846134,-2.713767932824751
4SI5-01,2009,-117.35807692307692,-0.7458133669609062,-23.683846153846133,-1.0332272992159357
4SI5-01,2010,51.0119230769231,-0.4872887767969729,-16.923846153846142,-0.37256063254926897
4SI5-01,2011,40.951923076923094,-1.2508953341740217,37.84615384615384,-3.0664772992159355
4SI5-01,2012,86.16192307692307,1.9377931904161443,30.806153846153848,4.630446943208307
4SI5-01,2013,65.33192307692309,-1.783354350567464,101.49615384615387,-2.8823106325492693
4SI5-01,2014,147.9419230769231,-0.880239596469103,18.796153846153857,-3.684477299215936
4SI5-01,2015,61.11192307692306,-0.9720428751576264,-71.47384615384614,0.228439367450731
4SI5-01,2016,34.431923076923056,0.5668095838587668,15.426153846153852,0.9699510754397118
4SI5-01,2017,-31.318076923076916,-0.2423707440100884,3.416153846153861,1.5348560341173978
4SI5-01,2018,207.5119230769231,1.60844892812106,3.9961538461538453,-3.5468939658826026
4SI5-01,2019,32.421923076923065,-2.3389281210592685,128.50615384615386,-3.754727299215936
4SI5-01,2020,51.3819230769231,0.2984489281210614,-13.033846153846156,-0.11790016422970995
4SI5-01,2021,-112.38807692307694,1.4602522068095851,-28.86384615384614,0.020356034117397392
4SI5-01,2022,-99.47807692307691,0.7410718789407333,26.576153846153858,-2.486227299215936
4SI5-01,2023,-6.338076923076926,2.0404161412358164,40.80615384615385,-1.904060632549269
4SI5-02,2008,-23.818076923076916,-1.2133543505674638,-20.713846153846134,-2.713767932824751
4SI5-02,2009,-117.35807692307692,-0.7458133669609062,-23.683846153846133,-1.0332272992159357
4SI5-02,2010,51.0119230769231,-0.4872887767969729,-16.923846153846142,-0.37256063254926897
4SI5-02,2011,40.951923076923094,-1.2508953341740217,37.84615384615384,-3.0664772992159355
4SI5-02,2012,86.16192307692307,1.9377931904161443,30.806153846153848,4.630446943208307
4SI5-02,2013,65.33192307692309,-1.783354350567464,101.49615384615387,-2.8823106325492693
4SI5-02,2014,147.9419230769231,-0.880239596469103,18.796153846153857,-3.684477299215936
4SI5-02,2015,61.11192307692306,-0.9720428751576264,-71.47384615384614,0.228439367450731
4SI5-02,2016,34.431923076923056,0.5668095838587668,15.426153846153852,0.9699510754397118
4SI5-02,2017,-31.318076923076916,-0.2423707440100884,3.416153846153861,1.5348560341173978
4SI5-02,2018,207.5119230769231,1.60844892812106,3.9961538461538453,-3.5468939658826026
4SI5-02,2019,32.421923076923065,-2.3389281210592685,128.50615384615386,-3.754727299215936
4SI5-02,2020,51.3819230769231,0.2984489281210614,-13.033846153846156,-0.11790016422970995
4SI5-02,2021,-112.38807692307694,1.4602522068095851,-28.86384615384614,0.020356034117397392
4SI5-02,2022,-99.47807692307691,0.7410718789407333,26.576153846153858,-2.486227299215936
4SI5-02,2023,-6.338076923076926,2.0404161412358164,40.80615384615385,-1.904060632549269
5LE1-01,2008,9.860769230769222,-1.4818474148802032,-28.156923076923064,-2.9935859821996185
5LE1-01,2009,-39.40923076923079,-0.6025031525851219,-13.576923076923066,-1.3049489298580208
5LE1-01,2010,99.4107692307692,-0.7521752837326616,-18.46692307692308,-0.6128655965246872
5LE1-01,2011,64.88076923076923,-1.6198802017654508,34.53307692307692,-3.7684489298580206
5LE1-01,2012,66.27076923076922,1.7607755359394694,6.82307692307694,4.919802447552447
5LE1-01,2013,41.5707692307692,-1.8939785624211858,21.263076923076937,-3.388948929858021
5LE1-01,2014,121.05076923076919,-0.875453972257251,-54.076923076923066,-3.701532263191354
5LE1-01,2015,58.37076923076924,-0.7497162673392204,-84.50692307692307,0.8733844034753124
5LE1-01,2016,-28.589230769230795,1.338480453972256,26.723076923076917,0.9112074062301336
5LE1-01,2017,-17.559230769230794,-0.48135561160151497,-32.74692307692307,0.9344677368086458
5LE1-01,2018,21.80076923076922,1.9712673392181586,-13.336923076923057,-3.779032263191354
5LE1-01,2019,84.81076923076924,-2.0821752837326635,196.93307692307692,-4.438198929858021
5LE1-01,2020,-28.43923076923079,-0.5741424968474149,-46.68692307692308,-0.6097843293070566
5LE1-01,2021,-128.03923076923078,1.1976607818411082,14.493076923076927,-0.24969892985802078
5LE1-01,2022,-33.37923076923079,0.5058575031525834,-53.24692307692307,-1.8031989298580209
5LE1-01,2023,-80.44923076923078,2.598152585119795,15.233076923076936,-2.704782263191354
5LE1-02,2008,11.896538461538455,-1.5068726355611588,-27.113846153846154,-2.9928849597372325
5LE1-02,2009,-37.48346153846154,-0.6298234552332893,-12.963846153846163,-1.305373251748252
5LE1-02,2010,102.33653846153845,-0.7739218158890289,-16.85384615384615,-0.6437899184149187
5LE1-02,2011,63.5365384615385,-1.637528373266079,34.87615384615384,-3.7587899184149185
5LE1-02,2012,65.74653846153848,1.758701134930643,6.386153846153832,4.907197684890867
5LE1-02,2013,43.06653846153847,-1.9245775535939451,21.61615384615385,-3.4217899184149188
5LE1-02,2014,130.9865384615385,-0.8901513240857497,-48.06384615384616,-3.707373251748252
5LE1-02,2015,53.74653846153848,-0.7727742749054229,-84.88384615384615,0.8736267482517479
5LE1-02,2016,-27.273461538461532,1.3332912988650705,28.716153846153844,0.9176935526594616
5LE1-02,2017,-17.20346153846154,-0.4368726355611585,-31.443846153846152,0.9345434149184149
5LE1-02,2018,27.106538461538463,1.982471626733922,-7.713846153846163,-3.7632065850815852
5LE1-02,2019,81.76653846153846,-2.053430012610338,191.53615384615387,-4.403206585081585
5LE1-02,2020,-27.553461538461534,-0.5347414880201775,-47.113846153846154,-0.582058513456241
5LE1-02,2021,-127.23346153846153,1.2464060529634295,12.216153846153844,-0.22303991841491877
5LE1-02,2022,-31.093461538461526,0.5096847414880195,-49.053846153846166,-1.7797065850815852
5LE1-02,2023,-75.03346153846152,2.6382093316519537,14.466153846153844,-2.6922899184149185
5LE1-03,2008,9.860769230769222,-1.4818474148802032,-28.156923076923064,-2.9935859821996185
5LE1-03,2009,-39.40923076923079,-0.6025031525851219,-13.576923076923066,-1.3049489298580208
5LE1-03,2010,99.4107692307692,-0.7521752837326616,-18.46692307692308,-0.6128655965246872
5LE1-03,2011,64.88076923076923,-1.6198802017654508,34.53307692307692,-3.7684489298580206
5LE1-03,2012,66.27076923076922,1.7607755359394694,6.82307692307694,4.919802447552447
5LE1-03,2013,41.5707692307692,-1.8939785624211858,21.263076923076937,-3.388948929858021
5LE1-03,2014,121.05076923076919,-0.875453972257251,-54.076923076923066,-3.701532263191354
5LE1-03,2015,58.37076923076924,-0.7497162673392204,-84.50692307692307,0.8733844034753124
5LE1-03,2016,-28.589230769230795,1.338480453972256,26.723076923076917,0.9112074062301336
5LE1-03,2017,-17.559230769230794,-0.48135561160151497,-32.74692307692307,0.9344677368086458
5LE1-03,2018,21.80076923076922,1.9712673392181586,-13.336923076923057,-3.779032263191354
5LE1-03,2019,84.81076923076924,-2.0821752837326635,196.93307692307692,-4.438198929858021
5LE1-03,2020,-28.43923076923079,-0.5741424968474149,-46.68692307692308,-0.6097843293070566
5LE1-03,2021,-128.03923076923078,1.1976607818411082,14.493076923076927,-0.24969892985802078
5LE1-03,2022,-33.37923076923079,0.5058575031525834,-53.24692307692307,-1.8031989298580209
5LE1-03,2023,-80.44923076923078,2.598152585119795,15.233076923076936,-2.704782263191354
5LE1-04,2008,9.860769230769222,-1.4818474148802032,-28.156923076923064,-2.9935859821996185
5LE1-04,2009,-39.40923076923079,-0.6025031525851219,-13.576923076923066,-1.3049489298580208
5LE1-04,2010,99.4107692307692,-0.7521752837326616,-18.46692307692308,-0.6128655965246872
5LE1-04,2011,64.88076923076923,-1.6198802017654508,34.53307692307692,-3.7684489298580206
5LE1-04,2012,66.27076923076922,1.7607755359394694,6.82307692307694,4.919802447552447
5LE1-04,2013,41.5707692307692,-1.8939785624211858,21.263076923076937,-3.388948929858021
5LE1-04,2014,121.05076923076919,-0.875453972257251,-54.076923076923066,-3.701532263191354
5LE1-04,2015,58.37076923076924,-0.7497162673392204,-84.50692307692307,0.8733844034753124
5LE1-04,2016,-28.589230769230795,1.338480453972256,26.723076923076917,0.9112074062301336
5LE1-04,2017,-17.559230769230794,-0.48135561160151497,-32.74692307692307,0.9344677368086458
5LE1-04,2018,21.80076923076922,1.9712673392181586,-13.336923076923057,-3.779032263191354
5LE1-04,2019,84.81076923076924,-2.0821752837326635,196.93307692307692,-4.438198929858021
5LE1-04,2020,-28.43923076923079,-0.5741424968474149,-46.68692307692308,-0.6097843293070566
5LE1-04,2021,-128.03923076923078,1.1976607818411082,14.493076923076927,-0.24969892985802078
5LE1-04,2022,-33.37923076923079,0.5058575031525834,-53.24692307692307,-1.8031989298580209
5LE1-04,2023,-80.44923076923078,2.598152585119795,15.233076923076936,-2.704782263191354
5LE1-05,2008,10.15153846153845,-1.4859773013871376,-28.95192307692308,-3.0019661739775376
5LE1-05,2009,-43.82846153846154,-0.6048297604035326,-20.131923076923073,-1.2927258158508157
5LE1-05,2010,99.91153846153847,-0.7564691046658254,-17.31192307692308,-0.6283091491841493
5LE1-05,2011,65.21153846153842,-1.6192559899117285,34.59807692307692,-3.7548091491841493
5LE1-05,2012,69.77153846153843,1.769924337957125,4.818076923076916,4.913901594617504
5LE1-05,2013,42.261538461538436,-1.9022068095838591,21.328076923076935,-3.3912258158508157
5LE1-05,2014,120.97153846153847,-0.8694199243379579,-55.03192307692308,-3.692559149184149
5LE1-05,2015,56.301538461538456,-0.7567969735182878,-84.49192307692309,0.8756075174825177
5LE1-05,2016,-27.32846153846154,1.337301387137451,26.848076923076917,0.9060503549480821
5LE1-05,2017,-15.84846153846155,-0.4643379571248438,-31.70192307692308,0.9371908508158509
5LE1-05,2018,25.801538461538456,1.9727112232030244,-12.031923076923078,-3.775059149184149
5LE1-05,2019,86.54153846153847,-2.068928121059269,195.2080769230769,-4.41780914918415
5LE1-05,2020,-25.948461538461544,-0.5579445145018909,-46.13192307692307,-0.5947760913329092
5LE1-05,2021,-127.01846153846155,1.2141866330390911,11.858076923076936,-0.23997581585081562
5LE1-05,2022,-31.36846153846156,0.49582597730138644,-53.971923076923076,-1.7868091491841491
5LE1-05,2023,-80.89846153846155,2.6109079445145014,13.318076923076916,-2.6991424825174826
5LE1-06,2008,9.860769230769222,-1.4818474148802032,-28.156923076923064,-2.9935859821996185
5LE1-06,2009,-39.40923076923079,-0.6025031525851219,-13.576923076923066,-1.3049489298580208
5LE1-06,2010,99.4107692307692,-0.7521752837326616,-18.46692307692308,-0.6128655965246872
5LE1-06,2011,64.88076923076923,-1.6198802017654508,34.53307692307692,-3.7684489298580206
5LE1-06,2012,66.27076923076922,1.7607755359394694,6.82307692307694,4.919802447552447
5LE1-06,2013,41.5707692307692,-1.8939785624211858,21.263076923076937,-3.388948929858021
5LE1-06,2014,121.05076923076919,-0.875453972257251,-54.076923076923066,-3.701532263191354
5LE1-06,2015,58.37076923076924,-0.7497162673392204,-84.50692307692307,0.8733844034753124
5LE1-06,2016,-28.589230769230795,1.338480453972256,26.723076923076917,0.9112074062301336
5LE1-06,2017,-17.559230769230794,-0.48135561160151497,-32.74692307692307,0.9344677368086458
5LE1-06,2018,21.80076923076922,1.9712673392181586,-13.336923076923057,-3.779032263191354
5LE1-06,2019,84.81076923076924,-2.0821752837326635,196.93307692307692,-4.438198929858021
5LE1-06,2020,-28.43923076923079,-0.5741424968474149,-46.68692307692308,-0.6097843293070566
5LE1-06,2021,-128.03923076923078,1.1976607818411082,14.493076923076927,-0.24969892985802078
5LE1-06,2022,-33.37923076923079,0.5058575031525834,-53.24692307692307,-1.8031989298580209
5LE1-06,2023,-80.44923076923078,2.598152585119795,15.233076923076936,-2.704782263191354
5LE1-07,2008,10.15153846153845,-1.4859773013871376,-28.95192307692308,-3.0019661739775376
5LE1-07,2009,-43.82846153846154,-0.6048297604035326,-20.131923076923073,-1.2927258158508157
5LE1-07,2010,99.91153846153847,-0.7564691046658254,-17.31192307692308,-0.6283091491841493
5LE1-07,2011,65.21153846153842,-1.6192559899117285,34.59807692307692,-3.7548091491841493
5LE1-07,2012,69.77153846153843,1.769924337957125,4.818076923076916,4.913901594617504
5LE1-07,2013,42.261538461538436,-1.9022068095838591,21.328076923076935,-3.3912258158508157
5LE1-07,2014,120.97153846153847,-0.8694199243379579,-55.03192307692308,-3.692559149184149
5LE1-07,2015,56.301538461538456,-0.7567969735182878,-84.49192307692309,0.8756075174825177
5LE1-07,2016,-27.32846153846154,1.337301387137451,26.848076923076917,0.9060503549480821
5LE1-07,2017,-15.84846153846155,-0.4643379571248438,-31.70192307692308,0.9371908508158509
5LE1-07,2018,25.801538461538456,1.9727112232030244,-12.031923076923078,-3.775059149184149
5LE1-07,2019,86.54153846153847,-2.068928121059269,195.2080769230769,-4.41780914918415
5LE1-07,2020,-25.948461538461544,-0.5579445145018909,-46.13192307692307,-0.5947760913329092
5LE1-07,2021,-127.01846153846155,1.2141866330390911,11.858076923076936,-0.23997581585081562
5LE1-07,2022,-31.36846153846156,0.49582597730138644,-53.971923076923076,-1.7868091491841491
5LE1-07,2023,-80.89846153846155,2.6109079445145014,13.318076923076916,-2.6991424825174826
5LE1-10,2008,9.860769230769222,-1.4818474148802032,-28.156923076923064,-2.9935859821996185
5LE1-10,2009,-39.40923076923079,-0.6025031525851219,-13.576923076923066,-1.3049489298580208
5LE1-10,2010,99.4107692307692,-0.7521752837326616,-18.46692307692308,-0.6128655965246872
5LE1-10,2011,64.88076923076923,-1.6198802017654508,34.53307692307692,-3.7684489298580206
5LE1-10,2012,66.27076923076922,1.7607755359394694,6.82307692307694,4.919802447552447
5LE1-10,2013,41.5707692307692,-1.8939785624211858,21.263076923076937,-3.388948929858021
5LE1-10,2014,121.05076923076919,-0.875453972257251,-54.076923076923066,-3.701532263191354
5LE1-10,2015,58.37076923076924,-0.7497162673392204,-84.50692307692307,0.8733844034753124
5LE1-10,2016,-28.589230769230795,1.338480453972256,26.723076923076917,0.9112074062301336
5LE1-10,2017,-17.559230769230794,-0.48135561160151497,-32.74692307692307,0.9344677368086458
5LE1-10,2018,21.80076923076922,1.9712673392181586,-13.336923076923057,-3.779032263191354
5LE1-10,2019,84.81076923076924,-2.0821752837326635,196.93307692307692,-4.438198929858021
5LE1-10,2020,-28.43923076923079,-0.5741424968474149,-46.68692307692308,-0.6097843293070566
5LE1-10,2021,-128.03923076923078,1.1976607818411082,14.493076923076927,-0.24969892985802078
5LE1-10,2022,-33.37923076923079,0.5058575031525834,-53.24692307692307,-1.8031989298580209
5LE1-10,2023,-80.44923076923078,2.598152585119795,15.233076923076936,-2.704782263191354
5LE2-01,2008,7.521538461538455,-1.4896406052963442,-27.623846153846145,-2.9651493165924983
5LE2-01,2009,-42.91846153846154,-0.623247162673394,-19.313846153846157,-1.3415900879423606
5LE2-01,2010,95.04153846153844,-0.7591488020176556,-20.14384615384614,-0.6059234212756941
5LE2-01,2011,67.84153846153845,-1.6389848675914251,32.006153846153865,-3.791923421275694
5LE2-01,2012,67.22153846153844,1.7319987389659524,4.746153846153845,4.9255118404322955
5LE2-01,2013,52.13153846153847,-1.904394703657001,20.696153846153862,-3.4165067546090273
5LE2-01,2014,131.72153846153844,-0.9081651954602776,-58.97384615384614,-3.7050067546090273
5LE2-01,2015,59.39153846153846,-0.7543947036569989,-83.89384615384614,0.8673265787243061
5LE2-01,2016,-28.198461538461544,1.3347856242118539,21.766153846153856,0.9369994437380802
5LE2-01,2017,-20.168461538461543,-0.4802963430012639,-34.51384615384613,0.935576578724306
5LE2-01,2018,18.301538461538456,1.9764249684741486,-11.11384615384614,-3.772506754609027
5LE2-01,2019,86.31153846153848,-2.092919293820934,199.03615384615387,-4.448340087942361
5LE2-01,2020,-32.028461538461556,-0.562591424968474,-47.983846153846144,-0.6128352670057216
5LE2-01,2021,-126.30846153846154,1.2000315258511982,22.486153846153854,-0.24367342127569414
5LE2-01,2022,-28.31846153846155,0.52904791929382,-49.77384615384614,-1.8339234212756939
5LE2-01,2023,-55.60846153846154,2.604949558638083,11.956153846153853,-2.692423421275694
5LE2-02,2008,7.521538461538455,-1.4896406052963442,-27.623846153846145,-2.9651493165924983
5LE2-02,2009,-42.91846153846154,-0.623247162673394,-19.313846153846157,-1.3415900879423606
5LE2-02,2010,95.04153846153844,-0.7591488020176556,-20.14384615384614,-0.6059234212756941
5LE2-02,2011,67.84153846153845,-1.6389848675914251,32.006153846153865,-3.791923421275694
5LE2-02,2012,67.22153846153844,1.7319987389659524,4.746153846153845,4.9255118404322955
5LE2-02,2013,52.13153846153847,-1.904394703657001,20.696153846153862,-3.4165067546090273
5LE2-02,2014,131.72153846153844,-0.9081651954602776,-58.97384615384614,-3.7050067546090273
5LE2-02,2015,59.39153846153846,-0.7543947036569989,-83.89384615384614,0.8673265787243061
5LE2-02,2016,-28.198461538461544,1.3347856242118539,21.766153846153856,0.9369994437380802
5LE2-02,2017,-20.168461538461543,-0.4802963430012639,-34.51384615384613,0.935576578724306
5LE2-02,2018,18.301538461538456,1.9764249684741486,-11.11384615384614,-3.772506754609027
5LE2-02,2019,86.31153846153848,-2.092919293820934,199.03615384615387,-4.448340087942361
5LE2-02,2020,-32.028461538461556,-0.562591424968474,-47.983846153846144,-0.6128352670057216
5LE2-02,2021,-126.30846153846154,1.2000315258511982,22.486153846153854,-0.24367342127569414
5LE2-02,2022,-28.31846153846155,0.52904791929382,-49.77384615384614,-1.8339234212756939
5LE2-02,2023,-55.60846153846154,2.604949558638083,11.956153846153853,-2.692423421275694
5LE2-03,2008,7.521538461538455,-1.4896406052963442,-27.623846153846145,-2.9651493165924983
5LE2-03,2009,-42.91846153846154,-0.623247162673394,-19.313846153846157,-1.3415900879423606
5LE2-03,2010,95.04153846153844,-0.7591488020176556,-20.14384615384614,-0.6059234212756941
5LE2-03,2011,67.84153846153845,-1.6389848675914251,32.006153846153865,-3.791923421275694
5LE2-03,2012,67.22153846153844,1.7319987389659524,4.746153846153845,4.9255118404322955
5LE2-03,2013,52.13153846153847,-1.904394703657001,20.696153846153862,-3.4165067546090273
5LE2-03,2014,131.72153846153844,-0.9081651954602776,-58.97384615384614,-3.7050067546090273
5LE2-03,2015,59.39153846153846,-0.7543947036569989,-83.89384615384614,0.8673265787243061
5LE2-03,2016,-28.198461538461544,1.3347856242118539,21.766153846153856,0.9369994437380802
5LE2-03,2017,-20.168461538461543,-0.4802963430012639,-34.51384615384613,0.935576578724306
5LE2-03,2018,18.301538461538456,1.9764249684741486,-11.11384615384614,-3.772506754609027
5LE2-03,2019,86.31153846153848,-2.092919293820934,199.03615384615387,-4.448340087942361
5LE2-03,2020,-32.028461538461556,-0.562591424968474,-47.983846153846144,-0.6128352670057216
5LE2-03,2021,-126.30846153846154,1.2000315258511982,22.486153846153854,-0.24367342127569414
5LE2-03,2022,-28.31846153846155,0.52904791929382,-49.77384615384614,-1.8339234212756939
5LE2-03,2023,-55.60846153846154,2.604949558638083,11.956153846153853,-2.692423421275694
5LE2-04,2008,8.051538461538485,-1.4853972257250945,-27.269999999999982,-2.9747103199830476
5LE2-04,2009,-41.188461538461524,-0.6153972257250935,-18.159999999999997,-1.3289258847213394
5LE2-04,2010,93.65153846153845,-0.7547414880201764,-19.379999999999995,-0.6029258847213397
5LE2-04,2011,66.90153846153845,-1.62965952080706,33.70000000000002,-3.786759218054673
5LE2-04,2012,63.69153846153847,1.7409962168978588,1.1000000000000227,4.925207035388853
5LE2-04,2013,44.58153846153846,-1.8970365699873888,22.04000000000002,-3.403009218054673
5LE2-04,2014,134.62153846153848,-0.895561160151324,-51.04999999999998,-3.7125925513880063
5LE2-04,2015,59.061538461538476,-0.7509709962168962,-84.02999999999999,0.869407448611994
5LE2-04,2016,-27.688461538461524,1.3367339218158918,23.900000000000006,0.927355795719432
5LE2-04,2017,-18.228461538461517,-0.488348045397224,-33.95999999999998,0.9349074486119942
5LE2-04,2018,21.11153846153846,1.9741109709962181,-13.919999999999987,-3.777259218054673
5LE2-04,2019,83.64153846153846,-2.0940857503152586,198.26,-4.451342551388006
5LE2-04,2020,-30.048461538461538,-0.5694955863808318,-47.52999999999999,-0.6159499894045353
5LE2-04,2021,-126.34846153846154,1.1903404791929404,20.230000000000018,-0.25109255138800624
5LE2-04,2022,-30.398461538461532,0.521815889029007,-50.68999999999998,-1.8261758847213394
5LE2-04,2023,-58.11846153846153,2.5954224464060545,12.700000000000017,-2.700259218054673
5LE2-05,2008,7.47115384615384,-1.4447604035308963,-27.275000000000006,-2.9689236861623227
5LE2-05,2009,-39.418846153846175,-0.5780390920554872,-18.965000000000003,-1.3424966889171437
5LE2-05,2010,95.03115384615381,-0.7211538461538467,-21.055000000000007,-0.5454133555838103
5LE2-05,2011,72.63115384615384,-1.5970554854981103,33.815,-3.8164966889171437
5LE2-05,2012,62.081153846153825,1.7393379571248424,11.85499999999999,4.9560349915236275
5LE2-05,2013,41.801153846153824,-1.8452522068095867,20.845,-3.3542466889171436
5LE2-05,2014,131.05115384615385,-0.8863997477931918,-52.80500000000001,-3.698330022250477
5LE2-05,2015,78.78115384615381,-0.709514501891551,-80.33500000000001,0.8681699777495231
5LE2-05,2016,-28.78884615384618,1.3416330390920521,26.544999999999987,0.9270267270608179
5LE2-05,2017,-18.03884615384618,-0.5704981084489305,-35.56500000000001,0.9308366444161895
5LE2-05,2018,13.171153846153828,1.956715006305167,-18.42500000000001,-3.80366335558381
5LE2-05,2019,86.05115384615385,-2.1516456494325347,200.30499999999998,-4.528830022250477
5LE2-05,2020,-32.77884615384616,-0.6467276166456521,-48.06500000000001,-0.6754526117821573
5LE2-05,2021,-126.37884615384617,1.1039281210592655,24.944999999999993,-0.2976633555838104
5LE2-05,2022,-34.18884615384616,0.5372068095838571,-54.24500000000002,-1.8642466889171436
5LE2-05,2023,-55.78884615384618,2.5263871374527085,5.125,-2.7172466889171436
5LE2-06,2008,7.521538461538455,-1.4896406052963442,-27.623846153846145,-2.9651493165924983
5LE2-06,2009,-42.91846153846154,-0.623247162673394,-19.313846153846157,-1.3415900879423606
5LE2-06,2010,95.04153846153844,-0.7591488020176556,-20.14384615384614,-0.6059234212756941
5LE2-06,2011,67.84153846153845,-1.6389848675914251,32.006153846153865,-3.791923421275694
5LE2-06,2012,67.22153846153844,1.7319987389659524,4.746153846153845,4.9255118404322955
5LE2-06,2013,52.13153846153847,-1.904394703657001,20.696153846153862,-3.4165067546090273
5LE2-06,2014,131.72153846153844,-0.9081651954602776,-58.97384615384614,-3.7050067546090273
5LE2-06,2015,59.39153846153846,-0.7543947036569989,-83.89384615384614,0.8673265787243061
5LE2-06,2016,-28.198461538461544,1.3347856242118539,21.766153846153856,0.9369994437380802
5LE2-06,2017,-20.168461538461543,-0.4802963430012639,-34.51384615384613,0.935576578724306
5LE2-06,2018,18.301538461538456,1.9764249684741486,-11.11384615384614,-3.772506754609027
5LE2-06,2019,86.31153846153848,-2.092919293820934,199.03615384615387,-4.448340087942361
5LE2-06,2020,-32.028461538461556,-0.562591424968474,-47.983846153846144,-0.6128352670057216
5LE2-06,2021,-126.30846153846154,1.2000315258511982,22.486153846153854,-0.24367342127569414
5LE2-06,2022,-28.31846153846155,0.52904791929382,-49.77384615384614,-1.8339234212756939
5LE2-06,2023,-55.60846153846154,2.604949558638083,11.956153846153853,-2.692423421275694
5LE2-07,2008,7.521538461538455,-1.4896406052963442,-27.623846153846145,-2.9651493165924983
5LE2-07,2009,-42.91846153846154,-0.623247162673394,-19.313846153846157,-1.3415900879423606
5LE2-07,2010,95.04153846153844,-0.7591488020176556,-20.14384615384614,-0.6059234212756941
5LE2-07,2011,67.84153846153845,-1.6389848675914251,32.006153846153865,-3.791923421275694
5LE2-07,2012,67.22153846153844,1.7319987389659524,4.746153846153845,4.9255118404322955
5LE2-07,2013,52.13153846153847,-1.904394703657001,20.696153846153862,-3.4165067546090273
5LE2-07,2014,131.72153846153844,-0.9081651954602776,-58.97384615384614,-3.7050067546090273
5LE2-07,2015,59.39153846153846,-0.7543947036569989,-83.89384615384614,0.8673265787243061
5LE2-07,2016,-28.198461538461544,1.3347856242118539,21.766153846153856,0.9369994437380802
5LE2-07,2017,-20.168461538461543,-0.4802963430012639,-34.51384615384613,0.935576578724306
5LE2-07,2018,18.301538461538456,1.9764249684741486,-11.11384615384614,-3.772506754609027
5LE2-07,2019,86.31153846153848,-2.092919293820934,199.03615384615387,-4.448340087942361
5LE2-07,2020,-32.028461538461556,-0.562591424968474,-47.983846153846144,-0.6128352670057216
5LE2-07,2021,-126.30846153846154,1.2000315258511982,22.486153846153854,-0.24367342127569414
5LE2-07,2022,-28.31846153846155,0.52904791929382,-49.77384615384614,-1.8339234212756939
5LE2-07,2023,-55.60846153846154,2.604949558638083,11.956153846153853,-2.692423421275694
5LE2-08,2008,7.631923076923073,-1.4612925598991175,-27.570000000000007,-2.9544622801440985
5LE2-08,2009,-41.26807692307693,-0.599489281210591,-19.22,-1.352504291163382
5LE2-08,2010,96.8819230769231,-0.7348991172761643,-20.939999999999998,-0.5661709578300487
5LE2-08,2011,71.89192307692309,-1.6193253467843611,30.180000000000007,-3.8095876244967153
5LE2-08,2012,66.87192307692305,1.730018915510719,10.620000000000005,4.946942678533587
5LE2-08,2013,51.54192307692307,-1.8706368221942,20.859999999999985,-3.3850876244967156
5LE2-08,2014,131.0219230769231,-0.9034237074401013,-58.81,-3.6845042911633823
5LE2-08,2015,80.54192307692307,-0.7270302648171487,-83.11,0.867829042169951
5LE2-08,2016,-28.038076923076915,1.3400189155107185,25.299999999999983,0.9425625132443312
5LE2-08,2017,-19.358076923076908,-0.5326040353089532,-35.77000000000001,0.9382457088366176
5LE2-08,2018,16.651923076923083,1.9665762925598997,-15.580000000000013,-3.7862542911633823
5LE2-08,2019,84.09192307692308,-2.130636822194198,198.93,-4.492254291163382
5LE2-08,2020,-33.69807692307691,-0.6076860025220654,-48.71000000000001,-0.6492556685738506
5LE2-08,2021,-124.28807692307691,1.1452648171500641,27.42999999999998,-0.2703376244967157
5LE2-08,2022,-13.728076923076912,0.5364123581336706,-20.069999999999993,-1.8675876244967156
5LE2-08,2023,-52.508076923076914,2.5593631778058032,3.009999999999991,-2.703670957830049
5LE2-09,2008,7.631923076923073,-1.4612925598991175,-27.570000000000007,-2.9544622801440985
5LE2-09,2009,-41.26807692307693,-0.599489281210591,-19.22,-1.352504291163382
5LE2-09,2010,96.8819230769231,-0.7348991172761643,-20.939999999999998,-0.5661709578300487
5LE2-09,2011,71.89192307692309,-1.6193253467843611,30.180000000000007,-3.8095876244967153
5LE2-09,2012,66.87192307692305,1.730018915510719,10.620000000000005,4.946942678533587
5LE2-09,2013,51.54192307692307,-1.8706368221942,20.859999999999985,-3.3850876244967156
5LE2-09,2014,131.0219230769231,-0.9034237074401013,-58.81,-3.6845042911633823
5LE2-09,2015,80.54192307692307,-0.7270302648171487,-83.11,0.867829042169951
5LE2-09,2016,-28.038076923076915,1.3400189155107185,25.299999999999983,0.9425625132443312
5LE2-09,2017,-19.358076923076908,-0.5326040353089532,-35.77000000000001,0.9382457088366176
5LE2-09,2018,16.651923076923083,1.9665762925598997,-15.580000000000013,-3.7862542911633823
5LE2-09,2019,84.09192307692308,-2.130636822194198,198.93,-4.492254291163382
5LE2-09,2020,-33.69807692307691,-0.6076860025220654,-48.71000000000001,-0.6492556685738506
5LE2-09,2021,-124.28807692307691,1.1452648171500641,27.42999999999998,-0.2703376244967157
5LE2-09,2022,-13.728076923076912,0.5364123581336706,-20.069999999999993,-1.8675876244967156
5LE2-09,2023,-52.508076923076914,2.5593631778058032,3.009999999999991,-2.703670957830049
5LE2-10,2008,8.437692307692316,-1.473499369482976,-25.734999999999985,-2.9619122695486335
5LE2-10,2009,-42.622307692307686,-0.6100567465321554,-19.684999999999974,-1.3570878893833442
5LE2-10,2010,92.82769230769227,-0.7477616645649405,-20.764999999999986,-0.576254556050011
5LE2-10,2011,70.06769230769228,-1.6251387137452689,30.42500000000001,-3.8138378893833442
5LE2-10,2012,62.97769230769231,1.7230580075662054,10.655000000000001,4.941310870947234
5LE2-10,2013,52.577692307692274,-1.8767780580075666,25.465000000000003,-3.3950045560500106
5LE2-10,2014,129.95769230769233,-0.9103846153846149,-53.71499999999999,-3.6976712227166777
5LE2-10,2015,74.97769230769231,-0.732679697351827,-81.48499999999999,0.8675787772833226
5LE2-10,2016,-28.292307692307702,1.338795712484238,24.224999999999994,0.943459631277813
5LE2-10,2017,-21.052307692307693,-0.5225157629255968,-35.97499999999998,0.9315787772833226
5LE2-10,2018,16.27769230769229,1.9714186633039112,-11.804999999999978,-3.7801712227166773
5LE2-10,2019,85.40769230769232,-2.1207124842370746,202.91500000000002,-4.492421222716677
5LE2-10,2020,-34.2623076923077,-0.5972698612862537,-49.594999999999985,-0.6426560712015257
5LE2-10,2021,-125.5123076923077,1.15830390920555,27.40500000000003,-0.2648378893833443
5LE2-10,2022,-22.75230769230771,0.5479760403530918,-43.864999999999995,-1.851337889383344
5LE2-10,2023,-45.832307692307694,2.57502522068096,2.005000000000024,-2.7006712227166774
5LE2-11,2008,7.521538461538455,-1.4896406052963442,-27.623846153846145,-2.9651493165924983
5LE2-11,2009,-42.91846153846154,-0.623247162673394,-19.313846153846157,-1.3415900879423606
5LE2-11,2010,95.04153846153844,-0.7591488020176556,-20.14384615384614,-0.6059234212756941
5LE2-11,2011,67.84153846153845,-1.6389848675914251,32.006153846153865,-3.791923421275694
5LE2-11,2012,67.22153846153844,1.7319987389659524,4.746153846153845,4.9255118404322955
5LE2-11,2013,52.13153846153847,-1.904394703657001,20.696153846153862,-3.4165067546090273
5LE2-11,2014,131.72153846153844,-0.9081651954602776,-58.97384615384614,-3.7050067546090273
5LE2-11,2015,59.39153846153846,-0.7543947036569989,-83.89384615384614,0.8673265787243061
5LE2-11,2016,-28.198461538461544,1.3347856242118539,21.766153846153856,0.9369994437380802
5LE2-11,2017,-20.168461538461543,-0.4802963430012639,-34.51384615384613,0.935576578724306
5LE2-11,2018,18.301538461538456,1.9764249684741486,-11.11384615384614,-3.772506754609027
5LE2-11,2019,86.31153846153848,-2.092919293820934,199.03615384615387,-4.448340087942361
5LE2-11,2020,-32.028461538461556,-0.562591424968474,-47.983846153846144,-0.6128352670057216
5LE2-11,2021,-126.30846153846154,1.2000315258511982,22.486153846153854,-0.24367342127569414
5LE2-11,2022,-28.31846153846155,0.52904791929382,-49.77384615384614,-1.8339234212756939
5LE2-11,2023,-55.60846153846154,2.604949558638083,11.956153846153853,-2.692423421275694
5LE2-12,2008,7.47115384615384,-1.4447604035308963,-27.275000000000006,-2.9689236861623227
5LE2-12,2009,-39.418846153846175,-0.5780390920554872,-18.965000000000003,-1.3424966889171437
5LE2-12,2010,95.03115384615381,-0.7211538461538467,-21.055000000000007,-0.5454133555838103
5LE2-12,2011,72.63115384615384,-1.5970554854981103,33.815,-3.8164966889171437
5LE2-12,2012,62.081153846153825,1.7393379571248424,11.85499999999999,4.9560349915236275
5LE2-12,2013,41.801153846153824,-1.8452522068095867,20.845,-3.3542466889171436
5LE2-12,2014,131.05115384615385,-0.8863997477931918,-52.80500000000001,-3.698330022250477
5LE2-12,2015,78.78115384615381,-0.709514501891551,-80.33500000000001,0.8681699777495231
5LE2-12,2016,-28.78884615384618,1.3416330390920521,26.544999999999987,0.9270267270608179
5LE2-12,2017,-18.03884615384618,-0.5704981084489305,-35.56500000000001,0.9308366444161895
5LE2-12,2018,13.171153846153828,1.956715006305167,-18.42500000000001,-3.80366335558381
5LE2-12,2019,86.05115384615385,-2.1516456494325347,200.30499999999998,-4.528830022250477
5LE2-12,2020,-32.77884615384616,-0.6467276166456521,-48.06500000000001,-0.6754526117821573
5LE2-12,2021,-126.37884615384617,1.1039281210592655,24.944999999999993,-0.2976633555838104
5LE2-12,2022,-34.18884615384616,0.5372068095838571,-54.24500000000002,-1.8642466889171436
5LE2-12,2023,-55.78884615384618,2.5263871374527085,5.125,-2.7172466889171436
5LE2-13,2008,7.47115384615384,-1.4447604035308963,-27.275000000000006,-2.9689236861623227
5LE2-13,2009,-39.418846153846175,-0.5780390920554872,-18.965000000000003,-1.3424966889171437
5LE2-13,2010,95.03115384615381,-0.7211538461538467,-21.055000000000007,-0.5454133555838103
5LE2-13,2011,72.63115384615384,-1.5970554854981103,33.815,-3.8164966889171437
5LE2-13,2012,62.081153846153825,1.7393379571248424,11.85499999999999,4.9560349915236275
5LE2-13,2013,41.801153846153824,-1.8452522068095867,20.845,-3.3542466889171436
5LE2-13,2014,131.05115384615385,-0.8863997477931918,-52.80500000000001,-3.698330022250477
5LE2-13,2015,78.78115384615381,-0.709514501891551,-80.33500000000001,0.8681699777495231
5LE2-13,2016,-28.78884615384618,1.3416330390920521,26.544999999999987,0.9270267270608179
5LE2-13,2017,-18.03884615384618,-0.5704981084489305,-35.56500000000001,0.9308366444161895
5LE2-13,2018,13.171153846153828,1.956715006305167,-18.42500000000001,-3.80366335558381
5LE2-13,2019,86.05115384615385,-2.1516456494325347,200.30499999999998,-4.528830022250477
5LE2-13,2020,-32.77884615384616,-0.6467276166456521,-48.06500000000001,-0.6754526117821573
5LE2-13,2021,-126.37884615384617,1.1039281210592655,24.944999999999993,-0.2976633555838104
5LE2-13,2022,-34.18884615384616,0.5372068095838571,-54.24500000000002,-1.8642466889171436
5LE2-13,2023,-55.78884615384618,2.5263871374527085,5.125,-2.7172466889171436
5LE2-14,2008,7.631923076923073,-1.4612925598991175,-27.570000000000007,-2.9544622801440985
5LE2-14,2009,-41.26807692307693,-0.599489281210591,-19.22,-1.352504291163382
5LE2-14,2010,96.8819230769231,-0.7348991172761643,-20.939999999999998,-0.5661709578300487
5LE2-14,2011,71.89192307692309,-1.6193253467843611,30.180000000000007,-3.8095876244967153
5LE2-14,2012,66.87192307692305,1.730018915510719,10.620000000000005,4.946942678533587
5LE2-14,2013,51.54192307692307,-1.8706368221942,20.859999999999985,-3.3850876244967156
5LE2-14,2014,131.0219230769231,-0.9034237074401013,-58.81,-3.6845042911633823
5LE2-14,2015,80.54192307692307,-0.7270302648171487,-83.11,0.867829042169951
5LE2-14,2016,-28.038076923076915,1.3400189155107185,25.299999999999983,0.9425625132443312
5LE2-14,2017,-19.358076923076908,-0.5326040353089532,-35.77000000000001,0.9382457088366176
5LE2-14,2018,16.651923076923083,1.9665762925598997,-15.580000000000013,-3.7862542911633823
5LE2-14,2019,84.09192307692308,-2.130636822194198,198.93,-4.492254291163382
5LE2-14,2020,-33.69807692307691,-0.6076860025220654,-48.71000000000001,-0.6492556685738506
5LE2-14,2021,-124.28807692307691,1.1452648171500641,27.42999999999998,-0.2703376244967157
5LE2-14,2022,-13.728076923076912,0.5364123581336706,-20.069999999999993,-1.8675876244967156
5LE2-14,2023,-52.508076923076914,2.5593631778058032,3.009999999999991,-2.703670957830049
5LE3-01,2008,6.5719230769230705,-1.2704665825977308,-43.25423076923077,-2.9996996450519173
5LE3-01,2009,-33.66807692307691,-0.3270239596469118,-16.82423076923078,-1.1682774687433775
5LE3-01,2010,73.39192307692309,-0.5304665825977288,-11.714230769230767,-0.4543608020767107
5LE3-01,2011,101.50192307692305,-1.5280075662042876,48.88576923076923,-3.690610802076711
5LE3-01,2012,88.12192307692305,1.8552711223203033,18.815769230769234,4.912283826022462
5LE3-01,2013,46.471923076923076,-1.751122320302649,11.905769230769238,-3.181194135410044
5LE3-01,2014,107.68192307692306,-0.710630517023958,-58.43423076923078,-3.6741108020767106
5LE3-01,2015,75.41192307692307,-0.648171500630518,-98.83423076923077,0.8665558645899556
5LE3-01,2016,-33.57807692307691,1.3734678436317793,38.775769230769214,0.8299697764356857
5LE3-01,2017,15.651923076923083,-0.7230895334174008,-31.874230769230792,1.0173891979232894
5LE3-01,2018,138.81192307692305,1.8565825977301387,-5.78423076923076,-3.8804441354100443
5LE3-01,2019,106.52192307692309,-2.2303026481714987,259.6257692307692,-4.518110802076711
5LE3-01,2020,37.85192307692307,-0.7307944514501905,-56.16423076923077,-0.691848405382496
5LE3-01,2021,-102.72807692307691,0.9452711223203032,14.845769230769235,-0.3756108020767108
5LE3-01,2022,21.33192307692309,0.3174022698612866,-25.02423076923077,-1.9444441354100443
5LE3-01,2023,-41.12807692307692,2.3678940731399756,-11.614230769230772,-2.706110802076711
5LE3-02,2008,6.5719230769230705,-1.2704665825977308,-43.25423076923077,-2.9996996450519173
5LE3-02,2009,-33.66807692307691,-0.3270239596469118,-16.82423076923078,-1.1682774687433775
5LE3-02,2010,73.39192307692309,-0.5304665825977288,-11.714230769230767,-0.4543608020767107
5LE3-02,2011,101.50192307692305,-1.5280075662042876,48.88576923076923,-3.690610802076711
5LE3-02,2012,88.12192307692305,1.8552711223203033,18.815769230769234,4.912283826022462
5LE3-02,2013,46.471923076923076,-1.751122320302649,11.905769230769238,-3.181194135410044
5LE3-02,2014,107.68192307692306,-0.710630517023958,-58.43423076923078,-3.6741108020767106
5LE3-02,2015,75.41192307692307,-0.648171500630518,-98.83423076923077,0.8665558645899556
5LE3-02,2016,-33.57807692307691,1.3734678436317793,38.775769230769214,0.8299697764356857
5LE3-02,2017,15.651923076923083,-0.7230895334174008,-31.874230769230792,1.0173891979232894
5LE3-02,2018,138.81192307692305,1.8565825977301387,-5.78423076923076,-3.8804441354100443
5LE3-02,2019,106.52192307692309,-2.2303026481714987,259.6257692307692,-4.518110802076711
5LE3-02,2020,37.85192307692307,-0.7307944514501905,-56.16423076923077,-0.691848405382496
5LE3-02,2021,-102.72807692307691,0.9452711223203032,14.845769230769235,-0.3756108020767108
5LE3-02,2022,21.33192307692309,0.3174022698612866,-25.02423076923077,-1.9444441354100443
5LE3-02,2023,-41.12807692307692,2.3678940731399756,-11.614230769230772,-2.706110802076711
5LE3-03,2008,6.5719230769230705,-1.2704665825977308,-43.25423076923077,-2.9996996450519173
5LE3-03,2009,-33.66807692307691,-0.3270239596469118,-16.82423076923078,-1.1682774687433775
5LE3-03,2010,73.39192307692309,-0.5304665825977288,-11.714230769230767,-0.4543608020767107
5LE3-03,2011,101.50192307692305,-1.5280075662042876,48.88576923076923,-3.690610802076711
5LE3-03,2012,88.12192307692305,1.8552711223203033,18.815769230769234,4.912283826022462
5LE3-03,2013,46.471923076923076,-1.751122320302649,11.905769230769238,-3.181194135410044
5LE3-03,2014,107.68192307692306,-0.710630517023958,-58.43423076923078,-3.6741108020767106
5LE3-03,2015,75.41192307692307,-0.648171500630518,-98.83423076923077,0.8665558645899556
5LE3-03,2016,-33.57807692307691,1.3734678436317793,38.775769230769214,0.8299697764356857
5LE3-03,2017,15.651923076923083,-0.7230895334174008,-31.874230769230792,1.0173891979232894
5LE3-03,2018,138.81192307692305,1.8565825977301387,-5.78423076923076,-3.8804441354100443
5LE3-03,2019,106.52192307692309,-2.2303026481714987,259.6257692307692,-4.518110802076711
5LE3-03,2020,37.85192307692307,-0.7307944514501905,-56.16423076923077,-0.691848405382496
5LE3-03,2021,-102.72807692307691,0.9452711223203032,14.845769230769235,-0.3756108020767108
5LE3-03,2022,21.33192307692309,0.3174022698612866,-25.02423076923077,-1.9444441354100443
5LE3-03,2023,-41.12807692307692,2.3678940731399756,-11.614230769230772,-2.706110802076711
5LE3-04,2008,5.404615384615369,-1.3115384615384613,-42.797692307692316,-3.009458439287985
5LE3-04,2009,-36.75538461538463,-0.37662042875157553,-17.02769230769232,-1.1607580260648445
5LE3-04,2010,70.09461538461537,-0.5649810844892791,-13.667692307692306,-0.5080913593981777
5LE3-04,2011,98.45461538461538,-1.5377679697351816,47.4823076923077,-3.6627580260648447
5LE3-04,2012,89.52461538461537,1.8661664564943266,17.662307692307678,4.902359742530196
5LE3-04,2013,44.69461538461539,-1.798095838587642,8.71230769230769,-3.2147580260648443
5LE3-04,2014,107.41461538461536,-0.7217023959646909,-57.99769230769232,-3.657258026064844
5LE3-04,2015,65.48461538461535,-0.6859646910466566,-98.1676923076923,0.864825307268489
5LE3-04,2016,-33.11538461538464,1.3491172761664565,38.52230769230769,0.8287233788938333
5LE3-04,2017,8.814615384615365,-0.6405548549810831,-34.80769230769232,1.0176586406018222
5LE3-04,2018,136.78461538461536,1.8776418663303929,-4.5176923076923,-3.862674692731511
5LE3-04,2019,95.97461538461536,-2.1767843631778057,250.00230769230768,-4.4428413593981775
5LE3-04,2020,37.25461538461536,-0.6549810844892789,-55.30769230769231,-0.6349129847425306
5LE3-04,2021,-103.34538461538463,1.0192812105926876,16.642307692307696,-0.3351746927315111
5LE3-04,2022,16.794615384615383,0.3189533417402295,-28.217692307692317,-1.909924692731511
5LE3-04,2023,-43.20538461538462,2.4250189155107194,-12.157692307692315,-2.6875080260648443
5LE3-05,2008,5.404615384615369,-1.3115384615384613,-42.797692307692316,-3.009458439287985
5LE3-05,2009,-36.75538461538463,-0.37662042875157553,-17.02769230769232,-1.1607580260648445
5LE3-05,2010,70.09461538461537,-0.5649810844892791,-13.667692307692306,-0.5080913593981777
5LE3-05,2011,98.45461538461538,-1.5377679697351816,47.4823076923077,-3.6627580260648447
5LE3-05,2012,89.52461538461537,1.8661664564943266,17.662307692307678,4.902359742530196
5LE3-05,2013,44.69461538461539,-1.798095838587642,8.71230769230769,-3.2147580260648443
5LE3-05,2014,107.41461538461536,-0.7217023959646909,-57.99769230769232,-3.657258026064844
5LE3-05,2015,65.48461538461535,-0.6859646910466566,-98.1676923076923,0.864825307268489
5LE3-05,2016,-33.11538461538464,1.3491172761664565,38.52230769230769,0.8287233788938333
5LE3-05,2017,8.814615384615365,-0.6405548549810831,-34.80769230769232,1.0176586406018222
5LE3-05,2018,136.78461538461536,1.8776418663303929,-4.5176923076923,-3.862674692731511
5LE3-05,2019,95.97461538461536,-2.1767843631778057,250.00230769230768,-4.4428413593981775
5LE3-05,2020,37.25461538461536,-0.6549810844892789,-55.30769230769231,-0.6349129847425306
5LE3-05,2021,-103.34538461538463,1.0192812105926876,16.642307692307696,-0.3351746927315111
5LE3-05,2022,16.794615384615383,0.3189533417402295,-28.217692307692317,-1.909924692731511
5LE3-05,2023,-43.20538461538462,2.4250189155107194,-12.157692307692315,-2.6875080260648443
5LE3-06,2008,5.404615384615369,-1.3115384615384613,-42.797692307692316,-3.009458439287985
5LE3-06,2009,-36.75538461538463,-0.37662042875157553,-17.02769230769232,-1.1607580260648445
5LE3-06,2010,70.09461538461537,-0.5649810844892791,-13.667692307692306,-0.5080913593981777
5LE3-06,2011,98.45461538461538,-1.5377679697351816,47.4823076923077,-3.6627580260648447
5LE3-06,2012,89.52461538461537,1.8661664564943266,17.662307692307678,4.902359742530196
5LE3-06,2013,44.69461538461539,-1.798095838587642,8.71230769230769,-3.2147580260648443
5LE3-06,2014,107.41461538461536,-0.7217023959646909,-57.99769230769232,-3.657258026064844
5LE3-06,2015,65.48461538461535,-0.6859646910466566,-98.1676923076923,0.864825307268489
5LE3-06,2016,-33.11538461538464,1.3491172761664565,38.52230769230769,0.8287233788938333
5LE3-06,2017,8.814615384615365,-0.6405548549810831,-34.80769230769232,1.0176586406018222
5LE3-06,2018,136.78461538461536,1.8776418663303929,-4.5176923076923,-3.862674692731511
5LE3-06,2019,95.97461538461536,-2.1767843631778057,250.00230769230768,-4.4428413593981775
5LE3-06,2020,37.25461538461536,-0.6549810844892789,-55.30769230769231,-0.6349129847425306
5LE3-06,2021,-103.34538461538463,1.0192812105926876,16.642307692307696,-0.3351746927315111
5LE3-06,2022,16.794615384615383,0.3189533417402295,-28.217692307692317,-1.909924692731511
5LE3-06,2023,-43.20538461538462,2.4250189155107194,-12.157692307692315,-2.6875080260648443
5LE3-07,2008,6.5719230769230705,-1.2704665825977308,-43.25423076923077,-2.9996996450519173
5LE3-07,2009,-33.66807692307691,-0.3270239596469118,-16.82423076923078,-1.1682774687433775
5LE3-07,2010,73.39192307692309,-0.5304665825977288,-11.714230769230767,-0.4543608020767107
5LE3-07,2011,101.50192307692305,-1.5280075662042876,48.88576923076923,-3.690610802076711
5LE3-07,2012,88.12192307692305,1.8552711223203033,18.815769230769234,4.912283826022462
5LE3-07,2013,46.471923076923076,-1.751122320302649,11.905769230769238,-3.181194135410044
5LE3-07,2014,107.68192307692306,-0.710630517023958,-58.43423076923078,-3.6741108020767106
5LE3-07,2015,75.41192307692307,-0.648171500630518,-98.83423076923077,0.8665558645899556
5LE3-07,2016,-33.57807692307691,1.3734678436317793,38.775769230769214,0.8299697764356857
5LE3-07,2017,15.651923076923083,-0.7230895334174008,-31.874230769230792,1.0173891979232894
5LE3-07,2018,138.81192307692305,1.8565825977301387,-5.78423076923076,-3.8804441354100443
5LE3-07,2019,106.52192307692309,-2.2303026481714987,259.6257692307692,-4.518110802076711
5LE3-07,2020,37.85192307692307,-0.7307944514501905,-56.16423076923077,-0.691848405382496
5LE3-07,2021,-102.72807692307691,0.9452711223203032,14.845769230769235,-0.3756108020767108
5LE3-07,2022,21.33192307692309,0.3174022698612866,-25.02423076923077,-1.9444441354100443
5LE3-07,2023,-41.12807692307692,2.3678940731399756,-11.614230769230772,-2.706110802076711
5LE3-09,2008,5.404615384615369,-1.3115384615384613,-42.797692307692316,-3.009458439287985
5LE3-09,2009,-36.75538461538463,-0.37662042875157553,-17.02769230769232,-1.1607580260648445
5LE3-09,2010,70.09461538461537,-0.5649810844892791,-13.667692307692306,-0.5080913593981777
5LE3-09,2011,98.45461538461538,-1.5377679697351816,47.4823076923077,-3.6627580260648447
5LE3-09,2012,89.52461538461537,1.8661664564943266,17.662307692307678,4.902359742530196
5LE3-09,2013,44.69461538461539,-1.798095838587642,8.71230769230769,-3.2147580260648443
5LE3-09,2014,107.41461538461536,-0.7217023959646909,-57.99769230769232,-3.657258026064844
5LE3-09,2015,65.48461538461535,-0.6859646910466566,-98.1676923076923,0.864825307268489
5LE3-09,2016,-33.11538461538464,1.3491172761664565,38.52230769230769,0.8287233788938333
5LE3-09,2017,8.814615384615365,-0.6405548549810831,-34.80769230769232,1.0176586406018222
5LE3-09,2018,136.78461538461536,1.8776418663303929,-4.5176923076923,-3.862674692731511
5LE3-09,2019,95.97461538461536,-2.1767843631778057,250.00230769230768,-4.4428413593981775
5LE3-09,2020,37.25461538461536,-0.6549810844892789,-55.30769230769231,-0.6349129847425306
5LE3-09,2021,-103.34538461538463,1.0192812105926876,16.642307692307696,-0.3351746927315111
5LE3-09,2022,16.794615384615383,0.3189533417402295,-28.217692307692317,-1.909924692731511
5LE3-09,2023,-43.20538461538462,2.4250189155107194,-12.157692307692315,-2.6875080260648443
5LE3-14,2008,6.5719230769230705,-1.2704665825977308,-43.25423076923077,-2.9996996450519173
5LE3-14,2009,-33.66807692307691,-0.3270239596469118,-16.82423076923078,-1.1682774687433775
5LE3-14,2010,73.39192307692309,-0.5304665825977288,-11.714230769230767,-0.4543608020767107
5LE3-14,2011,101.50192307692305,-1.5280075662042876,48.88576923076923,-3.690610802076711
5LE3-14,2012,88.12192307692305,1.8552711223203033,18.815769230769234,4.912283826022462
5LE3-14,2013,46.471923076923076,-1.751122320302649,11.905769230769238,-3.181194135410044
5LE3-14,2014,107.68192307692306,-0.710630517023958,-58.43423076923078,-3.6741108020767106
5LE3-14,2015,75.41192307692307,-0.648171500630518,-98.83423076923077,0.8665558645899556
5LE3-14,2016,-33.57807692307691,1.3734678436317793,38.775769230769214,0.8299697764356857
5LE3-14,2017,15.651923076923083,-0.7230895334174008,-31.874230769230792,1.0173891979232894
5LE3-14,2018,138.81192307692305,1.8565825977301387,-5.78423076923076,-3.8804441354100443
5LE3-14,2019,106.52192307692309,-2.2303026481714987,259.6257692307692,-4.518110802076711
5LE3-14,2020,37.85192307692307,-0.7307944514501905,-56.16423076923077,-0.691848405382496
5LE3-14,2021,-102.72807692307691,0.9452711223203032,14.845769230769235,-0.3756108020767108
5LE3-14,2022,21.33192307692309,0.3174022698612866,-25.02423076923077,-1.9444441354100443
5LE3-14,2023,-41.12807692307692,2.3678940731399756,-11.614230769230772,-2.706110802076711
5LE4-01,2008,52.92692307692306,-1.2598549810844908,-33.164230769230755,-3.380493139436321
5LE4-01,2009,-18.693076923076944,-0.6260844892812116,-6.994230769230768,-0.8595131118881119
5LE4-01,2010,60.346923076923076,-0.5332976040353081,9.835769230769245,-0.8482631118881119
5LE4-01,2011,50.276923076923055,-1.2931336696090803,18.095769230769235,-3.333763111888112
5LE4-01,2012,75.05692307692306,2.074407313997476,26.755769230769232,4.799176282051282
5LE4-01,2013,83.17692307692306,-1.8541172761664555,38.91576923076923,-2.9346797785547785
5LE4-01,2014,173.46692307692308,-0.534609079445147,-82.93423076923077,-3.0241797785547786
5LE4-01,2015,55.66692307692307,-0.8616582597730158,-84.85423076923077,0.8399035547785552
5LE4-01,2016,60.52692307692308,1.137849936948296,58.42576923076925,0.7876886787454973
5LE4-01,2017,-35.01307692307694,-0.17264186633039103,7.895769230769247,0.9669035547785549
5LE4-01,2018,144.46692307692308,1.9647351828499353,-1.7542307692307588,-3.7180131118881117
5LE4-01,2019,78.37692307692305,-1.8890353089533427,91.68576923076924,-3.9746797785547785
5LE4-01,2020,-0.6630769230769431,-0.23264186633038975,-55.22423076923076,-0.26660884191566003
5LE4-01,2021,-76.79307692307692,1.2621122320302653,-18.934230769230766,-0.2056797785547788
5LE4-01,2022,-42.01307692307694,0.49063682219419746,-39.884230769230754,-1.1519297785547784
5LE4-01,2023,-97.62307692307692,2.6409646910466584,-6.384230769230754,-2.5169297785547786
5LE4-02,2008,52.92692307692306,-1.2598549810844908,-33.164230769230755,-3.380493139436321
5LE4-02,2009,-18.693076923076944,-0.6260844892812116,-6.994230769230768,-0.8595131118881119
5LE4-02,2010,60.346923076923076,-0.5332976040353081,9.835769230769245,-0.8482631118881119
5LE4-02,2011,50.276923076923055,-1.2931336696090803,18.095769230769235,-3.333763111888112
5LE4-02,2012,75.05692307692306,2.074407313997476,26.755769230769232,4.799176282051282
5LE4-02,2013,83.17692307692306,-1.8541172761664555,38.91576923076923,-2.9346797785547785
5LE4-02,2014,173.46692307692308,-0.534609079445147,-82.93423076923077,-3.0241797785547786
5LE4-02,2015,55.66692307692307,-0.8616582597730158,-84.85423076923077,0.8399035547785552
5LE4-02,2016,60.52692307692308,1.137849936948296,58.42576923076925,0.7876886787454973
5LE4-02,2017,-35.01307692307694,-0.17264186633039103,7.895769230769247,0.9669035547785549
5LE4-02,2018,144.46692307692308,1.9647351828499353,-1.7542307692307588,-3.7180131118881117
5LE4-02,2019,78.37692307692305,-1.8890353089533427,91.68576923076924,-3.9746797785547785
5LE4-02,2020,-0.6630769230769431,-0.23264186633038975,-55.22423076923076,-0.26660884191566003
5LE4-02,2021,-76.79307692307692,1.2621122320302653,-18.934230769230766,-0.2056797785547788
5LE4-02,2022,-42.01307692307694,0.49063682219419746,-39.884230769230754,-1.1519297785547784
5LE4-02,2023,-97.62307692307692,2.6409646910466584,-6.384230769230754,-2.5169297785547786
5LE4-03,2008,52.92692307692306,-1.2598549810844908,-33.164230769230755,-3.380493139436321
5LE4-03,2009,-18.693076923076944,-0.6260844892812116,-6.994230769230768,-0.8595131118881119
5LE4-03,2010,60.346923076923076,-0.5332976040353081,9.835769230769245,-0.8482631118881119
5LE4-03,2011,50.276923076923055,-1.2931336696090803,18.095769230769235,-3.333763111888112
5LE4-03,2012,75.05692307692306,2.074407313997476,26.755769230769232,4.799176282051282
5LE4-03,2013,83.17692307692306,-1.8541172761664555,38.91576923076923,-2.9346797785547785
5LE4-03,2014,173.46692307692308,-0.534609079445147,-82.93423076923077,-3.0241797785547786
5LE4-03,2015,55.66692307692307,-0.8616582597730158,-84.85423076923077,0.8399035547785552
5LE4-03,2016,60.52692307692308,1.137849936948296,58.42576923076925,0.7876886787454973
5LE4-03,2017,-35.01307692307694,-0.17264186633039103,7.895769230769247,0.9669035547785549
5LE4-03,2018,144.46692307692308,1.9647351828499353,-1.7542307692307588,-3.7180131118881117
5LE4-03,2019,78.37692307692305,-1.8890353089533427,91.68576923076924,-3.9746797785547785
5LE4-03,2020,-0.6630769230769431,-0.23264186633038975,-55.22423076923076,-0.26660884191566003
5LE4-03,2021,-76.79307692307692,1.2621122320302653,-18.934230769230766,-0.2056797785547788
5LE4-03,2022,-42.01307692307694,0.49063682219419746,-39.884230769230754,-1.1519297785547784
5LE4-03,2023,-97.62307692307692,2.6409646910466584,-6.384230769230754,-2.5169297785547786
5LE4-04,2008,52.92692307692306,-1.2598549810844908,-33.164230769230755,-3.380493139436321
5LE4-04,2009,-18.693076923076944,-0.6260844892812116,-6.994230769230768,-0.8595131118881119
5LE4-04,2010,60.346923076923076,-0.5332976040353081,9.835769230769245,-0.8482631118881119
5LE4-04,2011,50.276923076923055,-1.2931336696090803,18.095769230769235,-3.333763111888112
5LE4-04,2012,75.05692307692306,2.074407313997476,26.755769230769232,4.799176282051282
5LE4-04,2013,83.17692307692306,-1.8541172761664555,38.91576923076923,-2.9346797785547785
5LE4-04,2014,173.46692307692308,-0.534609079445147,-82.93423076923077,-3.0241797785547786
5LE4-04,2015,55.66692307692307,-0.8616582597730158,-84.85423076923077,0.8399035547785552
5LE4-04,2016,60.52692307692308,1.137849936948296,58.42576923076925,0.7876886787454973
5LE4-04,2017,-35.01307692307694,-0.17264186633039103,7.895769230769247,0.9669035547785549
5LE4-04,2018,144.46692307692308,1.9647351828499353,-1.7542307692307588,-3.7180131118881117
5LE4-04,2019,78.37692307692305,-1.8890353089533427,91.68576923076924,-3.9746797785547785
5LE4-04,2020,-0.6630769230769431,-0.23264186633038975,-55.22423076923076,-0.26660884191566003
5LE4-04,2021,-76.79307692307692,1.2621122320302653,-18.934230769230766,-0.2056797785547788
5LE4-04,2022,-42.01307692307694,0.49063682219419746,-39.884230769230754,-1.1519297785547784
5LE4-04,2023,-97.62307692307692,2.6409646910466584,-6.384230769230754,-2.5169297785547786
5LE4-05,2008,52.96807692307692,-1.2516771752837315,-33.51192307692307,-3.3843358232676413
5LE4-05,2009,-20.181923076923084,-0.6298738965952069,-11.781923076923078,-0.8524666772621314
5LE4-05,2010,58.91807692307691,-0.5297099621689796,10.258076923076914,-0.8533000105954649
5LE4-05,2011,49.65807692307692,-1.2805296343001267,17.90807692307692,-3.325383343928798
5LE4-05,2012,68.41807692307691,2.082093316519547,23.598076923076917,4.799879052765418
5LE4-05,2013,81.78807692307691,-1.8462673392181586,36.328076923076935,-2.921383343928798
5LE4-05,2014,176.84807692307692,-0.5293820933165208,-83.23192307692308,-3.001383343928798
5LE4-05,2015,55.3080769230769,-0.8620050441361897,-83.41192307692307,0.8428666560712017
5LE4-05,2016,56.90807692307692,1.134552332912989,54.508076923076914,0.789300540368723
5LE4-05,2017,-39.17192307692309,-0.16380832282471403,7.338076923076926,0.9670333227378682
5LE4-05,2018,142.2480769230769,1.967339218158891,-3.481923076923067,-3.711133343928798
5LE4-05,2019,76.66807692307691,-1.8818411097099599,80.18807692307692,-3.9613000105954645
5LE4-05,2020,-4.381923076923101,-0.22725094577553406,-57.051923076923075,-0.2597077240940875
5LE4-05,2021,-72.86192307692309,1.2638965952080703,-18.201923076923066,-0.20521667726213133
5LE4-05,2022,-45.431923076923084,0.4981588902900391,-43.20192307692308,-1.1369666772621314
5LE4-05,2023,-98.41192307692309,2.6379949558638103,-6.511923076923068,-2.517216677262131
5LE4-06,2008,49.3573076923077,-1.3698297604035297,-28.40846153846155,-3.4503186056367876
5LE4-06,2009,-12.962692307692294,-0.6772068095838577,-7.948461538461544,-0.8938041428268702
5LE4-06,2010,58.38730769230767,-0.5690100882723819,11.85153846153844,-0.8746374761602036
5LE4-06,2011,50.07730769230767,-1.2955674653215645,15.42153846153846,-3.3577208094935367
5LE4-06,2012,65.70730769230767,2.0283669609079453,26.84153846153845,4.823069824115279
5LE4-06,2013,85.4773076923077,-1.7457313997477932,37.10153846153844,-2.874720809493537
5LE4-06,2014,177.9973076923077,-0.434747793190418,-85.23846153846155,-3.0338874761602037
5LE4-06,2015,58.40730769230771,-0.8003215636822212,-83.71846153846155,0.8681958571731303
5LE4-06,2016,56.7973076923077,1.1567276166456502,60.17153846153843,0.7775326340326338
5LE4-06,2017,-38.502692307692314,-0.19228877679697476,13.951538461538433,0.9955291905064629
5LE4-06,2018,153.77730769230772,1.9919735182849934,15.441538461538443,-3.6813874761602037
5LE4-06,2019,80.4173076923077,-1.870157629255992,83.18153846153845,-3.9760541428268703
5LE4-06,2020,-6.772692307692296,-0.24376418663304023,-59.31846153846155,-0.255690506463234
5LE4-06,2021,-71.78269230769232,1.2245964691046645,-15.248461538461555,-0.18138747616020368
5LE4-06,2022,-40.8326923076923,0.5237767969735181,-40.98846153846155,-0.9954708094935367
5LE4-06,2023,-101.5126923076923,2.72689155107188,-5.208461538461563,-2.4259708094935366
5LE4-07,2008,49.3573076923077,-1.3698297604035297,-28.40846153846155,-3.4503186056367876
5LE4-07,2009,-12.962692307692294,-0.6772068095838577,-7.948461538461544,-0.8938041428268702
5LE4-07,2010,58.38730769230767,-0.5690100882723819,11.85153846153844,-0.8746374761602036
5LE4-07,2011,50.07730769230767,-1.2955674653215645,15.42153846153846,-3.3577208094935367
5LE4-07,2012,65.70730769230767,2.0283669609079453,26.84153846153845,4.823069824115279
5LE4-07,2013,85.4773076923077,-1.7457313997477932,37.10153846153844,-2.874720809493537
5LE4-07,2014,177.9973076923077,-0.434747793190418,-85.23846153846155,-3.0338874761602037
5LE4-07,2015,58.40730769230771,-0.8003215636822212,-83.71846153846155,0.8681958571731303
5LE4-07,2016,56.7973076923077,1.1567276166456502,60.17153846153843,0.7775326340326338
5LE4-07,2017,-38.502692307692314,-0.19228877679697476,13.951538461538433,0.9955291905064629
5LE4-07,2018,153.77730769230772,1.9919735182849934,15.441538461538443,-3.6813874761602037
5LE4-07,2019,80.4173076923077,-1.870157629255992,83.18153846153845,-3.9760541428268703
5LE4-07,2020,-6.772692307692296,-0.24376418663304023,-59.31846153846155,-0.255690506463234
5LE4-07,2021,-71.78269230769232,1.2245964691046645,-15.248461538461555,-0.18138747616020368
5LE4-07,2022,-40.8326923076923,0.5237767969735181,-40.98846153846155,-0.9954708094935367
5LE4-07,2023,-101.5126923076923,2.72689155107188,-5.208461538461563,-2.4259708094935366
5LE4-08,2008,49.3573076923077,-1.3698297604035297,-28.40846153846155,-3.4503186056367876
5LE4-08,2009,-12.962692307692294,-0.6772068095838577,-7.948461538461544,-0.8938041428268702
5LE4-08,2010,58.38730769230767,-0.5690100882723819,11.85153846153844,-0.8746374761602036
5LE4-08,2011,50.07730769230767,-1.2955674653215645,15.42153846153846,-3.3577208094935367
5LE4-08,2012,65.70730769230767,2.0283669609079453,26.84153846153845,4.823069824115279
5LE4-08,2013,85.4773076923077,-1.7457313997477932,37.10153846153844,-2.874720809493537
5LE4-08,2014,177.9973076923077,-0.434747793190418,-85.23846153846155,-3.0338874761602037
5LE4-08,2015,58.40730769230771,-0.8003215636822212,-83.71846153846155,0.8681958571731303
5LE4-08,2016,56.7973076923077,1.1567276166456502,60.17153846153843,0.7775326340326338
5LE4-08,2017,-38.502692307692314,-0.19228877679697476,13.951538461538433,0.9955291905064629
5LE4-08,2018,153.77730769230772,1.9919735182849934,15.441538461538443,-3.6813874761602037
5LE4-08,2019,80.4173076923077,-1.870157629255992,83.18153846153845,-3.9760541428268703
5LE4-08,2020,-6.772692307692296,-0.24376418663304023,-59.31846153846155,-0.255690506463234
5LE4-08,2021,-71.78269230769232,1.2245964691046645,-15.248461538461555,-0.18138747616020368
5LE4-08,2022,-40.8326923076923,0.5237767969735181,-40.98846153846155,-0.9954708094935367
5LE4-08,2023,-101.5126923076923,2.72689155107188,-5.208461538461563,-2.4259708094935366
5LE4-09,2008,49.3573076923077,-1.3698297604035297,-28.40846153846155,-3.4503186056367876
5LE4-09,2009,-12.962692307692294,-0.6772068095838577,-7.948461538461544,-0.8938041428268702
5LE4-09,2010,58.38730769230767,-0.5690100882723819,11.85153846153844,-0.8746374761602036
5LE4-09,2011,50.07730769230767,-1.2955674653215645,15.42153846153846,-3.3577208094935367
5LE4-09,2012,65.70730769230767,2.0283669609079453,26.84153846153845,4.823069824115279
5LE4-09,2013,85.4773076923077,-1.7457313997477932,37.10153846153844,-2.874720809493537
5LE4-09,2014,177.9973076923077,-0.434747793190418,-85.23846153846155,-3.0338874761602037
5LE4-09,2015,58.40730769230771,-0.8003215636822212,-83.71846153846155,0.8681958571731303
5LE4-09,2016,56.7973076923077,1.1567276166456502,60.17153846153843,0.7775326340326338
5LE4-09,2017,-38.502692307692314,-0.19228877679697476,13.951538461538433,0.9955291905064629
5LE4-09,2018,153.77730769230772,1.9919735182849934,15.441538461538443,-3.6813874761602037
5LE4-09,2019,80.4173076923077,-1.870157629255992,83.18153846153845,-3.9760541428268703
5LE4-09,2020,-6.772692307692296,-0.24376418663304023,-59.31846153846155,-0.255690506463234
5LE4-09,2021,-71.78269230769232,1.2245964691046645,-15.248461538461555,-0.18138747616020368
5LE4-09,2022,-40.8326923076923,0.5237767969735181,-40.98846153846155,-0.9954708094935367
5LE4-09,2023,-101.5126923076923,2.72689155107188,-5.208461538461563,-2.4259708094935366
5LE4-10,2008,49.3573076923077,-1.3698297604035297,-28.40846153846155,-3.4503186056367876
5LE4-10,2009,-12.962692307692294,-0.6772068095838577,-7.948461538461544,-0.8938041428268702
5LE4-10,2010,58.38730769230767,-0.5690100882723819,11.85153846153844,-0.8746374761602036
5LE4-10,2011,50.07730769230767,-1.2955674653215645,15.42153846153846,-3.3577208094935367
5LE4-10,2012,65.70730769230767,2.0283669609079453,26.84153846153845,4.823069824115279
5LE4-10,2013,85.4773076923077,-1.7457313997477932,37.10153846153844,-2.874720809493537
5LE4-10,2014,177.9973076923077,-0.434747793190418,-85.23846153846155,-3.0338874761602037
5LE4-10,2015,58.40730769230771,-0.8003215636822212,-83.71846153846155,0.8681958571731303
5LE4-10,2016,56.7973076923077,1.1567276166456502,60.17153846153843,0.7775326340326338
5LE4-10,2017,-38.502692307692314,-0.19228877679697476,13.951538461538433,0.9955291905064629
5LE4-10,2018,153.77730769230772,1.9919735182849934,15.441538461538443,-3.6813874761602037
5LE4-10,2019,80.4173076923077,-1.870157629255992,83.18153846153845,-3.9760541428268703
5LE4-10,2020,-6.772692307692296,-0.24376418663304023,-59.31846153846155,-0.255690506463234
5LE4-10,2021,-71.78269230769232,1.2245964691046645,-15.248461538461555,-0.18138747616020368
5LE4-10,2022,-40.8326923076923,0.5237767969735181,-40.98846153846155,-0.9954708094935367
5LE4-10,2023,-101.5126923076923,2.72689155107188,-5.208461538461563,-2.4259708094935366
5LE4-11,2008,52.95923076923077,-1.3225220680958394,-30.815769230769234,-3.42808516105107
5LE4-11,2009,-14.840769230769212,-0.6702269861286254,0.574230769230752,-0.8732752436956983
5LE4-11,2010,59.369230769230796,-0.5549810844892811,11.094230769230762,-0.8760252436956981
5LE4-11,2011,48.68923076923079,-1.2828499369482955,15.78423076923076,-3.3381085770290317
5LE4-11,2012,62.329230769230776,2.0507566204287535,23.424230769230775,4.814972690188599
5LE4-11,2013,84.4292307692308,-1.7854728877679698,35.134230769230754,-2.8834419103623645
5LE4-11,2014,180.78923076923076,-0.46793190416141073,-85.11576923076923,-3.0008585770290317
5LE4-11,2015,57.519230769230774,-0.82235813366961,-83.88576923076923,0.8604747563043023
5LE4-11,2016,56.809230769230794,1.1469861286254748,54.55423076923077,0.784724756304302
5LE4-11,2017,-39.970769230769235,-0.168095838587643,11.454230769230776,0.9843914229709685
5LE4-11,2018,156.32923076923078,1.9858385876418687,13.614230769230772,-3.6865252436956983
5LE4-11,2019,75.74923076923079,-1.8682597730138717,78.54423076923075,-3.9586085770290316
5LE4-11,2020,-7.57076923076923,-0.22645649432534753,-59.82576923076924,-0.24990334286925187
5LE4-11,2021,-69.70076923076923,1.249445145018914,-13.825769230769225,-0.1861085770290316
5LE4-11,2022,-39.170769230769224,0.5287894073139974,-41.27576923076923,-1.0245252436956984
5LE4-11,2023,-103.31076923076922,2.699936948297605,-6.065769230769234,-2.454941910362365
5LE4-12,2008,52.95923076923077,-1.3225220680958394,-30.815769230769234,-3.42808516105107
5LE4-12,2009,-14.840769230769212,-0.6702269861286254,0.574230769230752,-0.8732752436956983
5LE4-12,2010,59.369230769230796,-0.5549810844892811,11.094230769230762,-0.8760252436956981
5LE4-12,2011,48.68923076923079,-1.2828499369482955,15.78423076923076,-3.3381085770290317
5LE4-12,2012,62.329230769230776,2.0507566204287535,23.424230769230775,4.814972690188599
5LE4-12,2013,84.4292307692308,-1.7854728877679698,35.134230769230754,-2.8834419103623645
5LE4-12,2014,180.78923076923076,-0.46793190416141073,-85.11576923076923,-3.0008585770290317
5LE4-12,2015,57.519230769230774,-0.82235813366961,-83.88576923076923,0.8604747563043023
5LE4-12,2016,56.809230769230794,1.1469861286254748,54.55423076923077,0.784724756304302
5LE4-12,2017,-39.970769230769235,-0.168095838587643,11.454230769230776,0.9843914229709685
5LE4-12,2018,156.32923076923078,1.9858385876418687,13.614230769230772,-3.6865252436956983
5LE4-12,2019,75.74923076923079,-1.8682597730138717,78.54423076923075,-3.9586085770290316
5LE4-12,2020,-7.57076923076923,-0.22645649432534753,-59.82576923076924,-0.24990334286925187
5LE4-12,2021,-69.70076923076923,1.249445145018914,-13.825769230769225,-0.1861085770290316
5LE4-12,2022,-39.170769230769224,0.5287894073139974,-41.27576923076923,-1.0245252436956984
5LE4-12,2023,-103.31076923076922,2.699936948297605,-6.065769230769234,-2.454941910362365
5LE4-13,2008,49.78730769230765,-1.3411475409836058,-29.947307692307703,-3.440803242212333
5LE4-13,2009,-11.42269230769233,-0.6908196721311484,-1.9373076923076837,-0.8793066857385039
5LE4-13,2010,57.497307692307686,-0.5811475409836078,6.582692307692298,-0.8997233524051707
5LE4-13,2011,45.27730769230769,-1.2954098360655735,17.522692307692296,-3.354556685738504
5LE4-13,2012,60.207307692307666,2.04262295081967,22.682692307692292,4.814733947870311
5LE4-13,2013,88.12730769230768,-1.7929508196721322,53.35269230769231,-2.895140019071837
5LE4-13,2014,176.25730769230768,-0.475737704918032,-80.91730769230769,-3.0072233524051706
5LE4-13,2015,56.657307692307654,-0.8245901639344275,-85.1573076923077,0.8612766475948295
5LE4-13,2016,62.28730769230765,1.1514754098360633,63.3626923076923,0.7854777495232037
5LE4-13,2017,-43.13269230769234,-0.16229508196721554,14.732692307692304,0.9806933142614955
5LE4-13,2018,148.84730769230765,1.9873770491803278,15.202692307692303,-3.679056685738504
5LE4-13,2019,74.34730769230765,-1.8593442622950818,87.72269230769231,-3.963556685738504
5LE4-13,2020,-13.352692307692337,-0.22098360655737892,-60.4673076923077,-0.2514643992371264
5LE4-13,2021,-64.83269230769233,1.2624590163934428,-8.667307692307702,-0.18322335240517074
5LE4-13,2022,-39.61269230769233,0.5283606557377034,-41.33730769230769,-1.0061400190718373
5LE4-13,2023,-106.00269230769233,2.716557377049181,-12.517307692307696,-2.4707233524051704
5SI1-01,2008,19.376538461538473,-1.14313997477932,-42.19615384615386,-2.6316649449035814
5SI1-01,2009,-58.12346153846153,-0.21625472887767927,-37.36615384615385,-0.867938360881543
5SI1-01,2010,47.93653846153845,-0.16232030264817254,-15.936153846153843,-0.3717716942148761
5SI1-01,2011,99.80653846153845,-1.5278940731399757,19.933846153846133,-3.2838550275482095
5SI1-01,2012,96.78653846153847,1.955548549810846,-0.24615384615384528,4.892632575757576
5SI1-01,2013,42.81653846153847,-2.0787137452711235,-0.37615384615386915,-3.1478550275482093
5SI1-01,2014,116.51653846153849,-0.8274022698612846,-48.93615384615386,-3.241855027548209
5SI1-01,2015,65.92653846153846,-0.9267465321563684,-103.79615384615386,0.7173116391184573
5SI1-01,2016,-4.203461538461539,0.8834174022698598,29.62384615384616,0.9301532369146006
5SI1-01,2017,-2.9934615384615313,-0.44773013871374445,-29.576153846153858,1.2496449724517902
5SI1-01,2018,171.5665384615385,1.7422698612862533,-14.826153846153858,-3.9508550275482093
5SI1-01,2019,74.54653846153846,-2.105926860025221,190.83384615384614,-3.9719383608815426
5SI1-01,2020,33.27653846153848,-0.24920554854980992,-14.13615384615386,-0.24108643250688688
5SI1-01,2021,-102.10346153846153,1.1927616645649444,-12.896153846153851,-0.06752169421487597
5SI1-01,2022,-52.13346153846152,0.4029255989911711,-28.256153846153865,-2.0468550275482094
5SI1-01,2023,23.226538461538468,2.4839092055485494,9.303846153846138,-2.265521694214876
5SI1-02,2008,18.83730769230769,-1.1444199243379565,-42.07269230769229,-2.620699486119941
5SI1-02,2009,-58.292692307692306,-0.2058953341740235,-37.142692307692286,-0.8584914971392243
5SI1-02,2010,47.36730769230766,-0.15327238335434856,-16.282692307692287,-0.36082483047255787
5SI1-02,2011,101.71730769230768,-1.5340920554854982,19.87730769230771,-3.2780748304725575
5SI1-02,2012,97.7673076923077,1.941317780580075,0.44730769230770306,4.887151753549481
5SI1-02,2013,44.06730769230768,-2.0911412358133674,0.25730769230770534,-3.1488248304725577
5SI1-02,2014,115.28730769230768,-0.8401576292559909,-48.15269230769229,-3.2395748304725576
5SI1-02,2015,65.90730769230768,-0.940649432534677,-103.94269230769228,0.7080085028607757
5SI1-02,2016,-1.5426923076923345,0.8621374527112238,29.267307692307696,0.9278955552023733
5SI1-02,2017,-3.972692307692313,-0.4568789407314,-29.472692307692284,1.2490918361941086
5SI1-02,2018,171.96730769230768,1.7298423707440094,-15.172692307692301,-3.9586581638058913
5SI1-02,2019,76.90730769230768,-2.110813366960908,190.8273076923077,-3.973658163805891
5SI1-02,2020,33.52730769230769,-0.2501576292559875,-13.852692307692308,-0.2359887423182876
5SI1-02,2021,-101.93269230769232,1.1890226986128631,-12.982692307692304,-0.06032483047255788
5SI1-02,2022,-51.792692307692306,0.407055485498109,-27.90269230769229,-2.049908163805891
5SI1-02,2023,23.437307692307684,2.4832849936948307,17.957307692307694,-2.2549914971392244
5SI1-04,2008,17.62961538461539,-1.1453656998738957,-43.228461538461545,-2.614624099385463
5SI1-04,2009,-58.6003846153846,-0.19979192938209067,-38.948461538461544,-0.8555683142614963
5SI1-04,2010,49.01961538461538,-0.15290668348045244,-16.178461538461534,-0.3601516475948294
5SI1-04,2011,101.5596153846154,-1.5432345523329118,19.91153846153847,-3.2883183142614962
5SI1-04,2012,96.07961538461538,1.9374211853720062,-0.6484615384615324,4.88611970226743
5SI1-04,2013,41.6196153846154,-2.091267339218156,-0.8984615384615324,-3.1606516475948294
5SI1-04,2014,116.00961538461539,-0.8501197982345516,-48.488461538461536,-3.2509016475948296
5SI1-04,2015,67.26961538461538,-0.9335624211853712,-105.36846153846153,0.7067650190718373
5SI1-04,2016,-11.010384615384595,0.872339218158892,27.301538461538456,0.9324006940029665
5SI1-04,2017,-1.8803846153845996,-0.4707755359394703,-29.708461538461535,1.2512650190718375
5SI1-04,2018,176.0596153846154,1.7259457755359406,-15.388461538461542,-3.9565683142614962
5SI1-04,2019,76.4296153846154,-2.124054224464061,192.31153846153848,-3.9925683142614963
5SI1-04,2020,31.939615384615394,-0.2709394703656969,-13.988461538461536,-0.2577645952532319
5SI1-04,2021,-102.74038461538461,1.1784047919293847,-12.548461538461538,-0.07148498092816258
5SI1-04,2022,-51.6903846153846,0.3921752837326622,-27.62846153846155,-2.0725683142614963
5SI1-04,2023,22.459615384615375,2.4828310214375797,16.92153846153846,-2.272318314261496
5SI1-05,2008,17.62961538461539,-1.1453656998738957,-43.228461538461545,-2.614624099385463
5SI1-05,2009,-58.6003846153846,-0.19979192938209067,-38.948461538461544,-0.8555683142614963
5SI1-05,2010,49.01961538461538,-0.15290668348045244,-16.178461538461534,-0.3601516475948294
5SI1-05,2011,101.5596153846154,-1.5432345523329118,19.91153846153847,-3.2883183142614962
5SI1-05,2012,96.07961538461538,1.9374211853720062,-0.6484615384615324,4.88611970226743
5SI1-05,2013,41.6196153846154,-2.091267339218156,-0.8984615384615324,-3.1606516475948294
5SI1-05,2014,116.00961538461539,-0.8501197982345516,-48.488461538461536,-3.2509016475948296
5SI1-05,2015,67.26961538461538,-0.9335624211853712,-105.36846153846153,0.7067650190718373
5SI1-05,2016,-11.010384615384595,0.872339218158892,27.301538461538456,0.9324006940029665
5SI1-05,2017,-1.8803846153845996,-0.4707755359394703,-29.708461538461535,1.2512650190718375
5SI1-05,2018,176.0596153846154,1.7259457755359406,-15.388461538461542,-3.9565683142614962
5SI1-05,2019,76.4296153846154,-2.124054224464061,192.31153846153848,-3.9925683142614963
5SI1-05,2020,31.939615384615394,-0.2709394703656969,-13.988461538461536,-0.2577645952532319
5SI1-05,2021,-102.74038461538461,1.1784047919293847,-12.548461538461538,-0.07148498092816258
5SI1-05,2022,-51.6903846153846,0.3921752837326622,-27.62846153846155,-2.0725683142614963
5SI1-05,2023,22.459615384615375,2.4828310214375797,16.92153846153846,-2.272318314261496
5SI2-01,2008,-4.128461538461522,-1.2996910466582605,-55.385000000000005,-2.6012678003814367
5SI2-01,2009,-45.968461538461526,-0.4555926860025217,-22.935000000000002,-1.1456837783428693
5SI2-01,2010,47.19153846153847,-0.4437894073140001,-30.745000000000005,-0.4932671116762024
5SI2-01,2011,80.59153846153848,-1.6283795712484235,22.83499999999998,-3.4593504450095356
5SI2-01,2012,87.06153846153845,1.8614564943253455,-10.534999999999997,4.9885669103623655
5SI2-01,2013,61.42153846153846,-2.0606746532156386,-20.63500000000002,-3.3595171116762024
5SI2-01,2014,130.80153846153846,-0.886412358133672,-57.30500000000001,-3.324683778342869
5SI2-01,2015,50.16153846153847,-0.7911664564943273,-109.275,0.7860662216571308
5SI2-01,2016,-45.488461538461536,1.1081778058007536,5.734999999999985,1.0868313731722825
5SI2-01,2017,-3.198461538461544,-0.3475598991172788,-35.724999999999994,1.3166495549904642
5SI2-01,2018,114.43153846153845,1.9124401008827228,-1.9749999999999943,-3.7305171116762024
5SI2-01,2019,67.45153846153849,-2.031986128625473,185.675,-3.938600445009536
5SI2-01,2020,-24.978461538461545,-0.19657629255990017,-20.345000000000027,-0.2777967260012715
5SI2-01,2021,-111.91846153846153,1.4265384615384598,0.25499999999999545,-0.03310044500953557
5SI2-01,2022,-10.098461538461521,0.39309583858764086,-19.015000000000015,-2.219350445009536
5SI2-01,2023,-30.918461538461543,2.642767969735182,1.9749999999999943,-2.392933778342869
5SI2-02,2008,-5.859615384615381,-1.2957818411097115,-55.46923076923076,-2.590311586141132
5SI2-02,2009,-49.50961538461539,-0.45332282471626684,-24.66923076923075,-1.137880456664548
5SI2-02,2010,43.560384615384606,-0.43856872635561217,-30.87923076923076,-0.49363045666454797
5SI2-02,2011,82.67038461538459,-1.6266015132408569,22.150769230769242,-3.4522971233312143
5SI2-02,2012,85.67038461538465,1.8647099621689769,-11.239230769230772,4.988944612205975
5SI2-02,2013,57.88038461538463,-2.064962168978564,-20.93923076923076,-3.357463789997881
5SI2-02,2014,126.39038461538462,-0.8808638083228253,-57.23923076923076,-3.318213789997881
5SI2-02,2015,49.25038461538463,-0.7943064312736432,-109.67923076923076,0.7846195433354524
5SI2-02,2016,-45.10961538461538,1.1025788146279965,5.230769230769226,1.0889446122059758
5SI2-02,2017,-4.009615384615387,-0.33955233291298725,-35.64923076923077,1.3242028766687857
5SI2-02,2018,111.67038461538459,1.9122509457755363,-2.199230769230752,-3.731963789997881
5SI2-02,2019,65.31038461538463,-2.0279129886506944,182.53076923076924,-3.9200471233312144
5SI2-02,2020,-25.639615384615382,-0.18627364438840033,-20.85923076923075,-0.2665925778766689
5SI2-02,2021,-117.03961538461539,1.4329066834804536,7.1707692307692525,-0.028963789997880962
5SI2-02,2022,-12.699615384615385,0.39208701134930735,-19.809230769230766,-2.2232137899978808
5SI2-02,2023,-29.709615384615375,2.642742749054225,1.600769230769231,-2.385297123331214
5SI2-03,2008,-4.274615384615402,-1.2972131147541006,-53.30846153846154,-2.5927181871159144
5SI2-03,2009,-49.354615384615386,-0.46934426229508475,-23.918461538461543,-1.150185129264675
5SI2-03,2010,42.625384615384604,-0.4562295081967207,-29.668461538461543,-0.5191851292646747
5SI2-03,2011,83.55538461538461,-1.6337704918032792,19.92153846153846,-3.456935129264675
5SI2-03,2012,87.16538461538462,1.8716393442622952,-10.888461538461542,4.968604126933672
5SI2-03,2013,58.165384615384625,-2.0840983606557373,-24.33846153846153,-3.3664351292646746
5SI2-03,2014,126.23538461538462,-0.8672131147541009,-56.31846153846155,-3.330435129264675
5SI2-03,2015,50.1953846153846,-0.8057377049180339,-108.02846153846154,0.7873982040686585
5SI2-03,2016,-45.03461538461539,1.1096721311475406,5.981538461538463,1.0739760277601187
5SI2-03,2017,-3.7646153846153823,-0.3068852459016398,-36.17846153846155,1.3083982040686584
5SI2-03,2018,115.40538461538463,1.9221311475409806,-5.448461538461544,-3.7413517959313416
5SI2-03,2019,68.3853846153846,-2.007868852459019,179.18153846153848,-3.8883517959313414
5SI2-03,2020,-24.604615384615386,-0.1677049180327863,-22.758461538461546,-0.2373462862894682
5SI2-03,2021,-115.27461538461539,1.4401639344262271,4.311538461538447,-0.023351795931341623
5SI2-03,2022,-15.924615384615379,0.37590163934426,-19.398461538461532,-2.210101795931341
5SI2-03,2023,-29.664615384615388,2.6334426229508168,1.0915384615384482,-2.3909351292646748
5SI2-04,2008,-4.274615384615402,-1.2972131147541006,-53.30846153846154,-2.5927181871159144
5SI2-04,2009,-49.354615384615386,-0.46934426229508475,-23.918461538461543,-1.150185129264675
5SI2-04,2010,42.625384615384604,-0.4562295081967207,-29.668461538461543,-0.5191851292646747
5SI2-04,2011,83.55538461538461,-1.6337704918032792,19.92153846153846,-3.456935129264675
5SI2-04,2012,87.16538461538462,1.8716393442622952,-10.888461538461542,4.968604126933672
5SI2-04,2013,58.165384615384625,-2.0840983606557373,-24.33846153846153,-3.3664351292646746
5SI2-04,2014,126.23538461538462,-0.8672131147541009,-56.31846153846155,-3.330435129264675
5SI2-04,2015,50.1953846153846,-0.8057377049180339,-108.02846153846154,0.7873982040686585
5SI2-04,2016,-45.03461538461539,1.1096721311475406,5.981538461538463,1.0739760277601187
5SI2-04,2017,-3.7646153846153823,-0.3068852459016398,-36.17846153846155,1.3083982040686584
5SI2-04,2018,115.40538461538463,1.9221311475409806,-5.448461538461544,-3.7413517959313416
5SI2-04,2019,68.3853846153846,-2.007868852459019,179.18153846153848,-3.8883517959313414
5SI2-04,2020,-24.604615384615386,-0.1677049180327863,-22.758461538461546,-0.2373462862894682
5SI2-04,2021,-115.27461538461539,1.4401639344262271,4.311538461538447,-0.023351795931341623
5SI2-04,2022,-15.924615384615379,0.37590163934426,-19.398461538461532,-2.210101795931341
5SI2-04,2023,-29.664615384615388,2.6334426229508168,1.0915384615384482,-2.3909351292646748
5SI2-05,2008,-4.274615384615402,-1.2972131147541006,-53.30846153846154,-2.5927181871159144
5SI2-05,2009,-49.354615384615386,-0.46934426229508475,-23.918461538461543,-1.150185129264675
5SI2-05,2010,42.625384615384604,-0.4562295081967207,-29.668461538461543,-0.5191851292646747
5SI2-05,2011,83.55538461538461,-1.6337704918032792,19.92153846153846,-3.456935129264675
5SI2-05,2012,87.16538461538462,1.8716393442622952,-10.888461538461542,4.968604126933672
5SI2-05,2013,58.165384615384625,-2.0840983606557373,-24.33846153846153,-3.3664351292646746
5SI2-05,2014,126.23538461538462,-0.8672131147541009,-56.31846153846155,-3.330435129264675
5SI2-05,2015,50.1953846153846,-0.8057377049180339,-108.02846153846154,0.7873982040686585
5SI2-05,2016,-45.03461538461539,1.1096721311475406,5.981538461538463,1.0739760277601187
5SI2-05,2017,-3.7646153846153823,-0.3068852459016398,-36.17846153846155,1.3083982040686584
5SI2-05,2018,115.40538461538463,1.9221311475409806,-5.448461538461544,-3.7413517959313416
5SI2-05,2019,68.3853846153846,-2.007868852459019,179.18153846153848,-3.8883517959313414
5SI2-05,2020,-24.604615384615386,-0.1677049180327863,-22.758461538461546,-0.2373462862894682
5SI2-05,2021,-115.27461538461539,1.4401639344262271,4.311538461538447,-0.023351795931341623
5SI2-05,2022,-15.924615384615379,0.37590163934426,-19.398461538461532,-2.210101795931341
5SI2-05,2023,-29.664615384615388,2.6334426229508168,1.0915384615384482,-2.3909351292646748
5SI2-06,2008,-4.274615384615402,-1.2972131147541006,-53.30846153846154,-2.5927181871159144
5SI2-06,2009,-49.354615384615386,-0.46934426229508475,-23.918461538461543,-1.150185129264675
5SI2-06,2010,42.625384615384604,-0.4562295081967207,-29.668461538461543,-0.5191851292646747
5SI2-06,2011,83.55538461538461,-1.6337704918032792,19.92153846153846,-3.456935129264675
5SI2-06,2012,87.16538461538462,1.8716393442622952,-10.888461538461542,4.968604126933672
5SI2-06,2013,58.165384615384625,-2.0840983606557373,-24.33846153846153,-3.3664351292646746
5SI2-06,2014,126.23538461538462,-0.8672131147541009,-56.31846153846155,-3.330435129264675
5SI2-06,2015,50.1953846153846,-0.8057377049180339,-108.02846153846154,0.7873982040686585
5SI2-06,2016,-45.03461538461539,1.1096721311475406,5.981538461538463,1.0739760277601187
5SI2-06,2017,-3.7646153846153823,-0.3068852459016398,-36.17846153846155,1.3083982040686584
5SI2-06,2018,115.40538461538463,1.9221311475409806,-5.448461538461544,-3.7413517959313416
5SI2-06,2019,68.3853846153846,-2.007868852459019,179.18153846153848,-3.8883517959313414
5SI2-06,2020,-24.604615384615386,-0.1677049180327863,-22.758461538461546,-0.2373462862894682
5SI2-06,2021,-115.27461538461539,1.4401639344262271,4.311538461538447,-0.023351795931341623
5SI2-06,2022,-15.924615384615379,0.37590163934426,-19.398461538461532,-2.210101795931341
5SI2-06,2023,-29.664615384615388,2.6334426229508168,1.0915384615384482,-2.3909351292646748
5SI2-07,2008,-5.859615384615381,-1.2957818411097115,-55.46923076923076,-2.590311586141132
5SI2-07,2009,-49.50961538461539,-0.45332282471626684,-24.66923076923075,-1.137880456664548
5SI2-07,2010,43.560384615384606,-0.43856872635561217,-30.87923076923076,-0.49363045666454797
5SI2-07,2011,82.67038461538459,-1.6266015132408569,22.150769230769242,-3.4522971233312143
5SI2-07,2012,85.67038461538465,1.8647099621689769,-11.239230769230772,4.988944612205975
5SI2-07,2013,57.88038461538463,-2.064962168978564,-20.93923076923076,-3.357463789997881
5SI2-07,2014,126.39038461538462,-0.8808638083228253,-57.23923076923076,-3.318213789997881
5SI2-07,2015,49.25038461538463,-0.7943064312736432,-109.67923076923076,0.7846195433354524
5SI2-07,2016,-45.10961538461538,1.1025788146279965,5.230769230769226,1.0889446122059758
5SI2-07,2017,-4.009615384615387,-0.33955233291298725,-35.64923076923077,1.3242028766687857
5SI2-07,2018,111.67038461538459,1.9122509457755363,-2.199230769230752,-3.731963789997881
5SI2-07,2019,65.31038461538463,-2.0279129886506944,182.53076923076924,-3.9200471233312144
5SI2-07,2020,-25.639615384615382,-0.18627364438840033,-20.85923076923075,-0.2665925778766689
5SI2-07,2021,-117.03961538461539,1.4329066834804536,7.1707692307692525,-0.028963789997880962
5SI2-07,2022,-12.699615384615385,0.39208701134930735,-19.809230769230766,-2.2232137899978808
5SI2-07,2023,-29.709615384615375,2.642742749054225,1.600769230769231,-2.385297123331214
5SI3-01,2008,31.10307692307694,-1.1016330390920572,-36.505384615384614,-2.874796196228014
5SI3-01,2009,-56.556923076923056,-0.20228877679697632,-6.7553846153845996,-0.8595558381012927
5SI3-01,2010,31.35307692307694,-0.19999369482976093,-6.02538461538461,-0.42980583810129236
5SI3-01,2011,88.27307692307693,-1.400485498108452,36.804615384615374,-3.2596391714346256
5SI3-01,2012,98.37307692307695,2.0832849936948286,-1.5153846153846189,4.864294712862895
5SI3-01,2013,48.85307692307691,-1.900485498108452,12.274615384615402,-3.0080558381012925
5SI3-01,2014,120.25307692307695,-0.6160592686002531,-56.19538461538461,-3.2007225047679593
5SI3-01,2015,59.153076923076924,-0.8609773013871376,-94.0753846153846,0.7821941618987078
5SI3-01,2016,-24.046923076923065,1.0231210592685969,39.22461538461539,0.8256170269124818
5SI3-01,2017,12.873076923076923,-0.39950189155107196,-23.985384615384618,1.1457774952320405
5SI3-01,2018,160.88307692307694,1.8477112232030244,3.144615384615406,-3.955972504767959
5SI3-01,2019,71.52307692307693,-2.0622887767969758,199.2546153846154,-4.018472504767959
5SI3-01,2020,68.45307692307694,-0.2862232030264842,-31.105384615384608,-0.29355652680652655
5SI3-01,2021,-94.68692307692307,1.1149243379571239,-3.555384615384611,-0.1616391714346257
5SI3-01,2022,-55.016923076923064,0.41918663303908943,-39.515384615384605,-1.7393058381012925
5SI3-01,2023,-1.336923076923057,2.488039092055484,21.584615384615375,-2.2720558381012923
5SI3-02,2008,31.10307692307694,-1.1016330390920572,-36.505384615384614,-2.874796196228014
5SI3-02,2009,-56.556923076923056,-0.20228877679697632,-6.7553846153845996,-0.8595558381012927
5SI3-02,2010,31.35307692307694,-0.19999369482976093,-6.02538461538461,-0.42980583810129236
5SI3-02,2011,88.27307692307693,-1.400485498108452,36.804615384615374,-3.2596391714346256
5SI3-02,2012,98.37307692307695,2.0832849936948286,-1.5153846153846189,4.864294712862895
5SI3-02,2013,48.85307692307691,-1.900485498108452,12.274615384615402,-3.0080558381012925
5SI3-02,2014,120.25307692307695,-0.6160592686002531,-56.19538461538461,-3.2007225047679593
5SI3-02,2015,59.153076923076924,-0.8609773013871376,-94.0753846153846,0.7821941618987078
5SI3-02,2016,-24.046923076923065,1.0231210592685969,39.22461538461539,0.8256170269124818
5SI3-02,2017,12.873076923076923,-0.39950189155107196,-23.985384615384618,1.1457774952320405
5SI3-02,2018,160.88307692307694,1.8477112232030244,3.144615384615406,-3.955972504767959
5SI3-02,2019,71.52307692307693,-2.0622887767969758,199.2546153846154,-4.018472504767959
5SI3-02,2020,68.45307692307694,-0.2862232030264842,-31.105384615384608,-0.29355652680652655
5SI3-02,2021,-94.68692307692307,1.1149243379571239,-3.555384615384611,-0.1616391714346257
5SI3-02,2022,-55.016923076923064,0.41918663303908943,-39.515384615384605,-1.7393058381012925
5SI3-02,2023,-1.336923076923057,2.488039092055484,21.584615384615375,-2.2720558381012923
5SI3-03,2008,31.10307692307694,-1.1016330390920572,-36.505384615384614,-2.874796196228014
5SI3-03,2009,-56.556923076923056,-0.20228877679697632,-6.7553846153845996,-0.8595558381012927
5SI3-03,2010,31.35307692307694,-0.19999369482976093,-6.02538461538461,-0.42980583810129236
5SI3-03,2011,88.27307692307693,-1.400485498108452,36.804615384615374,-3.2596391714346256
5SI3-03,2012,98.37307692307695,2.0832849936948286,-1.5153846153846189,4.864294712862895
5SI3-03,2013,48.85307692307691,-1.900485498108452,12.274615384615402,-3.0080558381012925
5SI3-03,2014,120.25307692307695,-0.6160592686002531,-56.19538461538461,-3.2007225047679593
5SI3-03,2015,59.153076923076924,-0.8609773013871376,-94.0753846153846,0.7821941618987078
5SI3-03,2016,-24.046923076923065,1.0231210592685969,39.22461538461539,0.8256170269124818
5SI3-03,2017,12.873076923076923,-0.39950189155107196,-23.985384615384618,1.1457774952320405
5SI3-03,2018,160.88307692307694,1.8477112232030244,3.144615384615406,-3.955972504767959
5SI3-03,2019,71.52307692307693,-2.0622887767969758,199.2546153846154,-4.018472504767959
5SI3-03,2020,68.45307692307694,-0.2862232030264842,-31.105384615384608,-0.29355652680652655
5SI3-03,2021,-94.68692307692307,1.1149243379571239,-3.555384615384611,-0.1616391714346257
5SI3-03,2022,-55.016923076923064,0.41918663303908943,-39.515384615384605,-1.7393058381012925
5SI3-03,2023,-1.336923076923057,2.488039092055484,21.584615384615375,-2.2720558381012923
5SI3-04,2008,31.10307692307694,-1.1016330390920572,-36.505384615384614,-2.874796196228014
5SI3-04,2009,-56.556923076923056,-0.20228877679697632,-6.7553846153845996,-0.8595558381012927
5SI3-04,2010,31.35307692307694,-0.19999369482976093,-6.02538461538461,-0.42980583810129236
5SI3-04,2011,88.27307692307693,-1.400485498108452,36.804615384615374,-3.2596391714346256
5SI3-04,2012,98.37307692307695,2.0832849936948286,-1.5153846153846189,4.864294712862895
5SI3-04,2013,48.85307692307691,-1.900485498108452,12.274615384615402,-3.0080558381012925
5SI3-04,2014,120.25307692307695,-0.6160592686002531,-56.19538461538461,-3.2007225047679593
5SI3-04,2015,59.153076923076924,-0.8609773013871376,-94.0753846153846,0.7821941618987078
5SI3-04,2016,-24.046923076923065,1.0231210592685969,39.22461538461539,0.8256170269124818
5SI3-04,2017,12.873076923076923,-0.39950189155107196,-23.985384615384618,1.1457774952320405
5SI3-04,2018,160.88307692307694,1.8477112232030244,3.144615384615406,-3.955972504767959
5SI3-04,2019,71.52307692307693,-2.0622887767969758,199.2546153846154,-4.018472504767959
5SI3-04,2020,68.45307692307694,-0.2862232030264842,-31.105384615384608,-0.29355652680652655
5SI3-04,2021,-94.68692307692307,1.1149243379571239,-3.555384615384611,-0.1616391714346257
5SI3-04,2022,-55.016923076923064,0.41918663303908943,-39.515384615384605,-1.7393058381012925
5SI3-04,2023,-1.336923076923057,2.488039092055484,21.584615384615375,-2.2720558381012923
5SI3-05,2008,31.10307692307694,-1.1016330390920572,-36.505384615384614,-2.874796196228014
5SI3-05,2009,-56.556923076923056,-0.20228877679697632,-6.7553846153845996,-0.8595558381012927
5SI3-05,2010,31.35307692307694,-0.19999369482976093,-6.02538461538461,-0.42980583810129236
5SI3-05,2011,88.27307692307693,-1.400485498108452,36.804615384615374,-3.2596391714346256
5SI3-05,2012,98.37307692307695,2.0832849936948286,-1.5153846153846189,4.864294712862895
5SI3-05,2013,48.85307692307691,-1.900485498108452,12.274615384615402,-3.0080558381012925
5SI3-05,2014,120.25307692307695,-0.6160592686002531,-56.19538461538461,-3.2007225047679593
5SI3-05,2015,59.153076923076924,-0.8609773013871376,-94.0753846153846,0.7821941618987078
5SI3-05,2016,-24.046923076923065,1.0231210592685969,39.22461538461539,0.8256170269124818
5SI3-05,2017,12.873076923076923,-0.39950189155107196,-23.985384615384618,1.1457774952320405
5SI3-05,2018,160.88307692307694,1.8477112232030244,3.144615384615406,-3.955972504767959
5SI3-05,2019,71.52307692307693,-2.0622887767969758,199.2546153846154,-4.018472504767959
5SI3-05,2020,68.45307692307694,-0.2862232030264842,-31.105384615384608,-0.29355652680652655
5SI3-05,2021,-94.68692307692307,1.1149243379571239,-3.555384615384611,-0.1616391714346257
5SI3-05,2022,-55.016923076923064,0.41918663303908943,-39.515384615384605,-1.7393058381012925
5SI3-05,2023,-1.336923076923057,2.488039092055484,21.584615384615375,-2.2720558381012923
5SI3-06,2008,31.10307692307694,-1.1016330390920572,-36.505384615384614,-2.874796196228014
5SI3-06,2009,-56.556923076923056,-0.20228877679697632,-6.7553846153845996,-0.8595558381012927
5SI3-06,2010,31.35307692307694,-0.19999369482976093,-6.02538461538461,-0.42980583810129236
5SI3-06,2011,88.27307692307693,-1.400485498108452,36.804615384615374,-3.2596391714346256
5SI3-06,2012,98.37307692307695,2.0832849936948286,-1.5153846153846189,4.864294712862895
5SI3-06,2013,48.85307692307691,-1.900485498108452,12.274615384615402,-3.0080558381012925
5SI3-06,2014,120.25307692307695,-0.6160592686002531,-56.19538461538461,-3.2007225047679593
5SI3-06,2015,59.153076923076924,-0.8609773013871376,-94.0753846153846,0.7821941618987078
5SI3-06,2016,-24.046923076923065,1.0231210592685969,39.22461538461539,0.8256170269124818
5SI3-06,2017,12.873076923076923,-0.39950189155107196,-23.985384615384618,1.1457774952320405
5SI3-06,2018,160.88307692307694,1.8477112232030244,3.144615384615406,-3.955972504767959
5SI3-06,2019,71.52307692307693,-2.0622887767969758,199.2546153846154,-4.018472504767959
5SI3-06,2020,68.45307692307694,-0.2862232030264842,-31.105384615384608,-0.29355652680652655
5SI3-06,2021,-94.68692307692307,1.1149243379571239,-3.555384615384611,-0.1616391714346257
5SI3-06,2022,-55.016923076923064,0.41918663303908943,-39.515384615384605,-1.7393058381012925
5SI3-06,2023,-1.336923076923057,2.488039092055484,21.584615384615375,-2.2720558381012923
5SI3-07,2008,31.10307692307694,-1.1016330390920572,-36.505384615384614,-2.874796196228014
5SI3-07,2009,-56.556923076923056,-0.20228877679697632,-6.7553846153845996,-0.8595558381012927
5SI3-07,2010,31.35307692307694,-0.19999369482976093,-6.02538461538461,-0.42980583810129236
5SI3-07,2011,88.27307692307693,-1.400485498108452,36.804615384615374,-3.2596391714346256
5SI3-07,2012,98.37307692307695,2.0832849936948286,-1.5153846153846189,4.864294712862895
5SI3-07,2013,48.85307692307691,-1.900485498108452,12.274615384615402,-3.0080558381012925
5SI3-07,2014,120.25307692307695,-0.6160592686002531,-56.19538461538461,-3.2007225047679593
5SI3-07,2015,59.153076923076924,-0.8609773013871376,-94.0753846153846,0.7821941618987078
5SI3-07,2016,-24.046923076923065,1.0231210592685969,39.22461538461539,0.8256170269124818
5SI3-07,2017,12.873076923076923,-0.39950189155107196,-23.985384615384618,1.1457774952320405
5SI3-07,2018,160.88307692307694,1.8477112232030244,3.144615384615406,-3.955972504767959
5SI3-07,2019,71.52307692307693,-2.0622887767969758,199.2546153846154,-4.018472504767959
5SI3-07,2020,68.45307692307694,-0.2862232030264842,-31.105384615384608,-0.29355652680652655
5SI3-07,2021,-94.68692307692307,1.1149243379571239,-3.555384615384611,-0.1616391714346257
5SI3-07,2022,-55.016923076923064,0.41918663303908943,-39.515384615384605,-1.7393058381012925
5SI3-07,2023,-1.336923076923057,2.488039092055484,21.584615384615375,-2.2720558381012923
5SI4-01,2008,83.03461538461539,-0.9414375788146288,-46.08115384615385,-3.257023336511973
5SI4-01,2009,-71.72538461538463,-0.4602900378310224,-38.17115384615386,-0.6378187910574278
5SI4-01,2010,32.034615384615364,-0.057667087011349594,15.078846153846143,-0.6361521243907609
5SI4-01,2011,12.414615384615388,-0.8920933165195457,-3.6011538461538635,-2.900152124390761
5SI4-01,2012,22.42461538461538,2.33643127364439,32.98884615384614,4.919092365967366
5SI4-01,2013,58.29461538461538,-1.6112736443883975,26.148846153846137,-2.485985457724094
5SI4-01,2014,114.42461538461538,-0.21422446406052842,-75.44115384615387,-2.5798187910574275
5SI4-01,2015,12.044615384615383,-0.750453972257251,-80.38115384615386,0.9239312089425722
5SI4-01,2016,51.6546153846154,1.0643001261034044,59.368846153846135,0.8225634403475315
5SI4-01,2017,-36.905384615384605,0.07823455233291554,8.48884615384614,1.110847875609239
5SI4-01,2018,207.7146153846154,2.1128247162673404,29.048846153846142,-3.631985457724094
5SI4-01,2019,48.67461538461538,-1.7952080706179068,144.61884615384616,-3.5974854577240944
5SI4-01,2020,12.224615384615362,0.05741488020176533,-51.67115384615386,0.0035551758847209847
5SI4-01,2021,-92.94538461538463,1.3002017654476674,4.098846153846125,-0.05715212439076067
5SI4-01,2022,-31.935384615384635,0.9100378310214374,-30.381153846153865,-0.738485457724094
5SI4-01,2023,-98.57538461538462,2.703480453972258,18.18884615384613,-1.964735457724094
5SI4-02,2008,83.03461538461539,-0.9414375788146288,-46.08115384615385,-3.257023336511973
5SI4-02,2009,-71.72538461538463,-0.4602900378310224,-38.17115384615386,-0.6378187910574278
5SI4-02,2010,32.034615384615364,-0.057667087011349594,15.078846153846143,-0.6361521243907609
5SI4-02,2011,12.414615384615388,-0.8920933165195457,-3.6011538461538635,-2.900152124390761
5SI4-02,2012,22.42461538461538,2.33643127364439,32.98884615384614,4.919092365967366
5SI4-02,2013,58.29461538461538,-1.6112736443883975,26.148846153846137,-2.485985457724094
5SI4-02,2014,114.42461538461538,-0.21422446406052842,-75.44115384615387,-2.5798187910574275
5SI4-02,2015,12.044615384615383,-0.750453972257251,-80.38115384615386,0.9239312089425722
5SI4-02,2016,51.6546153846154,1.0643001261034044,59.368846153846135,0.8225634403475315
5SI4-02,2017,-36.905384615384605,0.07823455233291554,8.48884615384614,1.110847875609239
5SI4-02,2018,207.7146153846154,2.1128247162673404,29.048846153846142,-3.631985457724094
5SI4-02,2019,48.67461538461538,-1.7952080706179068,144.61884615384616,-3.5974854577240944
5SI4-02,2020,12.224615384615362,0.05741488020176533,-51.67115384615386,0.0035551758847209847
5SI4-02,2021,-92.94538461538463,1.3002017654476674,4.098846153846125,-0.05715212439076067
5SI4-02,2022,-31.935384615384635,0.9100378310214374,-30.381153846153865,-0.738485457724094
5SI4-02,2023,-98.57538461538462,2.703480453972258,18.18884615384613,-1.964735457724094
5SI4-03,2008,83.03461538461539,-0.9414375788146288,-46.08115384615385,-3.257023336511973
5SI4-03,2009,-71.72538461538463,-0.4602900378310224,-38.17115384615386,-0.6378187910574278
5SI4-03,2010,32.034615384615364,-0.057667087011349594,15.078846153846143,-0.6361521243907609
5SI4-03,2011,12.414615384615388,-0.8920933165195457,-3.6011538461538635,-2.900152124390761
5SI4-03,2012,22.42461538461538,2.33643127364439,32.98884615384614,4.919092365967366
5SI4-03,2013,58.29461538461538,-1.6112736443883975,26.148846153846137,-2.485985457724094
5SI4-03,2014,114.42461538461538,-0.21422446406052842,-75.44115384615387,-2.5798187910574275
5SI4-03,2015,12.044615384615383,-0.750453972257251,-80.38115384615386,0.9239312089425722
5SI4-03,2016,51.6546153846154,1.0643001261034044,59.368846153846135,0.8225634403475315
5SI4-03,2017,-36.905384615384605,0.07823455233291554,8.48884615384614,1.110847875609239
5SI4-03,2018,207.7146153846154,2.1128247162673404,29.048846153846142,-3.631985457724094
5SI4-03,2019,48.67461538461538,-1.7952080706179068,144.61884615384616,-3.5974854577240944
5SI4-03,2020,12.224615384615362,0.05741488020176533,-51.67115384615386,0.0035551758847209847
5SI4-03,2021,-92.94538461538463,1.3002017654476674,4.098846153846125,-0.05715212439076067
5SI4-03,2022,-31.935384615384635,0.9100378310214374,-30.381153846153865,-0.738485457724094
5SI4-03,2023,-98.57538461538462,2.703480453972258,18.18884615384613,-1.964735457724094
5SI4-05,2008,83.03461538461539,-0.9414375788146288,-46.08115384615385,-3.257023336511973
5SI4-05,2009,-71.72538461538463,-0.4602900378310224,-38.17115384615386,-0.6378187910574278
5SI4-05,2010,32.034615384615364,-0.057667087011349594,15.078846153846143,-0.6361521243907609
5SI4-05,2011,12.414615384615388,-0.8920933165195457,-3.6011538461538635,-2.900152124390761
5SI4-05,2012,22.42461538461538,2.33643127364439,32.98884615384614,4.919092365967366
5SI4-05,2013,58.29461538461538,-1.6112736443883975,26.148846153846137,-2.485985457724094
5SI4-05,2014,114.42461538461538,-0.21422446406052842,-75.44115384615387,-2.5798187910574275
5SI4-05,2015,12.044615384615383,-0.750453972257251,-80.38115384615386,0.9239312089425722
5SI4-05,2016,51.6546153846154,1.0643001261034044,59.368846153846135,0.8225634403475315
5SI4-05,2017,-36.905384615384605,0.07823455233291554,8.48884615384614,1.110847875609239
5SI4-05,2018,207.7146153846154,2.1128247162673404,29.048846153846142,-3.631985457724094
5SI4-05,2019,48.67461538461538,-1.7952080706179068,144.61884615384616,-3.5974854577240944
5SI4-05,2020,12.224615384615362,0.05741488020176533,-51.67115384615386,0.0035551758847209847
5SI4-05,2021,-92.94538461538463,1.3002017654476674,4.098846153846125,-0.05715212439076067
5SI4-05,2022,-31.935384615384635,0.9100378310214374,-30.381153846153865,-0.738485457724094
5SI4-05,2023,-98.57538461538462,2.703480453972258,18.18884615384613,-1.964735457724094
